INSERT INTO vivero(id_vivero,nombre_vivero,calle,numero_exterior,cp,fecha_apertura) VALUES (1,'Edgeclub','Roth',38,2847,'2022-03-05');
INSERT INTO vivero(id_vivero,nombre_vivero,calle,numero_exterior,cp,fecha_apertura) VALUES (2,'Photofeed','Northwestern',81761,641,'2022-02-09');
INSERT INTO vivero(id_vivero,nombre_vivero,calle,numero_exterior,cp,fecha_apertura) VALUES (3,'Quinu','Iowa',6,13,'2022-07-21');
INSERT INTO vivero(id_vivero,nombre_vivero,calle,numero_exterior,cp,fecha_apertura) VALUES (4,'Youtags','Judy',2474,80317,'2021-12-30');
INSERT INTO vivero(id_vivero,nombre_vivero,calle,numero_exterior,cp,fecha_apertura) VALUES (5,'Jabbercube','Oakridge',2299,281,'2022-01-07');
INSERT INTO vivero(id_vivero,nombre_vivero,calle,numero_exterior,cp,fecha_apertura) VALUES (6,'Aivee','Melody',2,1274,'2021-11-22');
INSERT INTO vivero(id_vivero,nombre_vivero,calle,numero_exterior,cp,fecha_apertura) VALUES (7,'Riffpath','Kensington',1,26,'2022-01-19');
INSERT INTO vivero(id_vivero,nombre_vivero,calle,numero_exterior,cp,fecha_apertura) VALUES (8,'Avamm','Fuller',386,894,'2022-05-15');
INSERT INTO vivero(id_vivero,nombre_vivero,calle,numero_exterior,cp,fecha_apertura) VALUES (9,'Yodel','Ludington',166,80,'2022-10-25');
INSERT INTO vivero(id_vivero,nombre_vivero,calle,numero_exterior,cp,fecha_apertura) VALUES (10,'Zooxo','Rusk',14,1109,'2021-11-21');
INSERT INTO vivero(id_vivero,nombre_vivero,calle,numero_exterior,cp,fecha_apertura) VALUES (11,'Tavu','Sommers',7,4098,'2022-09-21');
INSERT INTO vivero(id_vivero,nombre_vivero,calle,numero_exterior,cp,fecha_apertura) VALUES (12,'Fliptune','Randy',6971,9,'2022-02-12');
INSERT INTO vivero(id_vivero,nombre_vivero,calle,numero_exterior,cp,fecha_apertura) VALUES (13,'Yozio','Linden',79470,06,'2022-02-08');
INSERT INTO vivero(id_vivero,nombre_vivero,calle,numero_exterior,cp,fecha_apertura) VALUES (14,'Yadel','Garrison',26,24,'2022-09-30');
INSERT INTO vivero(id_vivero,nombre_vivero,calle,numero_exterior,cp,fecha_apertura) VALUES (15,'Riffpedia','Dovetail',538,849,'2022-07-30');
INSERT INTO vivero(id_vivero,nombre_vivero,calle,numero_exterior,cp,fecha_apertura) VALUES (16,'Rhyzio','Northland',9,458,'2022-01-15');
INSERT INTO vivero(id_vivero,nombre_vivero,calle,numero_exterior,cp,fecha_apertura) VALUES (17,'Divanoodle','Moose',26667,48,'2022-02-24');
INSERT INTO vivero(id_vivero,nombre_vivero,calle,numero_exterior,cp,fecha_apertura) VALUES (18,'Thoughtstorm','Stephen',66,145,'2022-02-23');
INSERT INTO vivero(id_vivero,nombre_vivero,calle,numero_exterior,cp,fecha_apertura) VALUES (19,'Fadeo','Anhalt',9,5,'2021-11-22');
INSERT INTO vivero(id_vivero,nombre_vivero,calle,numero_exterior,cp,fecha_apertura) VALUES (20,'Topdrive','Arkansas',69910,6,'2022-09-22');
INSERT INTO vivero(id_vivero,nombre_vivero,calle,numero_exterior,cp,fecha_apertura) VALUES (21,'Rhybox','Lawn',9,8,'2022-09-05');
INSERT INTO vivero(id_vivero,nombre_vivero,calle,numero_exterior,cp,fecha_apertura) VALUES (22,'Flashspan','Pine View',641,5,'2022-04-11');
INSERT INTO vivero(id_vivero,nombre_vivero,calle,numero_exterior,cp,fecha_apertura) VALUES (23,'Meetz','Vidon',9812,58339,'2022-07-08');
INSERT INTO vivero(id_vivero,nombre_vivero,calle,numero_exterior,cp,fecha_apertura) VALUES (24,'Shufflester','Derek',85381,5733,'2022-06-07');
INSERT INTO vivero(id_vivero,nombre_vivero,calle,numero_exterior,cp,fecha_apertura) VALUES (25,'Browsetype','Manitowish',972,600,'2021-12-29');
INSERT INTO vivero(id_vivero,nombre_vivero,calle,numero_exterior,cp,fecha_apertura) VALUES (26,'Babblestorm','Packers',5,99,'2022-03-20');
INSERT INTO vivero(id_vivero,nombre_vivero,calle,numero_exterior,cp,fecha_apertura) VALUES (27,'Skidoo','Kingsford',940,97105,'2022-06-25');
INSERT INTO vivero(id_vivero,nombre_vivero,calle,numero_exterior,cp,fecha_apertura) VALUES (28,'Fivebridge','Knutson',736,00,'2022-05-09');
INSERT INTO vivero(id_vivero,nombre_vivero,calle,numero_exterior,cp,fecha_apertura) VALUES (29,'Izio','Roth',310,085,'2022-02-03');
INSERT INTO vivero(id_vivero,nombre_vivero,calle,numero_exterior,cp,fecha_apertura) VALUES (30,'Dynabox','East',25,25,'2022-07-16');
INSERT INTO vivero(id_vivero,nombre_vivero,calle,numero_exterior,cp,fecha_apertura) VALUES (31,'Twimm','Monica',4,66496,'2022-11-18');
INSERT INTO vivero(id_vivero,nombre_vivero,calle,numero_exterior,cp,fecha_apertura) VALUES (32,'Twimbo','Rowland',55,76813,'2022-11-14');
INSERT INTO vivero(id_vivero,nombre_vivero,calle,numero_exterior,cp,fecha_apertura) VALUES (33,'Jaxspan','Quincy',55220,91301,'2022-05-03');
INSERT INTO vivero(id_vivero,nombre_vivero,calle,numero_exterior,cp,fecha_apertura) VALUES (34,'Blogtag','Stuart',2733,44,'2022-10-19');
INSERT INTO vivero(id_vivero,nombre_vivero,calle,numero_exterior,cp,fecha_apertura) VALUES (35,'Browsebug','Farragut',88,86464,'2021-11-19');
INSERT INTO vivero(id_vivero,nombre_vivero,calle,numero_exterior,cp,fecha_apertura) VALUES (36,'Cogidoo','Kingsford',83832,07,'2021-12-26');
INSERT INTO vivero(id_vivero,nombre_vivero,calle,numero_exterior,cp,fecha_apertura) VALUES (37,'Realfire','Pankratz',74,38899,'2022-07-09');
INSERT INTO vivero(id_vivero,nombre_vivero,calle,numero_exterior,cp,fecha_apertura) VALUES (38,'Kanoodle','Moose',0,3,'2022-08-13');
INSERT INTO vivero(id_vivero,nombre_vivero,calle,numero_exterior,cp,fecha_apertura) VALUES (39,'Kazio','Clemons',34,111,'2021-12-04');
INSERT INTO vivero(id_vivero,nombre_vivero,calle,numero_exterior,cp,fecha_apertura) VALUES (40,'Quire','Mosinee',475,6196,'2022-07-13');
INSERT INTO vivero(id_vivero,nombre_vivero,calle,numero_exterior,cp,fecha_apertura) VALUES (41,'Voonder','Alpine',523,21,'2022-07-20');
INSERT INTO vivero(id_vivero,nombre_vivero,calle,numero_exterior,cp,fecha_apertura) VALUES (42,'Yoveo','South',8,9354,'2022-05-21');
INSERT INTO vivero(id_vivero,nombre_vivero,calle,numero_exterior,cp,fecha_apertura) VALUES (43,'Twiyo','Grasskamp',5,285,'2022-07-18');
INSERT INTO vivero(id_vivero,nombre_vivero,calle,numero_exterior,cp,fecha_apertura) VALUES (44,'Gevee','Hermina',127,95586,'2022-02-04');
INSERT INTO vivero(id_vivero,nombre_vivero,calle,numero_exterior,cp,fecha_apertura) VALUES (45,'Youfeed','Dexter',236,6,'2022-07-18');
INSERT INTO vivero(id_vivero,nombre_vivero,calle,numero_exterior,cp,fecha_apertura) VALUES (46,'Meemm','Brickson Park',8249,19,'2021-12-21');
INSERT INTO vivero(id_vivero,nombre_vivero,calle,numero_exterior,cp,fecha_apertura) VALUES (47,'Babbleblab','Northridge',109,2862,'2022-11-02');
INSERT INTO vivero(id_vivero,nombre_vivero,calle,numero_exterior,cp,fecha_apertura) VALUES (48,'Jaxworks','Darwin',210,64,'2022-09-28');
INSERT INTO vivero(id_vivero,nombre_vivero,calle,numero_exterior,cp,fecha_apertura) VALUES (49,'Wordpedia','Londonderry',22244,137,'2022-02-01');
INSERT INTO vivero(id_vivero,nombre_vivero,calle,numero_exterior,cp,fecha_apertura) VALUES (50,'Gabspot','Tennessee',96,09,'2022-07-08');
INSERT INTO vivero(id_vivero,nombre_vivero,calle,numero_exterior,cp,fecha_apertura) VALUES (51,'Omba','Corben',39417,11133,'2022-11-03');
INSERT INTO vivero(id_vivero,nombre_vivero,calle,numero_exterior,cp,fecha_apertura) VALUES (52,'Rhynyx','Annamark',91174,8,'2022-03-12');
INSERT INTO vivero(id_vivero,nombre_vivero,calle,numero_exterior,cp,fecha_apertura) VALUES (53,'Quatz','Red Cloud',11129,7,'2022-10-04');
INSERT INTO vivero(id_vivero,nombre_vivero,calle,numero_exterior,cp,fecha_apertura) VALUES (54,'Podcat','Mcguire',92,0,'2022-10-31');
INSERT INTO vivero(id_vivero,nombre_vivero,calle,numero_exterior,cp,fecha_apertura) VALUES (55,'Voonder','Texas',68417,291,'2022-02-12');
INSERT INTO vivero(id_vivero,nombre_vivero,calle,numero_exterior,cp,fecha_apertura) VALUES (56,'Youspan','7th',5682,4003,'2022-03-18');
INSERT INTO vivero(id_vivero,nombre_vivero,calle,numero_exterior,cp,fecha_apertura) VALUES (57,'Browsecat','Clove',0829,40,'2022-05-11');
INSERT INTO vivero(id_vivero,nombre_vivero,calle,numero_exterior,cp,fecha_apertura) VALUES (58,'Cogilith','Mcbride',059,4937,'2021-12-16');
INSERT INTO vivero(id_vivero,nombre_vivero,calle,numero_exterior,cp,fecha_apertura) VALUES (59,'Devpoint','Redwing',20,810,'2022-03-16');
INSERT INTO vivero(id_vivero,nombre_vivero,calle,numero_exterior,cp,fecha_apertura) VALUES (60,'Quire','Sullivan',20,97,'2022-02-24');
INSERT INTO vivero(id_vivero,nombre_vivero,calle,numero_exterior,cp,fecha_apertura) VALUES (61,'Browsezoom','Sugar',4,742,'2022-11-07');
INSERT INTO vivero(id_vivero,nombre_vivero,calle,numero_exterior,cp,fecha_apertura) VALUES (62,'Mynte','Dunning',24,4,'2022-01-08');
INSERT INTO vivero(id_vivero,nombre_vivero,calle,numero_exterior,cp,fecha_apertura) VALUES (63,'Voomm','Haas',4,380,'2022-05-03');
INSERT INTO vivero(id_vivero,nombre_vivero,calle,numero_exterior,cp,fecha_apertura) VALUES (64,'Jetpulse','Arrowood',4,9,'2022-04-27');
INSERT INTO vivero(id_vivero,nombre_vivero,calle,numero_exterior,cp,fecha_apertura) VALUES (65,'Topdrive','Lillian',07,40879,'2022-10-24');
INSERT INTO vivero(id_vivero,nombre_vivero,calle,numero_exterior,cp,fecha_apertura) VALUES (66,'Zava','Redwing',5,40,'2022-09-24');
INSERT INTO vivero(id_vivero,nombre_vivero,calle,numero_exterior,cp,fecha_apertura) VALUES (67,'Twitternation','Kings',8855,6,'2022-05-28');
INSERT INTO vivero(id_vivero,nombre_vivero,calle,numero_exterior,cp,fecha_apertura) VALUES (68,'Eayo','Sauthoff',36,0979,'2022-03-20');
INSERT INTO vivero(id_vivero,nombre_vivero,calle,numero_exterior,cp,fecha_apertura) VALUES (69,'Realmix','Meadow Ridge',79168,071,'2022-01-21');
INSERT INTO vivero(id_vivero,nombre_vivero,calle,numero_exterior,cp,fecha_apertura) VALUES (70,'Yodoo','Forster',9,69201,'2022-02-14');
INSERT INTO vivero(id_vivero,nombre_vivero,calle,numero_exterior,cp,fecha_apertura) VALUES (71,'Latz','Dunning',2577,5,'2021-11-21');
INSERT INTO vivero(id_vivero,nombre_vivero,calle,numero_exterior,cp,fecha_apertura) VALUES (72,'Trudeo','Talisman',1,7,'2021-11-29');
INSERT INTO vivero(id_vivero,nombre_vivero,calle,numero_exterior,cp,fecha_apertura) VALUES (73,'Npath','Mallard',9,640,'2022-01-09');
INSERT INTO vivero(id_vivero,nombre_vivero,calle,numero_exterior,cp,fecha_apertura) VALUES (74,'Aimbo','West',1397,3,'2022-06-28');
INSERT INTO vivero(id_vivero,nombre_vivero,calle,numero_exterior,cp,fecha_apertura) VALUES (75,'Twitternation','Golf',96040,00,'2022-04-26');
INSERT INTO vivero(id_vivero,nombre_vivero,calle,numero_exterior,cp,fecha_apertura) VALUES (76,'Dabtype','Reindahl',33032,04587,'2022-04-21');
INSERT INTO vivero(id_vivero,nombre_vivero,calle,numero_exterior,cp,fecha_apertura) VALUES (77,'Tagpad','Hooker',29,58,'2022-06-06');
INSERT INTO vivero(id_vivero,nombre_vivero,calle,numero_exterior,cp,fecha_apertura) VALUES (78,'Quimm','Magdeline',2475,506,'2022-07-04');
INSERT INTO vivero(id_vivero,nombre_vivero,calle,numero_exterior,cp,fecha_apertura) VALUES (79,'Mybuzz','Moland',0297,886,'2022-08-10');
INSERT INTO vivero(id_vivero,nombre_vivero,calle,numero_exterior,cp,fecha_apertura) VALUES (80,'Leenti','Golden Leaf',6,66,'2022-06-10');
INSERT INTO vivero(id_vivero,nombre_vivero,calle,numero_exterior,cp,fecha_apertura) VALUES (81,'Photobug','Morningstar',0096,0,'2022-07-05');
INSERT INTO vivero(id_vivero,nombre_vivero,calle,numero_exterior,cp,fecha_apertura) VALUES (82,'Mydeo','Cherokee',6485,128,'2022-05-22');
INSERT INTO vivero(id_vivero,nombre_vivero,calle,numero_exterior,cp,fecha_apertura) VALUES (83,'Tagfeed','Garrison',866,410,'2022-08-03');
INSERT INTO vivero(id_vivero,nombre_vivero,calle,numero_exterior,cp,fecha_apertura) VALUES (84,'Zoonoodle','Wayridge',3832,34,'2022-08-08');
INSERT INTO vivero(id_vivero,nombre_vivero,calle,numero_exterior,cp,fecha_apertura) VALUES (85,'Linklinks','Forest',3,5897,'2022-01-26');
INSERT INTO vivero(id_vivero,nombre_vivero,calle,numero_exterior,cp,fecha_apertura) VALUES (86,'Midel','Reindahl',7,87,'2022-06-15');
INSERT INTO vivero(id_vivero,nombre_vivero,calle,numero_exterior,cp,fecha_apertura) VALUES (87,'Abata','Jackson',56,2,'2021-12-01');
INSERT INTO vivero(id_vivero,nombre_vivero,calle,numero_exterior,cp,fecha_apertura) VALUES (88,'Wordware','Nova',42,4890,'2022-03-13');
INSERT INTO vivero(id_vivero,nombre_vivero,calle,numero_exterior,cp,fecha_apertura) VALUES (89,'Dabtype','Laurel',509,17,'2022-02-23');
INSERT INTO vivero(id_vivero,nombre_vivero,calle,numero_exterior,cp,fecha_apertura) VALUES (90,'Trudeo','Marquette',397,08333,'2022-02-05');
INSERT INTO vivero(id_vivero,nombre_vivero,calle,numero_exterior,cp,fecha_apertura) VALUES (91,'Centidel','Coolidge',45,90163,'2022-03-25');
INSERT INTO vivero(id_vivero,nombre_vivero,calle,numero_exterior,cp,fecha_apertura) VALUES (92,'Riffwire','Mandrake',752,0,'2022-04-07');
INSERT INTO vivero(id_vivero,nombre_vivero,calle,numero_exterior,cp,fecha_apertura) VALUES (93,'Browsetype','Union',39,41,'2022-08-29');
INSERT INTO vivero(id_vivero,nombre_vivero,calle,numero_exterior,cp,fecha_apertura) VALUES (94,'Realcube','Colorado',9,16,'2022-10-12');
INSERT INTO vivero(id_vivero,nombre_vivero,calle,numero_exterior,cp,fecha_apertura) VALUES (95,'Twimbo','Sachtjen',786,0,'2022-08-14');
INSERT INTO vivero(id_vivero,nombre_vivero,calle,numero_exterior,cp,fecha_apertura) VALUES (96,'Browsebug','Jenna',1746,7,'2022-06-12');
INSERT INTO vivero(id_vivero,nombre_vivero,calle,numero_exterior,cp,fecha_apertura) VALUES (97,'Flipbug','Hoard',58,9,'2022-01-30');
INSERT INTO vivero(id_vivero,nombre_vivero,calle,numero_exterior,cp,fecha_apertura) VALUES (98,'Kamba','Clarendon',20652,28,'2022-01-13');
INSERT INTO vivero(id_vivero,nombre_vivero,calle,numero_exterior,cp,fecha_apertura) VALUES (99,'Demivee','Warbler',93780,36159,'2021-12-13');
INSERT INTO vivero(id_vivero,nombre_vivero,calle,numero_exterior,cp,fecha_apertura) VALUES (100,'Plambee','8th',113,3076,'2022-05-29');


INSERT INTO empleado(id_persona,numero_exterior,cp,calle,fecha_nacimiento,nombre,apellido_paterno,apellido_materno,salario,id_vivero) VALUES (1,49678,6,'Eagan','1905-11-11','Benji','Pitway','Geertsen',1871,1);
INSERT INTO empleado(id_persona,numero_exterior,cp,calle,fecha_nacimiento,nombre,apellido_paterno,apellido_materno,salario,id_vivero) VALUES (2,9,15,'Meadow Vale','1928-08-13','Nealon','Collingridge','Scranney',2249,2);
INSERT INTO empleado(id_persona,numero_exterior,cp,calle,fecha_nacimiento,nombre,apellido_paterno,apellido_materno,salario,id_vivero) VALUES (3,91104,17445,'Rusk','1966-09-06','Brook','Halvosen','Giorgini',3834,3);
INSERT INTO empleado(id_persona,numero_exterior,cp,calle,fecha_nacimiento,nombre,apellido_paterno,apellido_materno,salario,id_vivero) VALUES (4,2,58437,'Larry','1959-06-12','Chris','Hrus','Colliber',3309,4);
INSERT INTO empleado(id_persona,numero_exterior,cp,calle,fecha_nacimiento,nombre,apellido_paterno,apellido_materno,salario,id_vivero) VALUES (5,74371,68,'Waywood','1996-01-04','Aileen','Duffin','Berkeley',1040,5);
INSERT INTO empleado(id_persona,numero_exterior,cp,calle,fecha_nacimiento,nombre,apellido_paterno,apellido_materno,salario,id_vivero) VALUES (6,0,5693,'Michigan','1906-11-13','Reginauld','Volett','Barnardo',4770,6);
INSERT INTO empleado(id_persona,numero_exterior,cp,calle,fecha_nacimiento,nombre,apellido_paterno,apellido_materno,salario,id_vivero) VALUES (7,81,0687,'Luster','1938-12-27','Terrance','Tapsfield','Brodnecke',2826,7);
INSERT INTO empleado(id_persona,numero_exterior,cp,calle,fecha_nacimiento,nombre,apellido_paterno,apellido_materno,salario,id_vivero) VALUES (8,820,9307,'Rutledge','1951-10-11','Pyotr','Leverich','Whitaker',4261,8);
INSERT INTO empleado(id_persona,numero_exterior,cp,calle,fecha_nacimiento,nombre,apellido_paterno,apellido_materno,salario,id_vivero) VALUES (9,1,0,'Mendota','1961-04-01','Jeremiah','Rocks','Atwill',4755,9);
INSERT INTO empleado(id_persona,numero_exterior,cp,calle,fecha_nacimiento,nombre,apellido_paterno,apellido_materno,salario,id_vivero) VALUES (10,177,419,'Sunbrook','1975-08-20','Joyann','Foukx','Fieldgate',3147,10);
INSERT INTO empleado(id_persona,numero_exterior,cp,calle,fecha_nacimiento,nombre,apellido_paterno,apellido_materno,salario,id_vivero) VALUES (11,38,66,'Bonner','1955-03-24','Eliot','Ney','Dearle-Palser',3147,11);
INSERT INTO empleado(id_persona,numero_exterior,cp,calle,fecha_nacimiento,nombre,apellido_paterno,apellido_materno,salario,id_vivero) VALUES (12,773,9,'Calypso','1912-07-01','Mireielle','Eveque','Gilburt',1577,12);
INSERT INTO empleado(id_persona,numero_exterior,cp,calle,fecha_nacimiento,nombre,apellido_paterno,apellido_materno,salario,id_vivero) VALUES (13,43,85769,'Clove','1915-07-01','Mureil','Ertelt','Kenway',3980,13);
INSERT INTO empleado(id_persona,numero_exterior,cp,calle,fecha_nacimiento,nombre,apellido_paterno,apellido_materno,salario,id_vivero) VALUES (14,846,90937,'Bluejay','1972-12-12','Bartholomew','Stocker','Humburton',3751,14);
INSERT INTO empleado(id_persona,numero_exterior,cp,calle,fecha_nacimiento,nombre,apellido_paterno,apellido_materno,salario,id_vivero) VALUES (15,30786,9,'Pepper Wood','1984-12-04','Davy','Gawthorpe','Bust',1883,15);
INSERT INTO empleado(id_persona,numero_exterior,cp,calle,fecha_nacimiento,nombre,apellido_paterno,apellido_materno,salario,id_vivero) VALUES (16,92,52771,'Fuller','1941-03-08','Kristian','Yellowlee','Linnit',1961,16);
INSERT INTO empleado(id_persona,numero_exterior,cp,calle,fecha_nacimiento,nombre,apellido_paterno,apellido_materno,salario,id_vivero) VALUES (17,70586,20,'Lakewood Gardens','1922-09-27','Emmie','Laviss','Boyan',4981,17);
INSERT INTO empleado(id_persona,numero_exterior,cp,calle,fecha_nacimiento,nombre,apellido_paterno,apellido_materno,salario,id_vivero) VALUES (18,9721,25,'Anniversary','1920-06-10','Lewiss','Andrysek','Humpatch',4061,18);
INSERT INTO empleado(id_persona,numero_exterior,cp,calle,fecha_nacimiento,nombre,apellido_paterno,apellido_materno,salario,id_vivero) VALUES (19,185,63,'Eagle Crest','1908-07-23','Morry','Gartenfeld','Dimitresco',1867,19);
INSERT INTO empleado(id_persona,numero_exterior,cp,calle,fecha_nacimiento,nombre,apellido_paterno,apellido_materno,salario,id_vivero) VALUES (20,3,8029,'Merchant','1973-10-08','Janina','Witson','Clewley',3399,20);
INSERT INTO empleado(id_persona,numero_exterior,cp,calle,fecha_nacimiento,nombre,apellido_paterno,apellido_materno,salario,id_vivero) VALUES (21,2,7827,'Victoria','1990-04-15','Maurise','Poker','Moen',1352,21);
INSERT INTO empleado(id_persona,numero_exterior,cp,calle,fecha_nacimiento,nombre,apellido_paterno,apellido_materno,salario,id_vivero) VALUES (22,194,0,'Garrison','1989-05-23','Stafani','Bisiker','Rickardes',4873,22);
INSERT INTO empleado(id_persona,numero_exterior,cp,calle,fecha_nacimiento,nombre,apellido_paterno,apellido_materno,salario,id_vivero) VALUES (23,0702,0714,'Calypso','1988-11-06','Erny','Jiru','Dosdill',1693,23);
INSERT INTO empleado(id_persona,numero_exterior,cp,calle,fecha_nacimiento,nombre,apellido_paterno,apellido_materno,salario,id_vivero) VALUES (24,17,1816,'Swallow','1923-02-13','Jdavie','Medendorp','Bendelow',2104,24);
INSERT INTO empleado(id_persona,numero_exterior,cp,calle,fecha_nacimiento,nombre,apellido_paterno,apellido_materno,salario,id_vivero) VALUES (25,2761,6,'Sunbrook','1921-06-28','Ailene','Gommes','McKinlay',4022,25);
INSERT INTO empleado(id_persona,numero_exterior,cp,calle,fecha_nacimiento,nombre,apellido_paterno,apellido_materno,salario,id_vivero) VALUES (26,9813,7,'Cambridge','1982-04-16','Karissa','Leward','Oxnam',2150,26);
INSERT INTO empleado(id_persona,numero_exterior,cp,calle,fecha_nacimiento,nombre,apellido_paterno,apellido_materno,salario,id_vivero) VALUES (27,4859,4804,'Riverside','1988-06-05','Dieter','Bramall','Klees',4599,27);
INSERT INTO empleado(id_persona,numero_exterior,cp,calle,fecha_nacimiento,nombre,apellido_paterno,apellido_materno,salario,id_vivero) VALUES (28,00,024,'Menomonie','1946-08-27','Lebbie','Lacroutz','Addyman',3186,28);
INSERT INTO empleado(id_persona,numero_exterior,cp,calle,fecha_nacimiento,nombre,apellido_paterno,apellido_materno,salario,id_vivero) VALUES (29,700,980,'Mosinee','1983-09-09','Clementius','Olligan','Goodinge',4911,29);
INSERT INTO empleado(id_persona,numero_exterior,cp,calle,fecha_nacimiento,nombre,apellido_paterno,apellido_materno,salario,id_vivero) VALUES (30,5,522,'Onsgard','1968-01-15','Oswald','Serfati','Camerello',4562,30);
INSERT INTO empleado(id_persona,numero_exterior,cp,calle,fecha_nacimiento,nombre,apellido_paterno,apellido_materno,salario,id_vivero) VALUES (31,9,7,'Waywood','1918-01-11','Miranda','Avison','Feavearyear',2194,31);
INSERT INTO empleado(id_persona,numero_exterior,cp,calle,fecha_nacimiento,nombre,apellido_paterno,apellido_materno,salario,id_vivero) VALUES (32,8780,1412,'Dixon','1915-02-22','Dino','Tilburn','Teodorski',3435,32);
INSERT INTO empleado(id_persona,numero_exterior,cp,calle,fecha_nacimiento,nombre,apellido_paterno,apellido_materno,salario,id_vivero) VALUES (33,4247,321,'Scofield','1954-07-24','Danya','Wingatt','Swindle',3525,33);
INSERT INTO empleado(id_persona,numero_exterior,cp,calle,fecha_nacimiento,nombre,apellido_paterno,apellido_materno,salario,id_vivero) VALUES (34,75,0,'Pepper Wood','1936-06-13','Maudie','Arnely','Riceards',2899,34);
INSERT INTO empleado(id_persona,numero_exterior,cp,calle,fecha_nacimiento,nombre,apellido_paterno,apellido_materno,salario,id_vivero) VALUES (35,116,05,'Pearson','1945-06-06','Dar','Regis','Hebbron',1163,35);
INSERT INTO empleado(id_persona,numero_exterior,cp,calle,fecha_nacimiento,nombre,apellido_paterno,apellido_materno,salario,id_vivero) VALUES (36,383,7,'Carberry','1969-04-07','Flss','Pagitt','Lauritsen',4609,36);
INSERT INTO empleado(id_persona,numero_exterior,cp,calle,fecha_nacimiento,nombre,apellido_paterno,apellido_materno,salario,id_vivero) VALUES (37,9190,1893,'Melrose','1927-09-14','Leigh','Kermon','Mumbray',4243,37);
INSERT INTO empleado(id_persona,numero_exterior,cp,calle,fecha_nacimiento,nombre,apellido_paterno,apellido_materno,salario,id_vivero) VALUES (38,9,179,'Farmco','1950-11-27','Abagail','Lackham','Di Baudi',1601,38);
INSERT INTO empleado(id_persona,numero_exterior,cp,calle,fecha_nacimiento,nombre,apellido_paterno,apellido_materno,salario,id_vivero) VALUES (39,440,3,'John Wall','1912-12-16','Anna-diane','Skittrell','Chiddy',4770,39);
INSERT INTO empleado(id_persona,numero_exterior,cp,calle,fecha_nacimiento,nombre,apellido_paterno,apellido_materno,salario,id_vivero) VALUES (40,3,0,'Havey','1970-10-17','Gray','Trent','Verrill',1535,40);
INSERT INTO empleado(id_persona,numero_exterior,cp,calle,fecha_nacimiento,nombre,apellido_paterno,apellido_materno,salario,id_vivero) VALUES (41,8191,9608,'Maple','1969-05-18','Kerrin','Palfrie','Blofeld',1835,41);
INSERT INTO empleado(id_persona,numero_exterior,cp,calle,fecha_nacimiento,nombre,apellido_paterno,apellido_materno,salario,id_vivero) VALUES (42,3,4,'Southridge','1929-07-07','Heriberto','Halgarth','Muschette',3057,42);
INSERT INTO empleado(id_persona,numero_exterior,cp,calle,fecha_nacimiento,nombre,apellido_paterno,apellido_materno,salario,id_vivero) VALUES (43,87,51582,'Browning','1947-05-02','Madelyn','Challoner','Boag',4364,43);
INSERT INTO empleado(id_persona,numero_exterior,cp,calle,fecha_nacimiento,nombre,apellido_paterno,apellido_materno,salario,id_vivero) VALUES (44,682,14507,'Monterey','1913-06-08','Vinnie','Pletts','Lounds',2611,44);
INSERT INTO empleado(id_persona,numero_exterior,cp,calle,fecha_nacimiento,nombre,apellido_paterno,apellido_materno,salario,id_vivero) VALUES (45,41556,62,'Warbler','1934-01-28','Margaretta','Labrenz','Pidgeley',4858,45);
INSERT INTO empleado(id_persona,numero_exterior,cp,calle,fecha_nacimiento,nombre,apellido_paterno,apellido_materno,salario,id_vivero) VALUES (46,77851,77,'Park Meadow','1922-10-11','Lay','Piris','Cathersides',4072,46);
INSERT INTO empleado(id_persona,numero_exterior,cp,calle,fecha_nacimiento,nombre,apellido_paterno,apellido_materno,salario,id_vivero) VALUES (47,1,94,'Center','1963-11-30','Lyndell','Chatfield','Perez',3815,47);
INSERT INTO empleado(id_persona,numero_exterior,cp,calle,fecha_nacimiento,nombre,apellido_paterno,apellido_materno,salario,id_vivero) VALUES (48,11119,58,'Old Shore','1936-08-27','Hanna','Dutnell','Martinetto',2237,48);
INSERT INTO empleado(id_persona,numero_exterior,cp,calle,fecha_nacimiento,nombre,apellido_paterno,apellido_materno,salario,id_vivero) VALUES (49,3582,57,'Morrow','1966-02-22','Lyon','Janousek','Cluer',4570,49);
INSERT INTO empleado(id_persona,numero_exterior,cp,calle,fecha_nacimiento,nombre,apellido_paterno,apellido_materno,salario,id_vivero) VALUES (50,0876,75,'Rutledge','1976-01-26','Idette','Zmitrovich','Lindstedt',4437,50);
INSERT INTO empleado(id_persona,numero_exterior,cp,calle,fecha_nacimiento,nombre,apellido_paterno,apellido_materno,salario,id_vivero) VALUES (51,906,91,'Talmadge','1966-02-01','Andy','Knewstub','Sharple',1878,51);
INSERT INTO empleado(id_persona,numero_exterior,cp,calle,fecha_nacimiento,nombre,apellido_paterno,apellido_materno,salario,id_vivero) VALUES (52,693,49641,'Columbus','1930-05-18','Dori','Snowling','Moizer',2494,52);
INSERT INTO empleado(id_persona,numero_exterior,cp,calle,fecha_nacimiento,nombre,apellido_paterno,apellido_materno,salario,id_vivero) VALUES (53,92,47227,'Rockefeller','1944-05-02','Katuscha','Pietesch','Giddens',4425,53);
INSERT INTO empleado(id_persona,numero_exterior,cp,calle,fecha_nacimiento,nombre,apellido_paterno,apellido_materno,salario,id_vivero) VALUES (54,3,6641,'Moose','1902-01-21','Euell','McCrostie','Rawlin',4429,54);
INSERT INTO empleado(id_persona,numero_exterior,cp,calle,fecha_nacimiento,nombre,apellido_paterno,apellido_materno,salario,id_vivero) VALUES (55,4,756,'Dennis','1909-12-01','Jedd','Boate','Skipsea',3107,55);
INSERT INTO empleado(id_persona,numero_exterior,cp,calle,fecha_nacimiento,nombre,apellido_paterno,apellido_materno,salario,id_vivero) VALUES (56,488,02173,'Manley','1962-08-09','Andriette','Aronin','Karlsen',3591,56);
INSERT INTO empleado(id_persona,numero_exterior,cp,calle,fecha_nacimiento,nombre,apellido_paterno,apellido_materno,salario,id_vivero) VALUES (57,639,7105,'Bartillon','1948-05-17','Cicily','Darcey','Ionnidis',1677,57);
INSERT INTO empleado(id_persona,numero_exterior,cp,calle,fecha_nacimiento,nombre,apellido_paterno,apellido_materno,salario,id_vivero) VALUES (58,77015,3,'Moland','1935-03-21','Alexis','Habbema','Haighton',1106,58);
INSERT INTO empleado(id_persona,numero_exterior,cp,calle,fecha_nacimiento,nombre,apellido_paterno,apellido_materno,salario,id_vivero) VALUES (59,43,314,'Schmedeman','1998-07-26','Ivy','Sodor','Scolland',2545,59);
INSERT INTO empleado(id_persona,numero_exterior,cp,calle,fecha_nacimiento,nombre,apellido_paterno,apellido_materno,salario,id_vivero) VALUES (60,79,27,'Bayside','1922-01-07','Matt','Figgs','Shand',4055,60);
INSERT INTO empleado(id_persona,numero_exterior,cp,calle,fecha_nacimiento,nombre,apellido_paterno,apellido_materno,salario,id_vivero) VALUES (61,9777,79865,'Raven','1995-04-01','Andrea','Dionis','Saffrin',2299,61);
INSERT INTO empleado(id_persona,numero_exterior,cp,calle,fecha_nacimiento,nombre,apellido_paterno,apellido_materno,salario,id_vivero) VALUES (62,737,0709,'Morningstar','1973-10-28','Fidelia','Ingliss','Stamper',4201,62);
INSERT INTO empleado(id_persona,numero_exterior,cp,calle,fecha_nacimiento,nombre,apellido_paterno,apellido_materno,salario,id_vivero) VALUES (63,99182,481,'Truax','1992-01-05','Enos','Hemmingway','Hatwell',1220,63);
INSERT INTO empleado(id_persona,numero_exterior,cp,calle,fecha_nacimiento,nombre,apellido_paterno,apellido_materno,salario,id_vivero) VALUES (64,9,131,'Sheridan','1948-11-10','Alta','Salthouse','Koche',2348,64);
INSERT INTO empleado(id_persona,numero_exterior,cp,calle,fecha_nacimiento,nombre,apellido_paterno,apellido_materno,salario,id_vivero) VALUES (65,084,8894,'Carioca','1916-02-15','Angelika','Oxe','Kabos',3737,65);
INSERT INTO empleado(id_persona,numero_exterior,cp,calle,fecha_nacimiento,nombre,apellido_paterno,apellido_materno,salario,id_vivero) VALUES (66,8152,5,'Shasta','1937-10-18','Collete','Gogay','Millea',4631,66);
INSERT INTO empleado(id_persona,numero_exterior,cp,calle,fecha_nacimiento,nombre,apellido_paterno,apellido_materno,salario,id_vivero) VALUES (67,2,9,'Sachtjen','1911-12-10','Margaret','Whapple','Stollard',1871,67);
INSERT INTO empleado(id_persona,numero_exterior,cp,calle,fecha_nacimiento,nombre,apellido_paterno,apellido_materno,salario,id_vivero) VALUES (68,84779,00569,'Fairfield','1922-11-15','June','Chamberlen','Crudge',3697,68);
INSERT INTO empleado(id_persona,numero_exterior,cp,calle,fecha_nacimiento,nombre,apellido_paterno,apellido_materno,salario,id_vivero) VALUES (69,8,7,'Memorial','1982-02-26','Giselle','Janeczek','Bysshe',2153,69);
INSERT INTO empleado(id_persona,numero_exterior,cp,calle,fecha_nacimiento,nombre,apellido_paterno,apellido_materno,salario,id_vivero) VALUES (70,62,46820,'Mitchell','1992-05-13','Stevie','Varndall','Sarfat',3317,70);
INSERT INTO empleado(id_persona,numero_exterior,cp,calle,fecha_nacimiento,nombre,apellido_paterno,apellido_materno,salario,id_vivero) VALUES (71,1,2439,'Montana','1916-07-30','Malinda','Maylin','Cardero',3409,71);
INSERT INTO empleado(id_persona,numero_exterior,cp,calle,fecha_nacimiento,nombre,apellido_paterno,apellido_materno,salario,id_vivero) VALUES (72,2776,6390,'Moland','1993-08-23','Hewet','Foulger','O''Brogan',3651,72);
INSERT INTO empleado(id_persona,numero_exterior,cp,calle,fecha_nacimiento,nombre,apellido_paterno,apellido_materno,salario,id_vivero) VALUES (73,6,61,'Tomscot','1958-03-17','Tedman','Bracey','Chasen',1132,73);
INSERT INTO empleado(id_persona,numero_exterior,cp,calle,fecha_nacimiento,nombre,apellido_paterno,apellido_materno,salario,id_vivero) VALUES (74,109,9253,'Alpine','1956-04-29','Graehme','Colenutt','Pittle',1506,74);
INSERT INTO empleado(id_persona,numero_exterior,cp,calle,fecha_nacimiento,nombre,apellido_paterno,apellido_materno,salario,id_vivero) VALUES (75,586,70764,'Mifflin','1993-10-28','Nerti','MacFarland','Fox',4815,75);
INSERT INTO empleado(id_persona,numero_exterior,cp,calle,fecha_nacimiento,nombre,apellido_paterno,apellido_materno,salario,id_vivero) VALUES (76,6,222,'Bartillon','1950-01-25','Lucy','Tumini','Poile',1904,76);
INSERT INTO empleado(id_persona,numero_exterior,cp,calle,fecha_nacimiento,nombre,apellido_paterno,apellido_materno,salario,id_vivero) VALUES (77,3199,50,'Coleman','1901-03-13','Neddie','Marven','Truce',1061,77);
INSERT INTO empleado(id_persona,numero_exterior,cp,calle,fecha_nacimiento,nombre,apellido_paterno,apellido_materno,salario,id_vivero) VALUES (78,1180,41,'Clemons','1926-11-17','Ham','Mc Gaughey','Critchard',1890,78);
INSERT INTO empleado(id_persona,numero_exterior,cp,calle,fecha_nacimiento,nombre,apellido_paterno,apellido_materno,salario,id_vivero) VALUES (79,71749,7,'Buell','1929-06-12','Drucie','Zanni','Tydeman',1603,79);
INSERT INTO empleado(id_persona,numero_exterior,cp,calle,fecha_nacimiento,nombre,apellido_paterno,apellido_materno,salario,id_vivero) VALUES (80,960,15200,'Sage','1975-10-23','Dan','Brobyn','Slowly',3136,80);
INSERT INTO empleado(id_persona,numero_exterior,cp,calle,fecha_nacimiento,nombre,apellido_paterno,apellido_materno,salario,id_vivero) VALUES (81,30,46466,'Macpherson','1952-10-18','Fionna','Gorsse','Hounsom',2545,81);
INSERT INTO empleado(id_persona,numero_exterior,cp,calle,fecha_nacimiento,nombre,apellido_paterno,apellido_materno,salario,id_vivero) VALUES (82,9775,0,'Schurz','1963-03-19','Allin','Korneichik','Whyley',4854,82);
INSERT INTO empleado(id_persona,numero_exterior,cp,calle,fecha_nacimiento,nombre,apellido_paterno,apellido_materno,salario,id_vivero) VALUES (83,9342,56358,'Debra','1988-07-18','Guthry','Boscher','Minigo',1838,83);
INSERT INTO empleado(id_persona,numero_exterior,cp,calle,fecha_nacimiento,nombre,apellido_paterno,apellido_materno,salario,id_vivero) VALUES (84,64,66,'Lake View','1915-06-17','Griswold','Fawcett','Birchenhead',2355,84);
INSERT INTO empleado(id_persona,numero_exterior,cp,calle,fecha_nacimiento,nombre,apellido_paterno,apellido_materno,salario,id_vivero) VALUES (85,2523,9,'Center','1951-11-07','Grantley','Olufsen','Jereatt',2913,85);
INSERT INTO empleado(id_persona,numero_exterior,cp,calle,fecha_nacimiento,nombre,apellido_paterno,apellido_materno,salario,id_vivero) VALUES (86,01,95952,'Kipling','1940-03-09','Shawnee','Maude','Parkinson',2489,86);
INSERT INTO empleado(id_persona,numero_exterior,cp,calle,fecha_nacimiento,nombre,apellido_paterno,apellido_materno,salario,id_vivero) VALUES (87,7,0,'Maple','1976-12-28','Kikelia','Coveney','Cowen',4968,87);
INSERT INTO empleado(id_persona,numero_exterior,cp,calle,fecha_nacimiento,nombre,apellido_paterno,apellido_materno,salario,id_vivero) VALUES (88,6,49,'Corry','1942-06-07','Brandais','Reichert','MacIlraith',3335,88);
INSERT INTO empleado(id_persona,numero_exterior,cp,calle,fecha_nacimiento,nombre,apellido_paterno,apellido_materno,salario,id_vivero) VALUES (89,3,41987,'Loomis','1979-09-28','Randy','Paulig','Bilsland',4272,89);
INSERT INTO empleado(id_persona,numero_exterior,cp,calle,fecha_nacimiento,nombre,apellido_paterno,apellido_materno,salario,id_vivero) VALUES (90,6,31,'Mandrake','1966-11-07','Say','Errington','Blaine',2523,90);
INSERT INTO empleado(id_persona,numero_exterior,cp,calle,fecha_nacimiento,nombre,apellido_paterno,apellido_materno,salario,id_vivero) VALUES (91,776,29,'Bartelt','1935-07-19','Christalle','Jenk','Bidder',1929,91);
INSERT INTO empleado(id_persona,numero_exterior,cp,calle,fecha_nacimiento,nombre,apellido_paterno,apellido_materno,salario,id_vivero) VALUES (92,92798,34,'Mendota','1984-12-05','Brianne','Gammage','Fallis',3160,92);
INSERT INTO empleado(id_persona,numero_exterior,cp,calle,fecha_nacimiento,nombre,apellido_paterno,apellido_materno,salario,id_vivero) VALUES (93,9,69834,'Dapin','1997-10-12','Bartholomeus','Van der Brug','Grogono',2294,93);
INSERT INTO empleado(id_persona,numero_exterior,cp,calle,fecha_nacimiento,nombre,apellido_paterno,apellido_materno,salario,id_vivero) VALUES (94,6445,1097,'Hagan','1951-12-10','Allyson','Mursell','Bottinelli',3969,94);
INSERT INTO empleado(id_persona,numero_exterior,cp,calle,fecha_nacimiento,nombre,apellido_paterno,apellido_materno,salario,id_vivero) VALUES (95,45181,00,'Sundown','1905-11-29','Sherye','Rangell','Diche',4253,95);
INSERT INTO empleado(id_persona,numero_exterior,cp,calle,fecha_nacimiento,nombre,apellido_paterno,apellido_materno,salario,id_vivero) VALUES (96,77370,5877,'Tony','1946-03-22','Elisabetta','Petrasek','Cumberledge',3095,96);
INSERT INTO empleado(id_persona,numero_exterior,cp,calle,fecha_nacimiento,nombre,apellido_paterno,apellido_materno,salario,id_vivero) VALUES (97,842,295,'Fairview','1996-07-14','Nilson','Kirmond','Crossfield',3314,97);
INSERT INTO empleado(id_persona,numero_exterior,cp,calle,fecha_nacimiento,nombre,apellido_paterno,apellido_materno,salario,id_vivero) VALUES (98,08467,776,'Pearson','1934-02-14','Elset','Morrid','Cornbill',1698,98);
INSERT INTO empleado(id_persona,numero_exterior,cp,calle,fecha_nacimiento,nombre,apellido_paterno,apellido_materno,salario,id_vivero) VALUES (99,2398,33,'Columbus','1929-06-10','Alexander','Rabb','Wildman',2019,99);
INSERT INTO empleado(id_persona,numero_exterior,cp,calle,fecha_nacimiento,nombre,apellido_paterno,apellido_materno,salario,id_vivero) VALUES (100,4,32,'Rutledge','1919-04-22','Keelia','Gosney','Deschelle',1332,100);
INSERT INTO empleado(id_persona,numero_exterior,cp,calle,fecha_nacimiento,nombre,apellido_paterno,apellido_materno,salario,id_vivero) VALUES (101,4305,051,'Lotheville','1989-04-10','Sibeal','Eusden','Fannin',1087,1);



INSERT INTO cajero(id_persona,id_vivero,numero_exterior,cp,calle,fecha_nacimiento,nombre,apellido_paterno,apellido_materno,salario,cantidad_recaudada) VALUES (1,1,5515,3,'Esch','1916/01/28','Alan','Somerscales','Loveguard',2000,11385);
INSERT INTO cajero(id_persona,id_vivero,numero_exterior,cp,calle,fecha_nacimiento,nombre,apellido_paterno,apellido_materno,salario,cantidad_recaudada) VALUES (2,2,77,84462,'Schiller','1997/02/13','Vassily','Bispo','Huggan',1356,16121);
INSERT INTO cajero(id_persona,id_vivero,numero_exterior,cp,calle,fecha_nacimiento,nombre,apellido_paterno,apellido_materno,salario,cantidad_recaudada) VALUES (3,3,96,14478,'Spohn','1910/04/17','Lorrie','Gorcke','Shergold',4222,18925);
INSERT INTO cajero(id_persona,id_vivero,numero_exterior,cp,calle,fecha_nacimiento,nombre,apellido_paterno,apellido_materno,salario,cantidad_recaudada) VALUES (4,4,64,04056,'Oakridge','2000/04/19','Manon','Tissell','Ugolotti',1225,17453);
INSERT INTO cajero(id_persona,id_vivero,numero_exterior,cp,calle,fecha_nacimiento,nombre,apellido_paterno,apellido_materno,salario,cantidad_recaudada) VALUES (5,5,95,3,'Spaight','1983/10/18','Edgard','Dragoe','Hakewell',3228,19262);
INSERT INTO cajero(id_persona,id_vivero,numero_exterior,cp,calle,fecha_nacimiento,nombre,apellido_paterno,apellido_materno,salario,cantidad_recaudada) VALUES (6,6,9,38140,'Hermina','1985/09/24','Marya','Belcher','McIlwaine',2391,14306);
INSERT INTO cajero(id_persona,id_vivero,numero_exterior,cp,calle,fecha_nacimiento,nombre,apellido_paterno,apellido_materno,salario,cantidad_recaudada) VALUES (7,7,2,8399,'Browning','1988/08/29','Reuben','Boraston','Bennoe',2693,15455);
INSERT INTO cajero(id_persona,id_vivero,numero_exterior,cp,calle,fecha_nacimiento,nombre,apellido_paterno,apellido_materno,salario,cantidad_recaudada) VALUES (8,8,95371,5,'Beilfuss','1923/12/20','Marijn','Migheli','Buesden',4746,13916);
INSERT INTO cajero(id_persona,id_vivero,numero_exterior,cp,calle,fecha_nacimiento,nombre,apellido_paterno,apellido_materno,salario,cantidad_recaudada) VALUES (9,9,75,79141,'Rowland','1977/03/18','Alexandros','Redpath','Wilse',3714,16312);
INSERT INTO cajero(id_persona,id_vivero,numero_exterior,cp,calle,fecha_nacimiento,nombre,apellido_paterno,apellido_materno,salario,cantidad_recaudada) VALUES (10,10,282,2958,'La Follette','1987/12/02','Broddy','Fetherstan','Forge',1722,13133);
INSERT INTO cajero(id_persona,id_vivero,numero_exterior,cp,calle,fecha_nacimiento,nombre,apellido_paterno,apellido_materno,salario,cantidad_recaudada) VALUES (11,11,764,5599,'Elmside','1984/10/29','Kurt','Goady','Wrightson',1439,10191);
INSERT INTO cajero(id_persona,id_vivero,numero_exterior,cp,calle,fecha_nacimiento,nombre,apellido_paterno,apellido_materno,salario,cantidad_recaudada) VALUES (12,12,14482,13242,'Dapin','1988/02/27','Juieta','Duffree','Dechelette',4889,12966);
INSERT INTO cajero(id_persona,id_vivero,numero_exterior,cp,calle,fecha_nacimiento,nombre,apellido_paterno,apellido_materno,salario,cantidad_recaudada) VALUES (13,13,2254,830,'Thompson','1956/02/22','Donny','Richold','Klimkowski',3460,13475);
INSERT INTO cajero(id_persona,id_vivero,numero_exterior,cp,calle,fecha_nacimiento,nombre,apellido_paterno,apellido_materno,salario,cantidad_recaudada) VALUES (14,14,09315,23682,'Menomonie','1965/08/03','Devin','Twizell','Heams',3197,19282);
INSERT INTO cajero(id_persona,id_vivero,numero_exterior,cp,calle,fecha_nacimiento,nombre,apellido_paterno,apellido_materno,salario,cantidad_recaudada) VALUES (15,15,921,94,'Crest Line','1905/08/27','Jolene','Edger','Maestro',4061,16083);
INSERT INTO cajero(id_persona,id_vivero,numero_exterior,cp,calle,fecha_nacimiento,nombre,apellido_paterno,apellido_materno,salario,cantidad_recaudada) VALUES (16,16,359,863,'Comanche','1919/08/19','Joane','Viel','Pesselt',4773,12019);
INSERT INTO cajero(id_persona,id_vivero,numero_exterior,cp,calle,fecha_nacimiento,nombre,apellido_paterno,apellido_materno,salario,cantidad_recaudada) VALUES (17,17,2,6536,'Beilfuss','1946/11/07','Nicole','Cluett','Rignold',4694,13699);
INSERT INTO cajero(id_persona,id_vivero,numero_exterior,cp,calle,fecha_nacimiento,nombre,apellido_paterno,apellido_materno,salario,cantidad_recaudada) VALUES (18,18,4143,0153,'Sullivan','1918/10/30','Hayes','Gaule','McDavitt',1517,17742);
INSERT INTO cajero(id_persona,id_vivero,numero_exterior,cp,calle,fecha_nacimiento,nombre,apellido_paterno,apellido_materno,salario,cantidad_recaudada) VALUES (19,19,57733,531,'Montana','1952/01/17','Jennine','Cutill','Curds',4543,11950);
INSERT INTO cajero(id_persona,id_vivero,numero_exterior,cp,calle,fecha_nacimiento,nombre,apellido_paterno,apellido_materno,salario,cantidad_recaudada) VALUES (20,20,7,097,'Cottonwood','1917/06/28','Flossi','Vellacott','Lyenyng',4383,10245);
INSERT INTO cajero(id_persona,id_vivero,numero_exterior,cp,calle,fecha_nacimiento,nombre,apellido_paterno,apellido_materno,salario,cantidad_recaudada) VALUES (21,21,8520,92,'Stephen','1932/06/03','Barn','Cullinan','Longstaff',1940,11019);
INSERT INTO cajero(id_persona,id_vivero,numero_exterior,cp,calle,fecha_nacimiento,nombre,apellido_paterno,apellido_materno,salario,cantidad_recaudada) VALUES (22,22,64394,19408,'Cherokee','1963/03/06','Lockwood','Graben','Baudone',1713,18818);
INSERT INTO cajero(id_persona,id_vivero,numero_exterior,cp,calle,fecha_nacimiento,nombre,apellido_paterno,apellido_materno,salario,cantidad_recaudada) VALUES (23,23,2,7855,'David','1981/06/22','Marcellina','Hutsby','Palfree',4688,13380);
INSERT INTO cajero(id_persona,id_vivero,numero_exterior,cp,calle,fecha_nacimiento,nombre,apellido_paterno,apellido_materno,salario,cantidad_recaudada) VALUES (24,24,3,4,'Tomscot','1902/04/05','Guido','Duffree','Odams',1592,10030);
INSERT INTO cajero(id_persona,id_vivero,numero_exterior,cp,calle,fecha_nacimiento,nombre,apellido_paterno,apellido_materno,salario,cantidad_recaudada) VALUES (25,25,05,0,'2nd','1990/07/14','Ev','Sellwood','Trotman',3503,13764);
INSERT INTO cajero(id_persona,id_vivero,numero_exterior,cp,calle,fecha_nacimiento,nombre,apellido_paterno,apellido_materno,salario,cantidad_recaudada) VALUES (26,26,818,0,'Macpherson','1998/07/12','Dasya','Priden','Klainer',4973,13131);
INSERT INTO cajero(id_persona,id_vivero,numero_exterior,cp,calle,fecha_nacimiento,nombre,apellido_paterno,apellido_materno,salario,cantidad_recaudada) VALUES (27,27,8,70,'Arizona','1963/09/11','Andrew','Brehat','Nerheny',1491,14128);
INSERT INTO cajero(id_persona,id_vivero,numero_exterior,cp,calle,fecha_nacimiento,nombre,apellido_paterno,apellido_materno,salario,cantidad_recaudada) VALUES (28,28,676,76,'Chinook','1951/02/02','Desmund','Cobbledick','Mustill',2645,18041);
INSERT INTO cajero(id_persona,id_vivero,numero_exterior,cp,calle,fecha_nacimiento,nombre,apellido_paterno,apellido_materno,salario,cantidad_recaudada) VALUES (29,29,65,56,'Aberg','1953/06/28','Orrin','Oxe','Korneichik',4624,16257);
INSERT INTO cajero(id_persona,id_vivero,numero_exterior,cp,calle,fecha_nacimiento,nombre,apellido_paterno,apellido_materno,salario,cantidad_recaudada) VALUES (30,30,78375,3908,'Waxwing','1975/02/01','Melamie','Shelf','Baseke',1374,16724);
INSERT INTO cajero(id_persona,id_vivero,numero_exterior,cp,calle,fecha_nacimiento,nombre,apellido_paterno,apellido_materno,salario,cantidad_recaudada) VALUES (31,31,3619,44,'Starling','1913/03/24','Giustino','Esmond','Westmore',2629,16797);
INSERT INTO cajero(id_persona,id_vivero,numero_exterior,cp,calle,fecha_nacimiento,nombre,apellido_paterno,apellido_materno,salario,cantidad_recaudada) VALUES (32,32,95627,31,'Surrey','1978/10/27','Selie','Cudbird','Loughhead',3102,15244);
INSERT INTO cajero(id_persona,id_vivero,numero_exterior,cp,calle,fecha_nacimiento,nombre,apellido_paterno,apellido_materno,salario,cantidad_recaudada) VALUES (33,33,0,55,'Hauk','1961/04/03','Wilow','Zappel','Kennagh',2202,10714);
INSERT INTO cajero(id_persona,id_vivero,numero_exterior,cp,calle,fecha_nacimiento,nombre,apellido_paterno,apellido_materno,salario,cantidad_recaudada) VALUES (34,34,6,47047,'Melvin','1929/12/31','Travers','Bice','Cundy',1780,14266);
INSERT INTO cajero(id_persona,id_vivero,numero_exterior,cp,calle,fecha_nacimiento,nombre,apellido_paterno,apellido_materno,salario,cantidad_recaudada) VALUES (35,35,46815,24595,'Hermina','1915/01/23','Celinka','See','Riedel',4951,14448);
INSERT INTO cajero(id_persona,id_vivero,numero_exterior,cp,calle,fecha_nacimiento,nombre,apellido_paterno,apellido_materno,salario,cantidad_recaudada) VALUES (36,36,455,34,'Troy','1952/08/14','Bonita','Kempstone','Kaplan',1401,15633);
INSERT INTO cajero(id_persona,id_vivero,numero_exterior,cp,calle,fecha_nacimiento,nombre,apellido_paterno,apellido_materno,salario,cantidad_recaudada) VALUES (37,37,1,81,'Doe Crossing','1905/05/10','Karrah','Bouts','Goldston',3157,10602);
INSERT INTO cajero(id_persona,id_vivero,numero_exterior,cp,calle,fecha_nacimiento,nombre,apellido_paterno,apellido_materno,salario,cantidad_recaudada) VALUES (38,38,09949,5545,'Farragut','1951/02/26','Maude','Siely','Blasdale',3930,18656);
INSERT INTO cajero(id_persona,id_vivero,numero_exterior,cp,calle,fecha_nacimiento,nombre,apellido_paterno,apellido_materno,salario,cantidad_recaudada) VALUES (39,39,63,8,'Utah','1987/07/13','Innis','Grzeszczak','Novik',3234,13102);
INSERT INTO cajero(id_persona,id_vivero,numero_exterior,cp,calle,fecha_nacimiento,nombre,apellido_paterno,apellido_materno,salario,cantidad_recaudada) VALUES (40,40,52190,528,'Shelley','1984/05/11','Denise','Middle','Fifield',4018,18914);
INSERT INTO cajero(id_persona,id_vivero,numero_exterior,cp,calle,fecha_nacimiento,nombre,apellido_paterno,apellido_materno,salario,cantidad_recaudada) VALUES (41,41,106,7200,'Bartelt','1914/03/31','Miguelita','Gallienne','Macari',2349,19683);
INSERT INTO cajero(id_persona,id_vivero,numero_exterior,cp,calle,fecha_nacimiento,nombre,apellido_paterno,apellido_materno,salario,cantidad_recaudada) VALUES (42,42,1,76395,'Crest Line','1912/02/24','Skipp','Eddies','Bagott',3781,10713);
INSERT INTO cajero(id_persona,id_vivero,numero_exterior,cp,calle,fecha_nacimiento,nombre,apellido_paterno,apellido_materno,salario,cantidad_recaudada) VALUES (43,43,964,6,'Fairfield','1991/04/21','Keir','Yashin','Massen',3759,10251);
INSERT INTO cajero(id_persona,id_vivero,numero_exterior,cp,calle,fecha_nacimiento,nombre,apellido_paterno,apellido_materno,salario,cantidad_recaudada) VALUES (44,44,60490,15904,'Talmadge','1922/08/21','Arther','Krienke','Olyfant',4903,18456);
INSERT INTO cajero(id_persona,id_vivero,numero_exterior,cp,calle,fecha_nacimiento,nombre,apellido_paterno,apellido_materno,salario,cantidad_recaudada) VALUES (45,45,29366,12,'Brickson Park','1984/02/15','Britta','Crichten','Hayes',3361,16777);
INSERT INTO cajero(id_persona,id_vivero,numero_exterior,cp,calle,fecha_nacimiento,nombre,apellido_paterno,apellido_materno,salario,cantidad_recaudada) VALUES (46,46,0,47733,'Lindbergh','1985/07/31','Brittney','Francecione','Connop',2885,15412);
INSERT INTO cajero(id_persona,id_vivero,numero_exterior,cp,calle,fecha_nacimiento,nombre,apellido_paterno,apellido_materno,salario,cantidad_recaudada) VALUES (47,47,18,68396,'Graedel','1975/12/07','Neils','Petticrew','Jaycocks',2283,14766);
INSERT INTO cajero(id_persona,id_vivero,numero_exterior,cp,calle,fecha_nacimiento,nombre,apellido_paterno,apellido_materno,salario,cantidad_recaudada) VALUES (48,48,22262,51571,'Autumn Leaf','1926/11/04','Ellene','Bienvenu','Sheryn',3887,14414);
INSERT INTO cajero(id_persona,id_vivero,numero_exterior,cp,calle,fecha_nacimiento,nombre,apellido_paterno,apellido_materno,salario,cantidad_recaudada) VALUES (49,49,25,24971,'Bluestem','1903/03/08','Kirsten','Threadkell','Pybus',2470,15932);
INSERT INTO cajero(id_persona,id_vivero,numero_exterior,cp,calle,fecha_nacimiento,nombre,apellido_paterno,apellido_materno,salario,cantidad_recaudada) VALUES (50,50,2,95922,'Hooker','1928/11/22','Rafaela','Ludlamme','Easum',1146,17333);
INSERT INTO cajero(id_persona,id_vivero,numero_exterior,cp,calle,fecha_nacimiento,nombre,apellido_paterno,apellido_materno,salario,cantidad_recaudada) VALUES (51,51,2,45,'Kennedy','1946/11/05','Rosaline','Huelin','Rassell',2963,11250);
INSERT INTO cajero(id_persona,id_vivero,numero_exterior,cp,calle,fecha_nacimiento,nombre,apellido_paterno,apellido_materno,salario,cantidad_recaudada) VALUES (52,52,43856,62028,'Dayton','1929/12/28','Issy','Mattheis','Clayworth',4355,13162);
INSERT INTO cajero(id_persona,id_vivero,numero_exterior,cp,calle,fecha_nacimiento,nombre,apellido_paterno,apellido_materno,salario,cantidad_recaudada) VALUES (53,53,35,2,'Golf','1912/06/10','Marline','Matysiak','Prenty',3316,18473);
INSERT INTO cajero(id_persona,id_vivero,numero_exterior,cp,calle,fecha_nacimiento,nombre,apellido_paterno,apellido_materno,salario,cantidad_recaudada) VALUES (54,54,6,962,'Pennsylvania','1997/11/04','Bride','Coviello','Bodimeade',3986,16836);
INSERT INTO cajero(id_persona,id_vivero,numero_exterior,cp,calle,fecha_nacimiento,nombre,apellido_paterno,apellido_materno,salario,cantidad_recaudada) VALUES (55,55,2049,20,'Longview','1994/10/07','Verna','Teasey','Handrok',4769,18975);
INSERT INTO cajero(id_persona,id_vivero,numero_exterior,cp,calle,fecha_nacimiento,nombre,apellido_paterno,apellido_materno,salario,cantidad_recaudada) VALUES (56,56,65,30,'Oak','1907/05/17','Bank','Barsby','Verick',2348,19170);
INSERT INTO cajero(id_persona,id_vivero,numero_exterior,cp,calle,fecha_nacimiento,nombre,apellido_paterno,apellido_materno,salario,cantidad_recaudada) VALUES (57,57,14177,256,'Valley Edge','1944/05/06','Arvy','Dulen','McNeillie',4152,15303);
INSERT INTO cajero(id_persona,id_vivero,numero_exterior,cp,calle,fecha_nacimiento,nombre,apellido_paterno,apellido_materno,salario,cantidad_recaudada) VALUES (58,58,171,05,'Gateway','1957/09/28','Darla','Ayto','Mackrell',1146,13305);
INSERT INTO cajero(id_persona,id_vivero,numero_exterior,cp,calle,fecha_nacimiento,nombre,apellido_paterno,apellido_materno,salario,cantidad_recaudada) VALUES (59,59,75,4,'Sheridan','1908/09/16','Eleanore','Papa','Corssen',1872,13893);
INSERT INTO cajero(id_persona,id_vivero,numero_exterior,cp,calle,fecha_nacimiento,nombre,apellido_paterno,apellido_materno,salario,cantidad_recaudada) VALUES (60,60,789,50287,'Esker','1972/10/07','Poul','Dallas','Twort',1701,12554);
INSERT INTO cajero(id_persona,id_vivero,numero_exterior,cp,calle,fecha_nacimiento,nombre,apellido_paterno,apellido_materno,salario,cantidad_recaudada) VALUES (61,61,2,8,'Utah','1998/04/07','Lenette','Di Dello','Gillease',2930,16251);
INSERT INTO cajero(id_persona,id_vivero,numero_exterior,cp,calle,fecha_nacimiento,nombre,apellido_paterno,apellido_materno,salario,cantidad_recaudada) VALUES (62,62,29519,82,'Washington','1918/12/18','Tarrance','Chavey','Seres',3695,18394);
INSERT INTO cajero(id_persona,id_vivero,numero_exterior,cp,calle,fecha_nacimiento,nombre,apellido_paterno,apellido_materno,salario,cantidad_recaudada) VALUES (63,63,4617,6484,'Forest Dale','1935/10/21','Griffy','Binley','Bomfield',3125,19691);
INSERT INTO cajero(id_persona,id_vivero,numero_exterior,cp,calle,fecha_nacimiento,nombre,apellido_paterno,apellido_materno,salario,cantidad_recaudada) VALUES (64,64,9140,342,'Hudson','1998/06/21','Lorenza','Beveredge','Holehouse',2348,13898);
INSERT INTO cajero(id_persona,id_vivero,numero_exterior,cp,calle,fecha_nacimiento,nombre,apellido_paterno,apellido_materno,salario,cantidad_recaudada) VALUES (65,65,0762,206,'Mariners Cove','1974/01/13','Frieda','Shyre','Kidds',3955,12074);
INSERT INTO cajero(id_persona,id_vivero,numero_exterior,cp,calle,fecha_nacimiento,nombre,apellido_paterno,apellido_materno,salario,cantidad_recaudada) VALUES (66,66,14987,2311,'Anniversary','1959/06/27','Milzie','Greenman','Hatley',2750,14818);
INSERT INTO cajero(id_persona,id_vivero,numero_exterior,cp,calle,fecha_nacimiento,nombre,apellido_paterno,apellido_materno,salario,cantidad_recaudada) VALUES (67,67,757,446,'Hoard','1989/05/04','Elly','Sumpner','Eldred',4421,16635);
INSERT INTO cajero(id_persona,id_vivero,numero_exterior,cp,calle,fecha_nacimiento,nombre,apellido_paterno,apellido_materno,salario,cantidad_recaudada) VALUES (68,68,5,3,'Sutteridge','1909/11/16','Dulciana','Canter','Dewer',4831,17065);
INSERT INTO cajero(id_persona,id_vivero,numero_exterior,cp,calle,fecha_nacimiento,nombre,apellido_paterno,apellido_materno,salario,cantidad_recaudada) VALUES (69,69,4,379,'Morningstar','1925/05/20','Petr','Pougher','Sambell',1616,13455);
INSERT INTO cajero(id_persona,id_vivero,numero_exterior,cp,calle,fecha_nacimiento,nombre,apellido_paterno,apellido_materno,salario,cantidad_recaudada) VALUES (70,70,45,528,'Golden Leaf','1970/11/05','Mathias','Dashkov','Crose',4873,13428);
INSERT INTO cajero(id_persona,id_vivero,numero_exterior,cp,calle,fecha_nacimiento,nombre,apellido_paterno,apellido_materno,salario,cantidad_recaudada) VALUES (71,71,904,98065,'Anniversary','1958/06/01','Zoe','Joll','Baggarley',1675,11222);
INSERT INTO cajero(id_persona,id_vivero,numero_exterior,cp,calle,fecha_nacimiento,nombre,apellido_paterno,apellido_materno,salario,cantidad_recaudada) VALUES (72,72,22,086,'Bashford','1902/11/18','Gelya','Damerell','Pragnall',3172,15801);
INSERT INTO cajero(id_persona,id_vivero,numero_exterior,cp,calle,fecha_nacimiento,nombre,apellido_paterno,apellido_materno,salario,cantidad_recaudada) VALUES (73,73,09,55279,'Quincy','1926/08/01','Veriee','Earthfield','Hinrichs',1207,18530);
INSERT INTO cajero(id_persona,id_vivero,numero_exterior,cp,calle,fecha_nacimiento,nombre,apellido_paterno,apellido_materno,salario,cantidad_recaudada) VALUES (74,74,5,095,'Granby','1984/02/19','Godart','Tombling','Lethem',1922,12972);
INSERT INTO cajero(id_persona,id_vivero,numero_exterior,cp,calle,fecha_nacimiento,nombre,apellido_paterno,apellido_materno,salario,cantidad_recaudada) VALUES (75,75,09,7,'Lake View','1909/06/12','Sibylla','Brammar','Marchment',2082,18297);
INSERT INTO cajero(id_persona,id_vivero,numero_exterior,cp,calle,fecha_nacimiento,nombre,apellido_paterno,apellido_materno,salario,cantidad_recaudada) VALUES (76,76,46,4,'Barby','1986/02/20','Gilda','Wigmore','Dain',2832,17286);
INSERT INTO cajero(id_persona,id_vivero,numero_exterior,cp,calle,fecha_nacimiento,nombre,apellido_paterno,apellido_materno,salario,cantidad_recaudada) VALUES (77,77,6405,9,'Briar Crest','1965/08/22','Ludovico','Paradis','Gregorowicz',1577,12279);
INSERT INTO cajero(id_persona,id_vivero,numero_exterior,cp,calle,fecha_nacimiento,nombre,apellido_paterno,apellido_materno,salario,cantidad_recaudada) VALUES (78,78,19,09626,'Tony','1922/07/23','Alayne','Cruden','Falcus',4063,12830);
INSERT INTO cajero(id_persona,id_vivero,numero_exterior,cp,calle,fecha_nacimiento,nombre,apellido_paterno,apellido_materno,salario,cantidad_recaudada) VALUES (79,79,2,31710,'6th','1930/09/03','Aloise','Larderot','Barniss',2797,11664);
INSERT INTO cajero(id_persona,id_vivero,numero_exterior,cp,calle,fecha_nacimiento,nombre,apellido_paterno,apellido_materno,salario,cantidad_recaudada) VALUES (80,80,64580,6,'Meadow Valley','1910/11/08','Kelcy','Batterham','Latter',4680,11781);
INSERT INTO cajero(id_persona,id_vivero,numero_exterior,cp,calle,fecha_nacimiento,nombre,apellido_paterno,apellido_materno,salario,cantidad_recaudada) VALUES (81,81,533,5,'Jenifer','1990/03/11','Birch','Cuming','Alfwy',2820,17354);
INSERT INTO cajero(id_persona,id_vivero,numero_exterior,cp,calle,fecha_nacimiento,nombre,apellido_paterno,apellido_materno,salario,cantidad_recaudada) VALUES (82,82,13927,36,'Blaine','1923/12/28','Ashely','Digle','Lamberteschi',2006,17331);
INSERT INTO cajero(id_persona,id_vivero,numero_exterior,cp,calle,fecha_nacimiento,nombre,apellido_paterno,apellido_materno,salario,cantidad_recaudada) VALUES (83,83,44,630,'Washington','1996/11/25','Rosamond','Tappington','Eager',3803,10243);
INSERT INTO cajero(id_persona,id_vivero,numero_exterior,cp,calle,fecha_nacimiento,nombre,apellido_paterno,apellido_materno,salario,cantidad_recaudada) VALUES (84,84,89,3,'Nova','1904/01/26','Heddie','Ziehms','Dorr',1296,18322);
INSERT INTO cajero(id_persona,id_vivero,numero_exterior,cp,calle,fecha_nacimiento,nombre,apellido_paterno,apellido_materno,salario,cantidad_recaudada) VALUES (85,85,7,15,'Moulton','1954/05/06','Ban','De Vere','Leifer',2283,11400);
INSERT INTO cajero(id_persona,id_vivero,numero_exterior,cp,calle,fecha_nacimiento,nombre,apellido_paterno,apellido_materno,salario,cantidad_recaudada) VALUES (86,86,8,8,'4th','1920/03/06','Cris','Delos','Cotton',2556,15220);
INSERT INTO cajero(id_persona,id_vivero,numero_exterior,cp,calle,fecha_nacimiento,nombre,apellido_paterno,apellido_materno,salario,cantidad_recaudada) VALUES (87,87,91812,73402,'Mayer','1941/08/03','Sandro','Fillis','Szach',3252,12808);
INSERT INTO cajero(id_persona,id_vivero,numero_exterior,cp,calle,fecha_nacimiento,nombre,apellido_paterno,apellido_materno,salario,cantidad_recaudada) VALUES (88,88,74073,41,'Hintze','1978/07/17','Jodi','Peres','Rohlf',2996,19210);
INSERT INTO cajero(id_persona,id_vivero,numero_exterior,cp,calle,fecha_nacimiento,nombre,apellido_paterno,apellido_materno,salario,cantidad_recaudada) VALUES (89,89,6124,12366,'Fisk','1955/10/22','Melba','Ventris','Fache',1225,12571);
INSERT INTO cajero(id_persona,id_vivero,numero_exterior,cp,calle,fecha_nacimiento,nombre,apellido_paterno,apellido_materno,salario,cantidad_recaudada) VALUES (90,90,047,2998,'Forest','1901/06/02','Sibylla','Guihen','Bogays',3440,15909);
INSERT INTO cajero(id_persona,id_vivero,numero_exterior,cp,calle,fecha_nacimiento,nombre,apellido_paterno,apellido_materno,salario,cantidad_recaudada) VALUES (91,91,8459,86,'5th','1999/12/05','Noelle','Dowey','Mawtus',2104,15668);
INSERT INTO cajero(id_persona,id_vivero,numero_exterior,cp,calle,fecha_nacimiento,nombre,apellido_paterno,apellido_materno,salario,cantidad_recaudada) VALUES (92,92,7425,34119,'Arizona','1987/08/18','Jamison','Banasik','Climie',4335,15316);
INSERT INTO cajero(id_persona,id_vivero,numero_exterior,cp,calle,fecha_nacimiento,nombre,apellido_paterno,apellido_materno,salario,cantidad_recaudada) VALUES (93,93,97850,448,'Dakota','1938/06/04','Emily','Cleall','Theyer',1611,11517);
INSERT INTO cajero(id_persona,id_vivero,numero_exterior,cp,calle,fecha_nacimiento,nombre,apellido_paterno,apellido_materno,salario,cantidad_recaudada) VALUES (94,94,3734,877,'Helena','1982/07/07','Margarette','Giannazzo','Duckfield',4062,18726);
INSERT INTO cajero(id_persona,id_vivero,numero_exterior,cp,calle,fecha_nacimiento,nombre,apellido_paterno,apellido_materno,salario,cantidad_recaudada) VALUES (95,95,46481,9,'Buell','1999/04/21','Jillane','Smitheram','Grunson',1191,14733);
INSERT INTO cajero(id_persona,id_vivero,numero_exterior,cp,calle,fecha_nacimiento,nombre,apellido_paterno,apellido_materno,salario,cantidad_recaudada) VALUES (96,96,75,56079,'Elmside','1945/12/23','Maitilde','Ghirigori','Meindl',2422,10289);
INSERT INTO cajero(id_persona,id_vivero,numero_exterior,cp,calle,fecha_nacimiento,nombre,apellido_paterno,apellido_materno,salario,cantidad_recaudada) VALUES (97,97,20,8,'Rusk','1910/07/27','Lin','O''Flaverty','Campo',1347,12392);
INSERT INTO cajero(id_persona,id_vivero,numero_exterior,cp,calle,fecha_nacimiento,nombre,apellido_paterno,apellido_materno,salario,cantidad_recaudada) VALUES (98,98,3391,84,'Village','1960/11/08','Nikolas','Rotte','Dunbobbin',4734,11443);
INSERT INTO cajero(id_persona,id_vivero,numero_exterior,cp,calle,fecha_nacimiento,nombre,apellido_paterno,apellido_materno,salario,cantidad_recaudada) VALUES (99,99,5746,0,'Oxford','1998/11/04','Jewel','Baurerich','Kunes',4988,15046);
INSERT INTO cajero(id_persona,id_vivero,numero_exterior,cp,calle,fecha_nacimiento,nombre,apellido_paterno,apellido_materno,salario,cantidad_recaudada) VALUES (100,100,3,7955,'Laurel','1994/05/17','Abelard','Gloucester','Tomasoni',3542,15594);


INSERT INTO cuidador(id_persona,id_vivero,numero_exterior,cp,calle,fecha_nacimiento,nombre,apellido_paterno,apellido_materno,salario,turno_es_matutino) VALUES (1,1,1,1458,'Jenifer','1985-08-15','Skyler','Pittel','Croci',1676,'0');
INSERT INTO cuidador(id_persona,id_vivero,numero_exterior,cp,calle,fecha_nacimiento,nombre,apellido_paterno,apellido_materno,salario,turno_es_matutino) VALUES (2,2,5395,056,'Londonderry','1905-05-24','Lek','Chaldecott','Leopold',1713,'0');
INSERT INTO cuidador(id_persona,id_vivero,numero_exterior,cp,calle,fecha_nacimiento,nombre,apellido_paterno,apellido_materno,salario,turno_es_matutino) VALUES (3,3,860,05704,'Mosinee','2000-07-08','Crystal','Fouracre','Scollard',4656,'1');
INSERT INTO cuidador(id_persona,id_vivero,numero_exterior,cp,calle,fecha_nacimiento,nombre,apellido_paterno,apellido_materno,salario,turno_es_matutino) VALUES (4,4,94,40,'Donald','1939-05-07','Milissent','Lockwood','Dunklee',4392,'1');
INSERT INTO cuidador(id_persona,id_vivero,numero_exterior,cp,calle,fecha_nacimiento,nombre,apellido_paterno,apellido_materno,salario,turno_es_matutino) VALUES (5,5,7869,32,'Sunnyside','1976-01-20','Ambrosius','Barfield','MacGiolla Pheadair',1788,'0');
INSERT INTO cuidador(id_persona,id_vivero,numero_exterior,cp,calle,fecha_nacimiento,nombre,apellido_paterno,apellido_materno,salario,turno_es_matutino) VALUES (6,6,2,1096,'Old Gate','1941-04-19','Archy','Spillman','Chesher',4116,'0');
INSERT INTO cuidador(id_persona,id_vivero,numero_exterior,cp,calle,fecha_nacimiento,nombre,apellido_paterno,apellido_materno,salario,turno_es_matutino) VALUES (7,7,02,45209,'Mariners Cove','1926-08-02','Lebbie','McGlue','Edmunds',2820,'1');
INSERT INTO cuidador(id_persona,id_vivero,numero_exterior,cp,calle,fecha_nacimiento,nombre,apellido_paterno,apellido_materno,salario,turno_es_matutino) VALUES (8,8,553,64140,'Grayhawk','1955-12-02','Mickie','Rubanenko','Corro',3021,'0');
INSERT INTO cuidador(id_persona,id_vivero,numero_exterior,cp,calle,fecha_nacimiento,nombre,apellido_paterno,apellido_materno,salario,turno_es_matutino) VALUES (9,9,8,31,'Kenwood','1919-06-25','Deana','Howgate','Sproule',4348,'1');
INSERT INTO cuidador(id_persona,id_vivero,numero_exterior,cp,calle,fecha_nacimiento,nombre,apellido_paterno,apellido_materno,salario,turno_es_matutino) VALUES (10,10,9,0840,'Carpenter','1978-01-06','Paula','Crayke','Simonitto',4921,'0');
INSERT INTO cuidador(id_persona,id_vivero,numero_exterior,cp,calle,fecha_nacimiento,nombre,apellido_paterno,apellido_materno,salario,turno_es_matutino) VALUES (11,11,77,6441,'Center','1958-07-02','Bastien','Maddyson','Dimitrie',3488,'0');
INSERT INTO cuidador(id_persona,id_vivero,numero_exterior,cp,calle,fecha_nacimiento,nombre,apellido_paterno,apellido_materno,salario,turno_es_matutino) VALUES (12,12,77034,53,'Clove','2000-10-31','Derby','Giovani','Bim',2633,'0');
INSERT INTO cuidador(id_persona,id_vivero,numero_exterior,cp,calle,fecha_nacimiento,nombre,apellido_paterno,apellido_materno,salario,turno_es_matutino) VALUES (13,13,4,33,'Raven','1926-01-27','Truman','Germain','MacAirt',2052,'0');
INSERT INTO cuidador(id_persona,id_vivero,numero_exterior,cp,calle,fecha_nacimiento,nombre,apellido_paterno,apellido_materno,salario,turno_es_matutino) VALUES (14,14,7,265,'Thackeray','1969-08-13','Eugen','Bartolozzi','Snasdell',1418,'0');
INSERT INTO cuidador(id_persona,id_vivero,numero_exterior,cp,calle,fecha_nacimiento,nombre,apellido_paterno,apellido_materno,salario,turno_es_matutino) VALUES (15,15,5,1378,'Fuller','1985-06-02','Pavlov','Ragbourn','Grabiec',1077,'1');
INSERT INTO cuidador(id_persona,id_vivero,numero_exterior,cp,calle,fecha_nacimiento,nombre,apellido_paterno,apellido_materno,salario,turno_es_matutino) VALUES (16,16,2,6,'American','1946-11-12','Clayton','Szymanowicz','Logesdale',1409,'0');
INSERT INTO cuidador(id_persona,id_vivero,numero_exterior,cp,calle,fecha_nacimiento,nombre,apellido_paterno,apellido_materno,salario,turno_es_matutino) VALUES (17,17,49353,961,'Stephen','1902-04-08','Thia','Bowen','Silverlock',4687,'1');
INSERT INTO cuidador(id_persona,id_vivero,numero_exterior,cp,calle,fecha_nacimiento,nombre,apellido_paterno,apellido_materno,salario,turno_es_matutino) VALUES (18,18,94,5370,'Sage','1933-11-09','Jule','Dodding','McLese',2613,'0');
INSERT INTO cuidador(id_persona,id_vivero,numero_exterior,cp,calle,fecha_nacimiento,nombre,apellido_paterno,apellido_materno,salario,turno_es_matutino) VALUES (19,19,065,84,'Northland','1989-07-23','Emily','Hymer','Busby',2112,'0');
INSERT INTO cuidador(id_persona,id_vivero,numero_exterior,cp,calle,fecha_nacimiento,nombre,apellido_paterno,apellido_materno,salario,turno_es_matutino) VALUES (20,20,28891,7988,'Manley','1986-03-26','Alanson','Reinhart','Dries',2310,'1');
INSERT INTO cuidador(id_persona,id_vivero,numero_exterior,cp,calle,fecha_nacimiento,nombre,apellido_paterno,apellido_materno,salario,turno_es_matutino) VALUES (21,21,5584,98,'Maple','1974-07-30','Zea','Izard','Imm',3187,'1');
INSERT INTO cuidador(id_persona,id_vivero,numero_exterior,cp,calle,fecha_nacimiento,nombre,apellido_paterno,apellido_materno,salario,turno_es_matutino) VALUES (22,22,268,8873,'Kensington','1959-04-24','Pauli','Bittlestone','MacKintosh',4505,'0');
INSERT INTO cuidador(id_persona,id_vivero,numero_exterior,cp,calle,fecha_nacimiento,nombre,apellido_paterno,apellido_materno,salario,turno_es_matutino) VALUES (23,23,36,54352,'Cherokee','1954-01-26','Lyssa','Maidens','McGeachie',2397,'1');
INSERT INTO cuidador(id_persona,id_vivero,numero_exterior,cp,calle,fecha_nacimiento,nombre,apellido_paterno,apellido_materno,salario,turno_es_matutino) VALUES (24,24,17,3709,'Carioca','1937-07-22','Raphael','Cauthra','Leibold',1552,'0');
INSERT INTO cuidador(id_persona,id_vivero,numero_exterior,cp,calle,fecha_nacimiento,nombre,apellido_paterno,apellido_materno,salario,turno_es_matutino) VALUES (25,25,882,2,'Merchant','1998-11-19','Florie','Jumont','Cantwell',4945,'1');
INSERT INTO cuidador(id_persona,id_vivero,numero_exterior,cp,calle,fecha_nacimiento,nombre,apellido_paterno,apellido_materno,salario,turno_es_matutino) VALUES (26,26,81,12,'Banding','1921-06-24','Cate','Attersoll','Slayton',3181,'1');
INSERT INTO cuidador(id_persona,id_vivero,numero_exterior,cp,calle,fecha_nacimiento,nombre,apellido_paterno,apellido_materno,salario,turno_es_matutino) VALUES (27,27,56399,629,'Evergreen','1968-01-03','Camey','Kaes','Polgreen',4608,'0');
INSERT INTO cuidador(id_persona,id_vivero,numero_exterior,cp,calle,fecha_nacimiento,nombre,apellido_paterno,apellido_materno,salario,turno_es_matutino) VALUES (28,28,5698,35,'Hallows','1997-05-08','Janela','Camilio','Eblein',1293,'1');
INSERT INTO cuidador(id_persona,id_vivero,numero_exterior,cp,calle,fecha_nacimiento,nombre,apellido_paterno,apellido_materno,salario,turno_es_matutino) VALUES (29,29,1,42539,'Luster','1949-04-18','Ryann','Whellans','Spurrior',1110,'1');
INSERT INTO cuidador(id_persona,id_vivero,numero_exterior,cp,calle,fecha_nacimiento,nombre,apellido_paterno,apellido_materno,salario,turno_es_matutino) VALUES (30,30,09830,99913,'Sunnyside','1964-10-16','Silvie','Coolbear','Bucknill',1468,'0');
INSERT INTO cuidador(id_persona,id_vivero,numero_exterior,cp,calle,fecha_nacimiento,nombre,apellido_paterno,apellido_materno,salario,turno_es_matutino) VALUES (31,31,3,38839,'Eggendart','1944-05-28','Fenelia','Gower','Lacaze',2772,'0');
INSERT INTO cuidador(id_persona,id_vivero,numero_exterior,cp,calle,fecha_nacimiento,nombre,apellido_paterno,apellido_materno,salario,turno_es_matutino) VALUES (32,32,82,30001,'Stoughton','1964-11-22','Mireille','Nowakowska','Mapledoore',4949,'0');
INSERT INTO cuidador(id_persona,id_vivero,numero_exterior,cp,calle,fecha_nacimiento,nombre,apellido_paterno,apellido_materno,salario,turno_es_matutino) VALUES (33,33,6934,836,'Lindbergh','1954-11-30','Margeaux','Stevenson','Scown',2280,'0');
INSERT INTO cuidador(id_persona,id_vivero,numero_exterior,cp,calle,fecha_nacimiento,nombre,apellido_paterno,apellido_materno,salario,turno_es_matutino) VALUES (34,34,0117,5,'Bobwhite','1963-07-18','Issi','Oglesbee','Praundlin',3342,'1');
INSERT INTO cuidador(id_persona,id_vivero,numero_exterior,cp,calle,fecha_nacimiento,nombre,apellido_paterno,apellido_materno,salario,turno_es_matutino) VALUES (35,35,6315,2638,'Service','1938-05-28','Rey','Frewer','Derell',4184,'0');
INSERT INTO cuidador(id_persona,id_vivero,numero_exterior,cp,calle,fecha_nacimiento,nombre,apellido_paterno,apellido_materno,salario,turno_es_matutino) VALUES (36,36,16141,451,'Hollow Ridge','1987-08-11','Kareem','Charlson','Hallatt',3176,'0');
INSERT INTO cuidador(id_persona,id_vivero,numero_exterior,cp,calle,fecha_nacimiento,nombre,apellido_paterno,apellido_materno,salario,turno_es_matutino) VALUES (37,37,60,929,'Bashford','1906-03-26','Gamaliel','Blaxland','Durrad',3915,'0');
INSERT INTO cuidador(id_persona,id_vivero,numero_exterior,cp,calle,fecha_nacimiento,nombre,apellido_paterno,apellido_materno,salario,turno_es_matutino) VALUES (38,38,45702,39,'4th','1998-04-29','Rea','Tuckerman','Cortese',4900,'1');
INSERT INTO cuidador(id_persona,id_vivero,numero_exterior,cp,calle,fecha_nacimiento,nombre,apellido_paterno,apellido_materno,salario,turno_es_matutino) VALUES (39,39,67,82156,'Eastlawn','1967-08-06','Letitia','Simison','Lambird',2085,'1');
INSERT INTO cuidador(id_persona,id_vivero,numero_exterior,cp,calle,fecha_nacimiento,nombre,apellido_paterno,apellido_materno,salario,turno_es_matutino) VALUES (40,40,6726,398,'Bowman','1923-02-15','Garrard','Drains','Panketh',3428,'1');
INSERT INTO cuidador(id_persona,id_vivero,numero_exterior,cp,calle,fecha_nacimiento,nombre,apellido_paterno,apellido_materno,salario,turno_es_matutino) VALUES (41,41,972,21,'Spenser','1986-03-10','Sal','Bachellier','Dodamead',2614,'0');
INSERT INTO cuidador(id_persona,id_vivero,numero_exterior,cp,calle,fecha_nacimiento,nombre,apellido_paterno,apellido_materno,salario,turno_es_matutino) VALUES (42,42,47306,8536,'Starling','1905-05-02','Evelyn','Chatburn','Grimolbie',2307,'1');
INSERT INTO cuidador(id_persona,id_vivero,numero_exterior,cp,calle,fecha_nacimiento,nombre,apellido_paterno,apellido_materno,salario,turno_es_matutino) VALUES (43,43,095,0,'Kensington','1946-12-20','Erick','Widocks','Teideman',3319,'1');
INSERT INTO cuidador(id_persona,id_vivero,numero_exterior,cp,calle,fecha_nacimiento,nombre,apellido_paterno,apellido_materno,salario,turno_es_matutino) VALUES (44,44,685,73,'Bluejay','1942-12-26','Esma','Rosewarne','Menchenton',1935,'1');
INSERT INTO cuidador(id_persona,id_vivero,numero_exterior,cp,calle,fecha_nacimiento,nombre,apellido_paterno,apellido_materno,salario,turno_es_matutino) VALUES (45,45,60006,05202,'Melvin','1952-06-15','Burton','Laval','Shadrack',4175,'0');
INSERT INTO cuidador(id_persona,id_vivero,numero_exterior,cp,calle,fecha_nacimiento,nombre,apellido_paterno,apellido_materno,salario,turno_es_matutino) VALUES (46,46,4,063,'Crownhardt','1984-12-04','Margarethe','De Cleyne','MacCaughen',4218,'0');
INSERT INTO cuidador(id_persona,id_vivero,numero_exterior,cp,calle,fecha_nacimiento,nombre,apellido_paterno,apellido_materno,salario,turno_es_matutino) VALUES (47,47,12,8368,'Cardinal','1948-01-05','Reuben','Cleynaert','Duchan',3338,'1');
INSERT INTO cuidador(id_persona,id_vivero,numero_exterior,cp,calle,fecha_nacimiento,nombre,apellido_paterno,apellido_materno,salario,turno_es_matutino) VALUES (48,48,4180,785,'Spenser','1950-01-25','Kerianne','Kleinstub','Antonijevic',3365,'1');
INSERT INTO cuidador(id_persona,id_vivero,numero_exterior,cp,calle,fecha_nacimiento,nombre,apellido_paterno,apellido_materno,salario,turno_es_matutino) VALUES (49,49,77944,9,'Blue Bill Park','1940-01-09','Syman','Gaze','Dawtre',4979,'1');
INSERT INTO cuidador(id_persona,id_vivero,numero_exterior,cp,calle,fecha_nacimiento,nombre,apellido_paterno,apellido_materno,salario,turno_es_matutino) VALUES (50,50,31,25742,'Lillian','1933-03-23','Sabine','Goly','Crossfeld',3727,'0');
INSERT INTO cuidador(id_persona,id_vivero,numero_exterior,cp,calle,fecha_nacimiento,nombre,apellido_paterno,apellido_materno,salario,turno_es_matutino) VALUES (51,51,55,19851,'Upham','1932-10-02','Jens','Kinnier','Lindop',3067,'0');
INSERT INTO cuidador(id_persona,id_vivero,numero_exterior,cp,calle,fecha_nacimiento,nombre,apellido_paterno,apellido_materno,salario,turno_es_matutino) VALUES (52,52,65385,0830,'Bayside','1911-01-21','Valentia','Limeburner','Mumbey',2464,'1');
INSERT INTO cuidador(id_persona,id_vivero,numero_exterior,cp,calle,fecha_nacimiento,nombre,apellido_paterno,apellido_materno,salario,turno_es_matutino) VALUES (53,53,5863,302,'Weeping Birch','1996-01-05','Syman','Petruszka','Forson',2210,'1');
INSERT INTO cuidador(id_persona,id_vivero,numero_exterior,cp,calle,fecha_nacimiento,nombre,apellido_paterno,apellido_materno,salario,turno_es_matutino) VALUES (54,54,7882,73,'Melvin','1987-04-06','Selene','Lowrie','Speedin',3329,'1');
INSERT INTO cuidador(id_persona,id_vivero,numero_exterior,cp,calle,fecha_nacimiento,nombre,apellido_paterno,apellido_materno,salario,turno_es_matutino) VALUES (55,55,91,68533,'Little Fleur','1931-09-15','Cesare','Beves','Mellanby',1281,'0');
INSERT INTO cuidador(id_persona,id_vivero,numero_exterior,cp,calle,fecha_nacimiento,nombre,apellido_paterno,apellido_materno,salario,turno_es_matutino) VALUES (56,56,38,92645,'Hanson','1942-02-24','Yurik','Bartlomiej','Damrell',3176,'0');
INSERT INTO cuidador(id_persona,id_vivero,numero_exterior,cp,calle,fecha_nacimiento,nombre,apellido_paterno,apellido_materno,salario,turno_es_matutino) VALUES (57,57,97,3656,'Atwood','1905-12-31','Hendrik','Eicke','Houselee',2242,'0');
INSERT INTO cuidador(id_persona,id_vivero,numero_exterior,cp,calle,fecha_nacimiento,nombre,apellido_paterno,apellido_materno,salario,turno_es_matutino) VALUES (58,58,1219,17154,'Hermina','1906-11-10','Nelli','Takkos','Murkus',4289,'1');
INSERT INTO cuidador(id_persona,id_vivero,numero_exterior,cp,calle,fecha_nacimiento,nombre,apellido_paterno,apellido_materno,salario,turno_es_matutino) VALUES (59,59,7223,8130,'Red Cloud','1967-03-15','Judd','Taylot','Mioni',1415,'1');
INSERT INTO cuidador(id_persona,id_vivero,numero_exterior,cp,calle,fecha_nacimiento,nombre,apellido_paterno,apellido_materno,salario,turno_es_matutino) VALUES (60,60,01,70583,'Center','1962-01-29','Baron','Sherbourne','Yersin',3292,'1');
INSERT INTO cuidador(id_persona,id_vivero,numero_exterior,cp,calle,fecha_nacimiento,nombre,apellido_paterno,apellido_materno,salario,turno_es_matutino) VALUES (61,61,90,6921,'Norway Maple','1976-12-18','Shurwood','Baudesson','Antosik',1666,'0');
INSERT INTO cuidador(id_persona,id_vivero,numero_exterior,cp,calle,fecha_nacimiento,nombre,apellido_paterno,apellido_materno,salario,turno_es_matutino) VALUES (62,62,76,6,'Redwing','1911-03-22','Sig','Fiddian','Thresh',4151,'0');
INSERT INTO cuidador(id_persona,id_vivero,numero_exterior,cp,calle,fecha_nacimiento,nombre,apellido_paterno,apellido_materno,salario,turno_es_matutino) VALUES (63,63,13319,068,'High Crossing','1961-11-16','Freddie','McNern','Keatley',4417,'0');
INSERT INTO cuidador(id_persona,id_vivero,numero_exterior,cp,calle,fecha_nacimiento,nombre,apellido_paterno,apellido_materno,salario,turno_es_matutino) VALUES (64,64,2241,04,'Killdeer','1939-05-04','Celie','Frede','Dirand',1799,'0');
INSERT INTO cuidador(id_persona,id_vivero,numero_exterior,cp,calle,fecha_nacimiento,nombre,apellido_paterno,apellido_materno,salario,turno_es_matutino) VALUES (65,65,4,54,'Center','1973-04-11','Towney','Mityukov','Ram',2322,'1');
INSERT INTO cuidador(id_persona,id_vivero,numero_exterior,cp,calle,fecha_nacimiento,nombre,apellido_paterno,apellido_materno,salario,turno_es_matutino) VALUES (66,66,08952,10389,'Towne','1980-04-19','Adelle','Yitzhak','Golsworthy',2076,'1');
INSERT INTO cuidador(id_persona,id_vivero,numero_exterior,cp,calle,fecha_nacimiento,nombre,apellido_paterno,apellido_materno,salario,turno_es_matutino) VALUES (67,67,08208,096,'Pankratz','1917-06-14','Gerry','Hendrickson','Tuffrey',2276,'1');
INSERT INTO cuidador(id_persona,id_vivero,numero_exterior,cp,calle,fecha_nacimiento,nombre,apellido_paterno,apellido_materno,salario,turno_es_matutino) VALUES (68,68,95611,7,'Swallow','1941-02-27','Cindelyn','Jupe','Saipy',3871,'0');
INSERT INTO cuidador(id_persona,id_vivero,numero_exterior,cp,calle,fecha_nacimiento,nombre,apellido_paterno,apellido_materno,salario,turno_es_matutino) VALUES (69,69,0,73,'Elka','1915-08-22','Thatcher','De Lorenzo','Powley',4929,'0');
INSERT INTO cuidador(id_persona,id_vivero,numero_exterior,cp,calle,fecha_nacimiento,nombre,apellido_paterno,apellido_materno,salario,turno_es_matutino) VALUES (70,70,50159,800,'Doe Crossing','1910-09-06','Cristine','Sobtka','Krikorian',1130,'0');
INSERT INTO cuidador(id_persona,id_vivero,numero_exterior,cp,calle,fecha_nacimiento,nombre,apellido_paterno,apellido_materno,salario,turno_es_matutino) VALUES (71,71,7,07602,'Pine View','1990-01-24','Nathalie','Dewfall','Broadist',4240,'0');
INSERT INTO cuidador(id_persona,id_vivero,numero_exterior,cp,calle,fecha_nacimiento,nombre,apellido_paterno,apellido_materno,salario,turno_es_matutino) VALUES (72,72,1964,80,'Dawn','1962-02-05','Kit','Wevell','Auston',4824,'0');
INSERT INTO cuidador(id_persona,id_vivero,numero_exterior,cp,calle,fecha_nacimiento,nombre,apellido_paterno,apellido_materno,salario,turno_es_matutino) VALUES (73,73,51445,1514,'Talisman','1992-06-11','Simone','Crudge','Pickover',4876,'0');
INSERT INTO cuidador(id_persona,id_vivero,numero_exterior,cp,calle,fecha_nacimiento,nombre,apellido_paterno,apellido_materno,salario,turno_es_matutino) VALUES (74,74,1,3284,'Tennyson','1923-02-14','Hendrick','Sexon','Laxton',4705,'0');
INSERT INTO cuidador(id_persona,id_vivero,numero_exterior,cp,calle,fecha_nacimiento,nombre,apellido_paterno,apellido_materno,salario,turno_es_matutino) VALUES (75,75,65,29,'Coleman','1926-06-01','Lazarus','Pimlock','Griffitts',1728,'0');
INSERT INTO cuidador(id_persona,id_vivero,numero_exterior,cp,calle,fecha_nacimiento,nombre,apellido_paterno,apellido_materno,salario,turno_es_matutino) VALUES (76,76,5,9,'Pankratz','1996-03-19','Barbe','Shine','Batsford',2816,'1');
INSERT INTO cuidador(id_persona,id_vivero,numero_exterior,cp,calle,fecha_nacimiento,nombre,apellido_paterno,apellido_materno,salario,turno_es_matutino) VALUES (77,77,19516,2899,'Declaration','1904-03-20','Nolie','Pankettman','Romanski',3243,'1');
INSERT INTO cuidador(id_persona,id_vivero,numero_exterior,cp,calle,fecha_nacimiento,nombre,apellido_paterno,apellido_materno,salario,turno_es_matutino) VALUES (78,78,9,1,'Derek','1901-04-04','Deanna','Haversum','Antram',1383,'1');
INSERT INTO cuidador(id_persona,id_vivero,numero_exterior,cp,calle,fecha_nacimiento,nombre,apellido_paterno,apellido_materno,salario,turno_es_matutino) VALUES (79,79,533,66,'Swallow','1943-10-27','Lynne','Dadge','Birdwistle',4644,'1');
INSERT INTO cuidador(id_persona,id_vivero,numero_exterior,cp,calle,fecha_nacimiento,nombre,apellido_paterno,apellido_materno,salario,turno_es_matutino) VALUES (80,80,8,32236,'Springview','1979-04-24','Junia','Fernely','Kenningham',3139,'0');
INSERT INTO cuidador(id_persona,id_vivero,numero_exterior,cp,calle,fecha_nacimiento,nombre,apellido_paterno,apellido_materno,salario,turno_es_matutino) VALUES (81,81,07,9,'Porter','1939-09-18','Flinn','Jakuszewski','Provis',2677,'1');
INSERT INTO cuidador(id_persona,id_vivero,numero_exterior,cp,calle,fecha_nacimiento,nombre,apellido_paterno,apellido_materno,salario,turno_es_matutino) VALUES (82,82,40875,23,'Manley','1903-07-19','Adam','Smallbone','Whittleton',2699,'1');
INSERT INTO cuidador(id_persona,id_vivero,numero_exterior,cp,calle,fecha_nacimiento,nombre,apellido_paterno,apellido_materno,salario,turno_es_matutino) VALUES (83,83,056,007,'Declaration','1921-07-28','Jillene','Burns','Tommen',3535,'0');
INSERT INTO cuidador(id_persona,id_vivero,numero_exterior,cp,calle,fecha_nacimiento,nombre,apellido_paterno,apellido_materno,salario,turno_es_matutino) VALUES (84,84,07355,19352,'Autumn Leaf','1945-02-06','Wilfrid','Willgrass','Vouls',3241,'1');
INSERT INTO cuidador(id_persona,id_vivero,numero_exterior,cp,calle,fecha_nacimiento,nombre,apellido_paterno,apellido_materno,salario,turno_es_matutino) VALUES (85,85,11569,2977,'Elmside','1917-09-21','Stevie','Thurbon','McWaters',1672,'1');
INSERT INTO cuidador(id_persona,id_vivero,numero_exterior,cp,calle,fecha_nacimiento,nombre,apellido_paterno,apellido_materno,salario,turno_es_matutino) VALUES (86,86,64700,1,'Cherokee','1993-08-06','Kassia','Reeve','Oakhill',1641,'0');
INSERT INTO cuidador(id_persona,id_vivero,numero_exterior,cp,calle,fecha_nacimiento,nombre,apellido_paterno,apellido_materno,salario,turno_es_matutino) VALUES (87,87,71,0,'Lotheville','1932-05-23','Oralee','Mea','Shercliff',1470,'0');
INSERT INTO cuidador(id_persona,id_vivero,numero_exterior,cp,calle,fecha_nacimiento,nombre,apellido_paterno,apellido_materno,salario,turno_es_matutino) VALUES (88,88,3,2929,'Anzinger','1976-04-02','Myrtle','Stede','Feldbaum',3892,'1');
INSERT INTO cuidador(id_persona,id_vivero,numero_exterior,cp,calle,fecha_nacimiento,nombre,apellido_paterno,apellido_materno,salario,turno_es_matutino) VALUES (89,89,496,5,'Arrowood','1976-04-13','Malissa','McGrory','Gimson',3307,'0');
INSERT INTO cuidador(id_persona,id_vivero,numero_exterior,cp,calle,fecha_nacimiento,nombre,apellido_paterno,apellido_materno,salario,turno_es_matutino) VALUES (90,90,4,76,'Lillian','1908-09-05','Hanny','Held','Defries',2153,'1');
INSERT INTO cuidador(id_persona,id_vivero,numero_exterior,cp,calle,fecha_nacimiento,nombre,apellido_paterno,apellido_materno,salario,turno_es_matutino) VALUES (91,91,6746,63577,'Brown','1926-01-08','Sosanna','Pawden','Galilee',2737,'1');
INSERT INTO cuidador(id_persona,id_vivero,numero_exterior,cp,calle,fecha_nacimiento,nombre,apellido_paterno,apellido_materno,salario,turno_es_matutino) VALUES (92,92,42392,5,'Cottonwood','1984-05-09','Georas','Aslet','Helliwell',1437,'1');
INSERT INTO cuidador(id_persona,id_vivero,numero_exterior,cp,calle,fecha_nacimiento,nombre,apellido_paterno,apellido_materno,salario,turno_es_matutino) VALUES (93,93,32601,0,'Randy','1974-06-20','Robbin','Junifer','Ohlsen',4676,'1');
INSERT INTO cuidador(id_persona,id_vivero,numero_exterior,cp,calle,fecha_nacimiento,nombre,apellido_paterno,apellido_materno,salario,turno_es_matutino) VALUES (94,94,8352,224,'Onsgard','1908-12-24','Bebe','Cuchey','Attrey',3925,'1');
INSERT INTO cuidador(id_persona,id_vivero,numero_exterior,cp,calle,fecha_nacimiento,nombre,apellido_paterno,apellido_materno,salario,turno_es_matutino) VALUES (95,95,97017,4,'Fieldstone','1952-11-22','Titus','Barbosa','Farebrother',4882,'0');
INSERT INTO cuidador(id_persona,id_vivero,numero_exterior,cp,calle,fecha_nacimiento,nombre,apellido_paterno,apellido_materno,salario,turno_es_matutino) VALUES (96,96,67854,54980,'Lukken','1945-06-28','Zelma','Priel','Shaddock',3896,'0');
INSERT INTO cuidador(id_persona,id_vivero,numero_exterior,cp,calle,fecha_nacimiento,nombre,apellido_paterno,apellido_materno,salario,turno_es_matutino) VALUES (97,97,90,7435,'Hauk','1900-11-23','Noe','Nowakowska','Castagna',1368,'1');
INSERT INTO cuidador(id_persona,id_vivero,numero_exterior,cp,calle,fecha_nacimiento,nombre,apellido_paterno,apellido_materno,salario,turno_es_matutino) VALUES (98,98,74,685,'West','1920-06-02','Kerr','Croker','Kimber',2272,'1');
INSERT INTO cuidador(id_persona,id_vivero,numero_exterior,cp,calle,fecha_nacimiento,nombre,apellido_paterno,apellido_materno,salario,turno_es_matutino) VALUES (99,99,9,34,'Starling','1991-01-20','Merrill','Erdes','Simants',2268,'0');
INSERT INTO cuidador(id_persona,id_vivero,numero_exterior,cp,calle,fecha_nacimiento,nombre,apellido_paterno,apellido_materno,salario,turno_es_matutino) VALUES (100,100,44880,090,'Golf View','1945-10-29','Carlin','Webley','Spiaggia',2517,'1');



INSERT INTO gerente(id_persona,id_vivero,numero_exterior,cp,calle,fecha_nacimiento,nombre,apellido_paterno,apellido_materno,salario,fecha_comienzo) VALUES (1,1,340,79,'David','1902-01-09','Alfons','Bolzen','Ciccottio',1047,'2022-11-13');
INSERT INTO gerente(id_persona,id_vivero,numero_exterior,cp,calle,fecha_nacimiento,nombre,apellido_paterno,apellido_materno,salario,fecha_comienzo) VALUES (2,2,91,562,'Burrows','1923-09-04','Rogerio','Lightfoot','Caldero',3100,'2022-05-09');
INSERT INTO gerente(id_persona,id_vivero,numero_exterior,cp,calle,fecha_nacimiento,nombre,apellido_paterno,apellido_materno,salario,fecha_comienzo) VALUES (3,3,36,7377,'Morrow','1985-12-29','Jaime','Rupert','Cazalet',2413,'2022-02-02');
INSERT INTO gerente(id_persona,id_vivero,numero_exterior,cp,calle,fecha_nacimiento,nombre,apellido_paterno,apellido_materno,salario,fecha_comienzo) VALUES (4,4,1,1998,'Sunfield','1967-04-08','Yehudi','Yakunikov','Handscomb',1561,'2021-12-12');
INSERT INTO gerente(id_persona,id_vivero,numero_exterior,cp,calle,fecha_nacimiento,nombre,apellido_paterno,apellido_materno,salario,fecha_comienzo) VALUES (5,5,6,82646,'Russell','2000-06-01','Alvan','Barlthrop','Fawks',3426,'2022-02-13');
INSERT INTO gerente(id_persona,id_vivero,numero_exterior,cp,calle,fecha_nacimiento,nombre,apellido_paterno,apellido_materno,salario,fecha_comienzo) VALUES (6,6,38341,94,'Dorton','1904-04-26','Hubey','Bolam','Rosenqvist',4950,'2022-03-10');
INSERT INTO gerente(id_persona,id_vivero,numero_exterior,cp,calle,fecha_nacimiento,nombre,apellido_paterno,apellido_materno,salario,fecha_comienzo) VALUES (7,7,1861,576,'Arapahoe','1978-04-02','Leicester','Kalinsky','Sousa',2062,'2022-05-22');
INSERT INTO gerente(id_persona,id_vivero,numero_exterior,cp,calle,fecha_nacimiento,nombre,apellido_paterno,apellido_materno,salario,fecha_comienzo) VALUES (8,8,461,8,'Lakewood Gardens','1918-02-26','Ole','Myrie','Paramore',3347,'2021-12-11');
INSERT INTO gerente(id_persona,id_vivero,numero_exterior,cp,calle,fecha_nacimiento,nombre,apellido_paterno,apellido_materno,salario,fecha_comienzo) VALUES (9,9,9,112,'Ohio','1995-09-11','Bernelle','Hinze','Balog',2508,'2022-05-13');
INSERT INTO gerente(id_persona,id_vivero,numero_exterior,cp,calle,fecha_nacimiento,nombre,apellido_paterno,apellido_materno,salario,fecha_comienzo) VALUES (10,10,8972,226,'Johnson','2000-07-20','Ainslie','Heningham','Edgcumbe',2594,'2022-05-24');
INSERT INTO gerente(id_persona,id_vivero,numero_exterior,cp,calle,fecha_nacimiento,nombre,apellido_paterno,apellido_materno,salario,fecha_comienzo) VALUES (11,11,805,26,'Monica','1936-01-27','Morse','Boumphrey','Burgess',3764,'2022-10-09');
INSERT INTO gerente(id_persona,id_vivero,numero_exterior,cp,calle,fecha_nacimiento,nombre,apellido_paterno,apellido_materno,salario,fecha_comienzo) VALUES (12,12,03,567,'Moulton','1958-10-21','Kaycee','Coggill','Moncreif',2171,'2022-01-09');
INSERT INTO gerente(id_persona,id_vivero,numero_exterior,cp,calle,fecha_nacimiento,nombre,apellido_paterno,apellido_materno,salario,fecha_comienzo) VALUES (13,13,491,33071,'Acker','1944-10-03','Zacharie','Beacroft','Colvine',3669,'2022-10-15');
INSERT INTO gerente(id_persona,id_vivero,numero_exterior,cp,calle,fecha_nacimiento,nombre,apellido_paterno,apellido_materno,salario,fecha_comienzo) VALUES (14,14,35,49901,'Anzinger','1948-12-11','Elyssa','Arzu','Conboy',1209,'2022-07-22');
INSERT INTO gerente(id_persona,id_vivero,numero_exterior,cp,calle,fecha_nacimiento,nombre,apellido_paterno,apellido_materno,salario,fecha_comienzo) VALUES (15,15,40229,822,'Oriole','1950-01-12','Clarine','Marzella','Brittan',4019,'2022-04-29');
INSERT INTO gerente(id_persona,id_vivero,numero_exterior,cp,calle,fecha_nacimiento,nombre,apellido_paterno,apellido_materno,salario,fecha_comienzo) VALUES (16,16,022,827,'Parkside','1914-05-31','Thebault','Cater','Mangham',4665,'2022-07-15');
INSERT INTO gerente(id_persona,id_vivero,numero_exterior,cp,calle,fecha_nacimiento,nombre,apellido_paterno,apellido_materno,salario,fecha_comienzo) VALUES (17,17,74,3,'Vera','1945-08-04','Malina','Izkovici','Sambath',1201,'2022-04-17');
INSERT INTO gerente(id_persona,id_vivero,numero_exterior,cp,calle,fecha_nacimiento,nombre,apellido_paterno,apellido_materno,salario,fecha_comienzo) VALUES (18,18,1,371,'Lakeland','1911-01-03','Gardiner','Quarrington','Shrimptone',4382,'2022-01-14');
INSERT INTO gerente(id_persona,id_vivero,numero_exterior,cp,calle,fecha_nacimiento,nombre,apellido_paterno,apellido_materno,salario,fecha_comienzo) VALUES (19,19,12,99,'Victoria','1959-07-27','Lyndsay','Foxen','Beatey',3930,'2022-08-19');
INSERT INTO gerente(id_persona,id_vivero,numero_exterior,cp,calle,fecha_nacimiento,nombre,apellido_paterno,apellido_materno,salario,fecha_comienzo) VALUES (20,20,9348,3,'Magdeline','1990-03-25','Rodie','MacKnight','Late',3736,'2022-01-22');
INSERT INTO gerente(id_persona,id_vivero,numero_exterior,cp,calle,fecha_nacimiento,nombre,apellido_paterno,apellido_materno,salario,fecha_comienzo) VALUES (21,21,9209,379,'Harper','1942-11-06','Francoise','Armin','Roloff',1206,'2021-12-28');
INSERT INTO gerente(id_persona,id_vivero,numero_exterior,cp,calle,fecha_nacimiento,nombre,apellido_paterno,apellido_materno,salario,fecha_comienzo) VALUES (22,22,32,989,'Aberg','1927-05-25','Rustin','Jeffress','Peto',1845,'2022-07-05');
INSERT INTO gerente(id_persona,id_vivero,numero_exterior,cp,calle,fecha_nacimiento,nombre,apellido_paterno,apellido_materno,salario,fecha_comienzo) VALUES (23,23,664,80726,'Golf','1947-03-14','Edee','Boddis','Robak',3905,'2022-06-24');
INSERT INTO gerente(id_persona,id_vivero,numero_exterior,cp,calle,fecha_nacimiento,nombre,apellido_paterno,apellido_materno,salario,fecha_comienzo) VALUES (24,24,16051,1513,'Dovetail','1918-09-15','Gilligan','Kneal','Kneal',4372,'2022-01-31');
INSERT INTO gerente(id_persona,id_vivero,numero_exterior,cp,calle,fecha_nacimiento,nombre,apellido_paterno,apellido_materno,salario,fecha_comienzo) VALUES (25,25,89,52,'Victoria','1933-05-20','Christina','Sumshon','Denziloe',1104,'2022-01-24');
INSERT INTO gerente(id_persona,id_vivero,numero_exterior,cp,calle,fecha_nacimiento,nombre,apellido_paterno,apellido_materno,salario,fecha_comienzo) VALUES (26,26,8541,47,'Londonderry','1937-05-07','Nikki','Narrie','Huskinson',1448,'2022-01-24');
INSERT INTO gerente(id_persona,id_vivero,numero_exterior,cp,calle,fecha_nacimiento,nombre,apellido_paterno,apellido_materno,salario,fecha_comienzo) VALUES (27,27,3,6049,'Menomonie','1953-01-15','Brew','Osichev','Collinwood',3070,'2022-03-18');
INSERT INTO gerente(id_persona,id_vivero,numero_exterior,cp,calle,fecha_nacimiento,nombre,apellido_paterno,apellido_materno,salario,fecha_comienzo) VALUES (28,28,8,1509,'Summer Ridge','1939-04-04','Alisha','Ottey','O''Bradain',3883,'2022-03-18');
INSERT INTO gerente(id_persona,id_vivero,numero_exterior,cp,calle,fecha_nacimiento,nombre,apellido_paterno,apellido_materno,salario,fecha_comienzo) VALUES (29,29,1,0557,'Marquette','1975-12-02','Rena','Cuddehy','Coultas',3297,'2021-11-20');
INSERT INTO gerente(id_persona,id_vivero,numero_exterior,cp,calle,fecha_nacimiento,nombre,apellido_paterno,apellido_materno,salario,fecha_comienzo) VALUES (30,30,82,48,'Donald','1910-10-09','Renault','Cockshot','Loyley',3169,'2022-06-07');
INSERT INTO gerente(id_persona,id_vivero,numero_exterior,cp,calle,fecha_nacimiento,nombre,apellido_paterno,apellido_materno,salario,fecha_comienzo) VALUES (31,31,48245,77122,'Del Mar','1975-12-31','Ailey','Nazer','Billie',1798,'2022-06-26');
INSERT INTO gerente(id_persona,id_vivero,numero_exterior,cp,calle,fecha_nacimiento,nombre,apellido_paterno,apellido_materno,salario,fecha_comienzo) VALUES (32,32,675,723,'Jenna','1910-11-28','Maury','Beades','Oakton',1866,'2022-03-24');
INSERT INTO gerente(id_persona,id_vivero,numero_exterior,cp,calle,fecha_nacimiento,nombre,apellido_paterno,apellido_materno,salario,fecha_comienzo) VALUES (33,33,6504,6008,'Talmadge','1967-09-01','Kain','Dorkens','Canto',2509,'2022-04-27');
INSERT INTO gerente(id_persona,id_vivero,numero_exterior,cp,calle,fecha_nacimiento,nombre,apellido_paterno,apellido_materno,salario,fecha_comienzo) VALUES (34,34,769,2291,'6th','1976-11-07','Aile','Howes','Rouch',2636,'2021-12-16');
INSERT INTO gerente(id_persona,id_vivero,numero_exterior,cp,calle,fecha_nacimiento,nombre,apellido_paterno,apellido_materno,salario,fecha_comienzo) VALUES (35,35,7,40,'Paget','1946-09-22','Lizbeth','Vearncomb','Tudgay',2026,'2022-01-23');
INSERT INTO gerente(id_persona,id_vivero,numero_exterior,cp,calle,fecha_nacimiento,nombre,apellido_paterno,apellido_materno,salario,fecha_comienzo) VALUES (36,36,6,210,'Oxford','1902-06-19','Berkly','Brahmer','Fothergill',1055,'2022-01-28');
INSERT INTO gerente(id_persona,id_vivero,numero_exterior,cp,calle,fecha_nacimiento,nombre,apellido_paterno,apellido_materno,salario,fecha_comienzo) VALUES (37,37,6256,37,'Waubesa','1911-09-18','Ronda','Hucke','Keyte',3827,'2022-01-11');
INSERT INTO gerente(id_persona,id_vivero,numero_exterior,cp,calle,fecha_nacimiento,nombre,apellido_paterno,apellido_materno,salario,fecha_comienzo) VALUES (38,38,01162,0,'Dakota','1980-11-01','Frannie','Witter','Eplett',1620,'2021-11-21');
INSERT INTO gerente(id_persona,id_vivero,numero_exterior,cp,calle,fecha_nacimiento,nombre,apellido_paterno,apellido_materno,salario,fecha_comienzo) VALUES (39,39,89132,6,'Laurel','1984-02-19','Antonio','Halsey','Kindall',3154,'2022-01-26');
INSERT INTO gerente(id_persona,id_vivero,numero_exterior,cp,calle,fecha_nacimiento,nombre,apellido_paterno,apellido_materno,salario,fecha_comienzo) VALUES (40,40,01235,2483,'Hoard','1949-11-01','Horatio','Matonin','Ruprechter',2855,'2022-04-17');
INSERT INTO gerente(id_persona,id_vivero,numero_exterior,cp,calle,fecha_nacimiento,nombre,apellido_paterno,apellido_materno,salario,fecha_comienzo) VALUES (41,41,8150,5129,'Comanche','1943-11-22','Rafaela','Roscher','Milhench',4851,'2022-10-27');
INSERT INTO gerente(id_persona,id_vivero,numero_exterior,cp,calle,fecha_nacimiento,nombre,apellido_paterno,apellido_materno,salario,fecha_comienzo) VALUES (42,42,6,6,'Warrior','1949-09-10','Burton','Eykel','By',2451,'2021-12-13');
INSERT INTO gerente(id_persona,id_vivero,numero_exterior,cp,calle,fecha_nacimiento,nombre,apellido_paterno,apellido_materno,salario,fecha_comienzo) VALUES (43,43,68,7,'Johnson','1980-05-18','Phyllys','Dodridge','Souza',3296,'2022-03-19');
INSERT INTO gerente(id_persona,id_vivero,numero_exterior,cp,calle,fecha_nacimiento,nombre,apellido_paterno,apellido_materno,salario,fecha_comienzo) VALUES (44,44,3352,1,'Transport','1979-03-21','Tarah','Janoch','Slingsby',4296,'2022-03-25');
INSERT INTO gerente(id_persona,id_vivero,numero_exterior,cp,calle,fecha_nacimiento,nombre,apellido_paterno,apellido_materno,salario,fecha_comienzo) VALUES (45,45,5931,15107,'Portage','1945-01-22','Ursola','Bernt','Ratt',4225,'2022-10-18');
INSERT INTO gerente(id_persona,id_vivero,numero_exterior,cp,calle,fecha_nacimiento,nombre,apellido_paterno,apellido_materno,salario,fecha_comienzo) VALUES (46,46,236,8,'Basil','1942-10-18','Richie','Geely','Ellingworth',3267,'2022-04-03');
INSERT INTO gerente(id_persona,id_vivero,numero_exterior,cp,calle,fecha_nacimiento,nombre,apellido_paterno,apellido_materno,salario,fecha_comienzo) VALUES (47,47,456,075,'Maywood','1902-05-18','Thomasine','Vizor','Lestor',3346,'2021-12-12');
INSERT INTO gerente(id_persona,id_vivero,numero_exterior,cp,calle,fecha_nacimiento,nombre,apellido_paterno,apellido_materno,salario,fecha_comienzo) VALUES (48,48,9386,5889,'Golf View','1952-10-23','Artemas','Pinsent','Fairpool',1777,'2022-07-19');
INSERT INTO gerente(id_persona,id_vivero,numero_exterior,cp,calle,fecha_nacimiento,nombre,apellido_paterno,apellido_materno,salario,fecha_comienzo) VALUES (49,49,3,2719,'Straubel','1930-10-22','Marlo','Corson','Eastham',2129,'2021-11-19');
INSERT INTO gerente(id_persona,id_vivero,numero_exterior,cp,calle,fecha_nacimiento,nombre,apellido_paterno,apellido_materno,salario,fecha_comienzo) VALUES (50,50,059,305,'Derek','1962-03-16','Hildy','Littlemore','Ledbury',4445,'2022-08-21');
INSERT INTO gerente(id_persona,id_vivero,numero_exterior,cp,calle,fecha_nacimiento,nombre,apellido_paterno,apellido_materno,salario,fecha_comienzo) VALUES (51,51,01321,0,'Burning Wood','1986-03-24','Odie','Shera','Minithorpe',1118,'2022-02-11');
INSERT INTO gerente(id_persona,id_vivero,numero_exterior,cp,calle,fecha_nacimiento,nombre,apellido_paterno,apellido_materno,salario,fecha_comienzo) VALUES (52,52,47330,5608,'Summerview','1914-03-02','Lizbeth','Braybrook','Dudden',3056,'2022-04-16');
INSERT INTO gerente(id_persona,id_vivero,numero_exterior,cp,calle,fecha_nacimiento,nombre,apellido_paterno,apellido_materno,salario,fecha_comienzo) VALUES (53,53,72,21181,'Loomis','1909-07-16','Mateo','Krzysztofiak','Rauprich',4356,'2022-09-21');
INSERT INTO gerente(id_persona,id_vivero,numero_exterior,cp,calle,fecha_nacimiento,nombre,apellido_paterno,apellido_materno,salario,fecha_comienzo) VALUES (54,54,76,3010,'Dexter','1939-12-24','Benedick','Kellart','Daile',4824,'2022-02-24');
INSERT INTO gerente(id_persona,id_vivero,numero_exterior,cp,calle,fecha_nacimiento,nombre,apellido_paterno,apellido_materno,salario,fecha_comienzo) VALUES (55,55,613,3830,'Ronald Regan','1967-10-11','Tracey','Grayshon','Cupitt',1770,'2022-01-13');
INSERT INTO gerente(id_persona,id_vivero,numero_exterior,cp,calle,fecha_nacimiento,nombre,apellido_paterno,apellido_materno,salario,fecha_comienzo) VALUES (56,56,3,07588,'Shasta','1998-11-02','Josias','Woolfitt','Acock',3257,'2022-08-05');
INSERT INTO gerente(id_persona,id_vivero,numero_exterior,cp,calle,fecha_nacimiento,nombre,apellido_paterno,apellido_materno,salario,fecha_comienzo) VALUES (57,57,685,3343,'Annamark','1904-06-21','Catherine','Cordell','Kenealy',4334,'2022-05-13');
INSERT INTO gerente(id_persona,id_vivero,numero_exterior,cp,calle,fecha_nacimiento,nombre,apellido_paterno,apellido_materno,salario,fecha_comienzo) VALUES (58,58,9,05,'Calypso','1991-03-03','Doralyn','Klewer','Aleksashin',1779,'2022-10-15');
INSERT INTO gerente(id_persona,id_vivero,numero_exterior,cp,calle,fecha_nacimiento,nombre,apellido_paterno,apellido_materno,salario,fecha_comienzo) VALUES (59,59,3477,8,'Monica','1924-11-01','Randolph','Splain','Malthus',1743,'2022-04-13');
INSERT INTO gerente(id_persona,id_vivero,numero_exterior,cp,calle,fecha_nacimiento,nombre,apellido_paterno,apellido_materno,salario,fecha_comienzo) VALUES (60,60,3432,21,'Fairview','1962-02-27','Octavia','Pittaway','Gallen',3445,'2022-09-07');
INSERT INTO gerente(id_persona,id_vivero,numero_exterior,cp,calle,fecha_nacimiento,nombre,apellido_paterno,apellido_materno,salario,fecha_comienzo) VALUES (61,61,54,3273,'Warner','1916-04-07','Northrop','Lyddy','Costy',3879,'2022-04-21');
INSERT INTO gerente(id_persona,id_vivero,numero_exterior,cp,calle,fecha_nacimiento,nombre,apellido_paterno,apellido_materno,salario,fecha_comienzo) VALUES (62,62,8778,9,'Waxwing','1963-08-16','Godiva','Brearty','Bernat',1820,'2022-08-18');
INSERT INTO gerente(id_persona,id_vivero,numero_exterior,cp,calle,fecha_nacimiento,nombre,apellido_paterno,apellido_materno,salario,fecha_comienzo) VALUES (63,63,45360,936,'Rieder','1944-12-25','Leonie','Bafford','Askew',1923,'2022-09-20');
INSERT INTO gerente(id_persona,id_vivero,numero_exterior,cp,calle,fecha_nacimiento,nombre,apellido_paterno,apellido_materno,salario,fecha_comienzo) VALUES (64,64,61,9,'Stang','1978-09-07','Noel','Austick','Soppitt',1659,'2021-12-05');
INSERT INTO gerente(id_persona,id_vivero,numero_exterior,cp,calle,fecha_nacimiento,nombre,apellido_paterno,apellido_materno,salario,fecha_comienzo) VALUES (65,65,2,703,'Warrior','1977-05-08','Syd','Andersson','Abels',3199,'2022-02-12');
INSERT INTO gerente(id_persona,id_vivero,numero_exterior,cp,calle,fecha_nacimiento,nombre,apellido_paterno,apellido_materno,salario,fecha_comienzo) VALUES (66,66,9,70,'Fair Oaks','1972-06-14','Emmaline','Tippings','Tigner',2949,'2021-11-24');
INSERT INTO gerente(id_persona,id_vivero,numero_exterior,cp,calle,fecha_nacimiento,nombre,apellido_paterno,apellido_materno,salario,fecha_comienzo) VALUES (67,67,00,5,'Dixon','1944-01-12','Benson','Fuge','Gonin',3989,'2022-05-03');
INSERT INTO gerente(id_persona,id_vivero,numero_exterior,cp,calle,fecha_nacimiento,nombre,apellido_paterno,apellido_materno,salario,fecha_comienzo) VALUES (68,68,3,03,'Talisman','1998-02-13','Mirella','Kneebone','Hedgecock',1972,'2022-07-21');
INSERT INTO gerente(id_persona,id_vivero,numero_exterior,cp,calle,fecha_nacimiento,nombre,apellido_paterno,apellido_materno,salario,fecha_comienzo) VALUES (69,69,7,80358,'Lake View','1957-03-19','Luigi','Mills','Beauchamp',3491,'2022-01-14');
INSERT INTO gerente(id_persona,id_vivero,numero_exterior,cp,calle,fecha_nacimiento,nombre,apellido_paterno,apellido_materno,salario,fecha_comienzo) VALUES (70,70,67106,6188,'4th','1964-01-20','Nady','Conochie','Helleckas',2716,'2021-11-27');
INSERT INTO gerente(id_persona,id_vivero,numero_exterior,cp,calle,fecha_nacimiento,nombre,apellido_paterno,apellido_materno,salario,fecha_comienzo) VALUES (71,71,6372,782,'Packers','1950-09-23','Susie','Deverson','Reckhouse',3800,'2022-04-24');
INSERT INTO gerente(id_persona,id_vivero,numero_exterior,cp,calle,fecha_nacimiento,nombre,apellido_paterno,apellido_materno,salario,fecha_comienzo) VALUES (72,72,02,5,'Mandrake','1977-06-05','Niki','Crowche','Wiltshier',3593,'2022-06-17');
INSERT INTO gerente(id_persona,id_vivero,numero_exterior,cp,calle,fecha_nacimiento,nombre,apellido_paterno,apellido_materno,salario,fecha_comienzo) VALUES (73,73,44396,0,'Columbus','1910-09-22','Poul','Smallsman','Drohane',2643,'2022-09-04');
INSERT INTO gerente(id_persona,id_vivero,numero_exterior,cp,calle,fecha_nacimiento,nombre,apellido_paterno,apellido_materno,salario,fecha_comienzo) VALUES (74,74,94062,6951,'Duke','1960-07-06','Fair','Oade','Pottell',3685,'2022-04-02');
INSERT INTO gerente(id_persona,id_vivero,numero_exterior,cp,calle,fecha_nacimiento,nombre,apellido_paterno,apellido_materno,salario,fecha_comienzo) VALUES (75,75,25,099,'Leroy','1965-09-24','Shae','Chicchetto','Jury',2373,'2022-07-10');
INSERT INTO gerente(id_persona,id_vivero,numero_exterior,cp,calle,fecha_nacimiento,nombre,apellido_paterno,apellido_materno,salario,fecha_comienzo) VALUES (76,76,2,7565,'Monica','1907-11-08','Barbara-anne','Keen','Hammett',2596,'2022-02-25');
INSERT INTO gerente(id_persona,id_vivero,numero_exterior,cp,calle,fecha_nacimiento,nombre,apellido_paterno,apellido_materno,salario,fecha_comienzo) VALUES (77,77,9248,902,'Parkside','1979-04-05','Noelyn','Toy','Booeln',3737,'2022-05-24');
INSERT INTO gerente(id_persona,id_vivero,numero_exterior,cp,calle,fecha_nacimiento,nombre,apellido_paterno,apellido_materno,salario,fecha_comienzo) VALUES (78,78,05,4,'Lake View','1967-01-03','Katheryn','Blakeman','Bentsen',2062,'2022-02-18');
INSERT INTO gerente(id_persona,id_vivero,numero_exterior,cp,calle,fecha_nacimiento,nombre,apellido_paterno,apellido_materno,salario,fecha_comienzo) VALUES (79,79,4108,78935,'Bultman','1971-02-25','Logan','Shillingford','Hurley',1204,'2022-01-08');
INSERT INTO gerente(id_persona,id_vivero,numero_exterior,cp,calle,fecha_nacimiento,nombre,apellido_paterno,apellido_materno,salario,fecha_comienzo) VALUES (80,80,2638,75775,'Mccormick','1911-03-15','Neely','Pellingar','Vase',4799,'2022-09-21');
INSERT INTO gerente(id_persona,id_vivero,numero_exterior,cp,calle,fecha_nacimiento,nombre,apellido_paterno,apellido_materno,salario,fecha_comienzo) VALUES (81,81,9456,83,'Columbus','1938-02-08','Waldo','Duggon','Winkless',3309,'2022-03-31');
INSERT INTO gerente(id_persona,id_vivero,numero_exterior,cp,calle,fecha_nacimiento,nombre,apellido_paterno,apellido_materno,salario,fecha_comienzo) VALUES (82,82,8064,929,'Nancy','1913-04-13','Essie','Dashkov','Desporte',3851,'2022-10-28');
INSERT INTO gerente(id_persona,id_vivero,numero_exterior,cp,calle,fecha_nacimiento,nombre,apellido_paterno,apellido_materno,salario,fecha_comienzo) VALUES (83,83,060,132,'Meadow Vale','1905-01-19','Brynn','Paradine','Goble',4520,'2022-03-09');
INSERT INTO gerente(id_persona,id_vivero,numero_exterior,cp,calle,fecha_nacimiento,nombre,apellido_paterno,apellido_materno,salario,fecha_comienzo) VALUES (84,84,229,4502,'Burrows','1905-07-06','Sondra','Tinham','Imos',4152,'2022-01-05');
INSERT INTO gerente(id_persona,id_vivero,numero_exterior,cp,calle,fecha_nacimiento,nombre,apellido_paterno,apellido_materno,salario,fecha_comienzo) VALUES (85,85,1114,2762,'Morrow','1986-08-15','Serena','Elby','Cleynaert',2400,'2022-01-15');
INSERT INTO gerente(id_persona,id_vivero,numero_exterior,cp,calle,fecha_nacimiento,nombre,apellido_paterno,apellido_materno,salario,fecha_comienzo) VALUES (86,86,7797,935,'Coolidge','1951-08-14','Tessie','Stockhill','Lawtie',4461,'2022-10-05');
INSERT INTO gerente(id_persona,id_vivero,numero_exterior,cp,calle,fecha_nacimiento,nombre,apellido_paterno,apellido_materno,salario,fecha_comienzo) VALUES (87,87,1054,2,'Bay','1934-06-28','Jamesy','Trunchion','Yackiminie',2133,'2022-06-12');
INSERT INTO gerente(id_persona,id_vivero,numero_exterior,cp,calle,fecha_nacimiento,nombre,apellido_paterno,apellido_materno,salario,fecha_comienzo) VALUES (88,88,4,079,'Summer Ridge','1935-04-04','Kellie','Seeler','Wysome',4581,'2022-10-07');
INSERT INTO gerente(id_persona,id_vivero,numero_exterior,cp,calle,fecha_nacimiento,nombre,apellido_paterno,apellido_materno,salario,fecha_comienzo) VALUES (89,89,6,06406,'Troy','1976-03-01','Hersch','Tingey','Holborn',4792,'2022-09-05');
INSERT INTO gerente(id_persona,id_vivero,numero_exterior,cp,calle,fecha_nacimiento,nombre,apellido_paterno,apellido_materno,salario,fecha_comienzo) VALUES (90,90,31257,1,'Kenwood','1917-12-31','Fidela','Durling','Dunley',3354,'2022-04-09');
INSERT INTO gerente(id_persona,id_vivero,numero_exterior,cp,calle,fecha_nacimiento,nombre,apellido_paterno,apellido_materno,salario,fecha_comienzo) VALUES (91,91,4,6885,'Cody','1966-07-09','Shaylyn','Lennox','Petyt',1058,'2022-06-17');
INSERT INTO gerente(id_persona,id_vivero,numero_exterior,cp,calle,fecha_nacimiento,nombre,apellido_paterno,apellido_materno,salario,fecha_comienzo) VALUES (92,92,350,923,'Veith','1989-12-21','Ardys','Dessaur','Jesteco',1477,'2022-01-16');
INSERT INTO gerente(id_persona,id_vivero,numero_exterior,cp,calle,fecha_nacimiento,nombre,apellido_paterno,apellido_materno,salario,fecha_comienzo) VALUES (93,93,185,17407,'Banding','1972-10-16','Guinna','Spellissy','Cruden',1005,'2022-05-27');
INSERT INTO gerente(id_persona,id_vivero,numero_exterior,cp,calle,fecha_nacimiento,nombre,apellido_paterno,apellido_materno,salario,fecha_comienzo) VALUES (94,94,725,4915,'Meadow Vale','1904-10-19','Roy','Howroyd','Kenforth',1045,'2022-02-25');
INSERT INTO gerente(id_persona,id_vivero,numero_exterior,cp,calle,fecha_nacimiento,nombre,apellido_paterno,apellido_materno,salario,fecha_comienzo) VALUES (95,95,00859,49,'Beilfuss','1953-05-27','Elmo','Scheffler','Measey',2981,'2022-03-25');
INSERT INTO gerente(id_persona,id_vivero,numero_exterior,cp,calle,fecha_nacimiento,nombre,apellido_paterno,apellido_materno,salario,fecha_comienzo) VALUES (96,96,8,887,'Dawn','1902-06-16','Miles','Hulle','Drinan',1485,'2022-10-16');
INSERT INTO gerente(id_persona,id_vivero,numero_exterior,cp,calle,fecha_nacimiento,nombre,apellido_paterno,apellido_materno,salario,fecha_comienzo) VALUES (97,97,5,8,'Ilene','1919-01-11','Morrie','Maruska','Wardhough',2929,'2022-04-19');
INSERT INTO gerente(id_persona,id_vivero,numero_exterior,cp,calle,fecha_nacimiento,nombre,apellido_paterno,apellido_materno,salario,fecha_comienzo) VALUES (98,98,5201,28,'Chinook','1940-01-03','Loy','McKune','Weyman',2754,'2021-12-11');
INSERT INTO gerente(id_persona,id_vivero,numero_exterior,cp,calle,fecha_nacimiento,nombre,apellido_paterno,apellido_materno,salario,fecha_comienzo) VALUES (99,99,4077,49408,'Melody','1916-11-17','Engelbert','Argont','Dun',3616,'2022-03-22');
INSERT INTO gerente(id_persona,id_vivero,numero_exterior,cp,calle,fecha_nacimiento,nombre,apellido_paterno,apellido_materno,salario,fecha_comienzo) VALUES (100,100,4,3157,'Fairview','1999-08-23','Mariana','Coyish','Gibbett',3394,'2022-09-07');



INSERT INTO encargado(id_persona,id_vivero,numero_exterior,cp,calle,fecha_nacimiento,nombre,apellido_paterno,apellido_materno,salario,num_clientes_ayudados) VALUES (1,1,0397,144,'Hudson','1945-05-27','Addia','Segar','Slewcock',3755,15);
INSERT INTO encargado(id_persona,id_vivero,numero_exterior,cp,calle,fecha_nacimiento,nombre,apellido_paterno,apellido_materno,salario,num_clientes_ayudados) VALUES (2,2,76,01,'Park Meadow','1925-03-11','Helenelizabeth','Threadgill','Petyanin',3400,6);
INSERT INTO encargado(id_persona,id_vivero,numero_exterior,cp,calle,fecha_nacimiento,nombre,apellido_paterno,apellido_materno,salario,num_clientes_ayudados) VALUES (3,3,26,10,'Sugar','1953-11-04','Lil','Murkin','Noon',1365,7);
INSERT INTO encargado(id_persona,id_vivero,numero_exterior,cp,calle,fecha_nacimiento,nombre,apellido_paterno,apellido_materno,salario,num_clientes_ayudados) VALUES (4,4,72455,4284,'Fairview','1943-05-07','Nollie','Patridge','Durtnell',3277,5);
INSERT INTO encargado(id_persona,id_vivero,numero_exterior,cp,calle,fecha_nacimiento,nombre,apellido_paterno,apellido_materno,salario,num_clientes_ayudados) VALUES (5,5,6,82532,'Service','1935-11-16','Eyde','Bevington','Follin',2271,8);
INSERT INTO encargado(id_persona,id_vivero,numero_exterior,cp,calle,fecha_nacimiento,nombre,apellido_paterno,apellido_materno,salario,num_clientes_ayudados) VALUES (6,6,561,3,'Pepper Wood','1967-03-15','Starlin','Hyrons','Cullerne',3094,16);
INSERT INTO encargado(id_persona,id_vivero,numero_exterior,cp,calle,fecha_nacimiento,nombre,apellido_paterno,apellido_materno,salario,num_clientes_ayudados) VALUES (7,7,0650,1,'Granby','1935-12-24','Aleda','O''Hickee','Emma',4585,20);
INSERT INTO encargado(id_persona,id_vivero,numero_exterior,cp,calle,fecha_nacimiento,nombre,apellido_paterno,apellido_materno,salario,num_clientes_ayudados) VALUES (8,8,52,356,'Shopko','1931-07-29','Adore','Ashcroft','Fitkin',3702,20);
INSERT INTO encargado(id_persona,id_vivero,numero_exterior,cp,calle,fecha_nacimiento,nombre,apellido_paterno,apellido_materno,salario,num_clientes_ayudados) VALUES (9,9,45,372,'Colorado','1962-05-06','Rancell','Tiffney','Gerkens',3384,19);
INSERT INTO encargado(id_persona,id_vivero,numero_exterior,cp,calle,fecha_nacimiento,nombre,apellido_paterno,apellido_materno,salario,num_clientes_ayudados) VALUES (10,10,323,8,'Spenser','1971-12-01','Romeo','Butner','Zorener',3108,8);
INSERT INTO encargado(id_persona,id_vivero,numero_exterior,cp,calle,fecha_nacimiento,nombre,apellido_paterno,apellido_materno,salario,num_clientes_ayudados) VALUES (11,11,04,8,'Knutson','1984-11-07','Oliver','Perello','Atcock',1594,11);
INSERT INTO encargado(id_persona,id_vivero,numero_exterior,cp,calle,fecha_nacimiento,nombre,apellido_paterno,apellido_materno,salario,num_clientes_ayudados) VALUES (12,12,0311,600,'Fulton','1960-01-05','Adriaens','Acton','Welford',1208,7);
INSERT INTO encargado(id_persona,id_vivero,numero_exterior,cp,calle,fecha_nacimiento,nombre,apellido_paterno,apellido_materno,salario,num_clientes_ayudados) VALUES (13,13,76611,5895,'Hooker','1932-05-18','Bradney','Widdop','Rowat',2477,8);
INSERT INTO encargado(id_persona,id_vivero,numero_exterior,cp,calle,fecha_nacimiento,nombre,apellido_paterno,apellido_materno,salario,num_clientes_ayudados) VALUES (14,14,45336,34204,'Brickson Park','1910-07-07','Andras','Gillatt','Stammers',1419,13);
INSERT INTO encargado(id_persona,id_vivero,numero_exterior,cp,calle,fecha_nacimiento,nombre,apellido_paterno,apellido_materno,salario,num_clientes_ayudados) VALUES (15,15,96,525,'Rutledge','1960-09-06','Rozamond','Renouf','Brotherick',3481,5);
INSERT INTO encargado(id_persona,id_vivero,numero_exterior,cp,calle,fecha_nacimiento,nombre,apellido_paterno,apellido_materno,salario,num_clientes_ayudados) VALUES (16,16,97,11,'Surrey','1953-03-07','Jobye','Siggers','Scandrite',3417,6);
INSERT INTO encargado(id_persona,id_vivero,numero_exterior,cp,calle,fecha_nacimiento,nombre,apellido_paterno,apellido_materno,salario,num_clientes_ayudados) VALUES (17,17,452,680,'Bartillon','1925-05-13','Gertrude','Flemyng','Becerra',1108,5);
INSERT INTO encargado(id_persona,id_vivero,numero_exterior,cp,calle,fecha_nacimiento,nombre,apellido_paterno,apellido_materno,salario,num_clientes_ayudados) VALUES (18,18,13852,78,'Helena','1999-03-13','Bernie','Stoffels','Arangy',3724,11);
INSERT INTO encargado(id_persona,id_vivero,numero_exterior,cp,calle,fecha_nacimiento,nombre,apellido_paterno,apellido_materno,salario,num_clientes_ayudados) VALUES (19,19,6958,1144,'Fordem','1995-05-26','Dalia','Ferreras','Ellingworth',4961,7);
INSERT INTO encargado(id_persona,id_vivero,numero_exterior,cp,calle,fecha_nacimiento,nombre,apellido_paterno,apellido_materno,salario,num_clientes_ayudados) VALUES (20,20,2,182,'Surrey','1913-04-09','Pavlov','Compford','Troak',1666,17);
INSERT INTO encargado(id_persona,id_vivero,numero_exterior,cp,calle,fecha_nacimiento,nombre,apellido_paterno,apellido_materno,salario,num_clientes_ayudados) VALUES (21,21,3,38253,'Moland','1964-08-14','Leonid','Hayworth','Kibblewhite',4367,20);
INSERT INTO encargado(id_persona,id_vivero,numero_exterior,cp,calle,fecha_nacimiento,nombre,apellido_paterno,apellido_materno,salario,num_clientes_ayudados) VALUES (22,22,406,519,'Hollow Ridge','1999-11-13','Trudi','Cavil','Isaksen',1442,8);
INSERT INTO encargado(id_persona,id_vivero,numero_exterior,cp,calle,fecha_nacimiento,nombre,apellido_paterno,apellido_materno,salario,num_clientes_ayudados) VALUES (23,23,21140,591,'Service','1973-03-04','Amelia','Cockell','MacGarvey',2220,16);
INSERT INTO encargado(id_persona,id_vivero,numero_exterior,cp,calle,fecha_nacimiento,nombre,apellido_paterno,apellido_materno,salario,num_clientes_ayudados) VALUES (24,24,46547,5,'Grover','1989-07-16','Shepherd','Lattey','Legate',4012,7);
INSERT INTO encargado(id_persona,id_vivero,numero_exterior,cp,calle,fecha_nacimiento,nombre,apellido_paterno,apellido_materno,salario,num_clientes_ayudados) VALUES (25,25,77,1,'Loftsgordon','2000-09-07','Donal','Duggon','Rewan',2404,13);
INSERT INTO encargado(id_persona,id_vivero,numero_exterior,cp,calle,fecha_nacimiento,nombre,apellido_paterno,apellido_materno,salario,num_clientes_ayudados) VALUES (26,26,7631,890,'Loeprich','1962-12-23','Rand','Barsam','Ible',4898,13);
INSERT INTO encargado(id_persona,id_vivero,numero_exterior,cp,calle,fecha_nacimiento,nombre,apellido_paterno,apellido_materno,salario,num_clientes_ayudados) VALUES (27,27,396,5,'Superior','1974-10-21','Merralee','Bitten','Woodvine',3202,7);
INSERT INTO encargado(id_persona,id_vivero,numero_exterior,cp,calle,fecha_nacimiento,nombre,apellido_paterno,apellido_materno,salario,num_clientes_ayudados) VALUES (28,28,54,0417,'Fairview','1919-06-24','Gawen','Ech','Throssell',2180,14);
INSERT INTO encargado(id_persona,id_vivero,numero_exterior,cp,calle,fecha_nacimiento,nombre,apellido_paterno,apellido_materno,salario,num_clientes_ayudados) VALUES (29,29,41834,85,'International','1918-12-21','Demeter','Gotfrey','Bleakman',2750,5);
INSERT INTO encargado(id_persona,id_vivero,numero_exterior,cp,calle,fecha_nacimiento,nombre,apellido_paterno,apellido_materno,salario,num_clientes_ayudados) VALUES (30,30,1238,43904,'Warrior','1998-11-26','Ode','Danit','Dunbavin',2817,12);
INSERT INTO encargado(id_persona,id_vivero,numero_exterior,cp,calle,fecha_nacimiento,nombre,apellido_paterno,apellido_materno,salario,num_clientes_ayudados) VALUES (31,31,9,29,'East','1980-11-08','Suzi','Lubbock','Weare',2043,14);
INSERT INTO encargado(id_persona,id_vivero,numero_exterior,cp,calle,fecha_nacimiento,nombre,apellido_paterno,apellido_materno,salario,num_clientes_ayudados) VALUES (32,32,9527,03,'Commercial','1929-08-12','Matthieu','Farrall','Swaden',1268,12);
INSERT INTO encargado(id_persona,id_vivero,numero_exterior,cp,calle,fecha_nacimiento,nombre,apellido_paterno,apellido_materno,salario,num_clientes_ayudados) VALUES (33,33,8,7314,'Bunting','1926-02-19','Falkner','Dickerline','Goldis',4223,7);
INSERT INTO encargado(id_persona,id_vivero,numero_exterior,cp,calle,fecha_nacimiento,nombre,apellido_paterno,apellido_materno,salario,num_clientes_ayudados) VALUES (34,34,79848,55112,'Stone Corner','1960-01-05','Sean','Covolini','Janaszkiewicz',1622,11);
INSERT INTO encargado(id_persona,id_vivero,numero_exterior,cp,calle,fecha_nacimiento,nombre,apellido_paterno,apellido_materno,salario,num_clientes_ayudados) VALUES (35,35,028,9921,'Sunfield','1992-06-28','Web','Dawltrey','Dyers',3360,20);
INSERT INTO encargado(id_persona,id_vivero,numero_exterior,cp,calle,fecha_nacimiento,nombre,apellido_paterno,apellido_materno,salario,num_clientes_ayudados) VALUES (36,36,1,57095,'Mcguire','1901-05-02','Ahmad','Jennings','Hawes',1329,5);
INSERT INTO encargado(id_persona,id_vivero,numero_exterior,cp,calle,fecha_nacimiento,nombre,apellido_paterno,apellido_materno,salario,num_clientes_ayudados) VALUES (37,37,1260,0,'Golden Leaf','1918-10-19','Harli','Falk','Iori',1302,15);
INSERT INTO encargado(id_persona,id_vivero,numero_exterior,cp,calle,fecha_nacimiento,nombre,apellido_paterno,apellido_materno,salario,num_clientes_ayudados) VALUES (38,38,063,94,'Weeping Birch','1933-08-28','Adriena','Soar','De la Yglesia',4136,16);
INSERT INTO encargado(id_persona,id_vivero,numero_exterior,cp,calle,fecha_nacimiento,nombre,apellido_paterno,apellido_materno,salario,num_clientes_ayudados) VALUES (39,39,8946,49,'Myrtle','1962-12-10','Edi','Dirand','Boniface',2912,10);
INSERT INTO encargado(id_persona,id_vivero,numero_exterior,cp,calle,fecha_nacimiento,nombre,apellido_paterno,apellido_materno,salario,num_clientes_ayudados) VALUES (40,40,8775,377,'Nevada','1972-09-09','Latashia','Attrill','Chastanet',4139,15);
INSERT INTO encargado(id_persona,id_vivero,numero_exterior,cp,calle,fecha_nacimiento,nombre,apellido_paterno,apellido_materno,salario,num_clientes_ayudados) VALUES (41,41,26045,40,'Moland','1952-03-24','Maurita','Attridge','Lamb',4993,16);
INSERT INTO encargado(id_persona,id_vivero,numero_exterior,cp,calle,fecha_nacimiento,nombre,apellido_paterno,apellido_materno,salario,num_clientes_ayudados) VALUES (42,42,7747,451,'Novick','1945-05-20','Ardisj','Ayers','Mattke',2105,20);
INSERT INTO encargado(id_persona,id_vivero,numero_exterior,cp,calle,fecha_nacimiento,nombre,apellido_paterno,apellido_materno,salario,num_clientes_ayudados) VALUES (43,43,6662,20397,'Marcy','1955-03-06','Stephannie','Blanket','Miskimmon',1710,18);
INSERT INTO encargado(id_persona,id_vivero,numero_exterior,cp,calle,fecha_nacimiento,nombre,apellido_paterno,apellido_materno,salario,num_clientes_ayudados) VALUES (44,44,8408,75450,'Doe Crossing','1909-04-18','Karlee','Clotworthy','Tomasi',4135,5);
INSERT INTO encargado(id_persona,id_vivero,numero_exterior,cp,calle,fecha_nacimiento,nombre,apellido_paterno,apellido_materno,salario,num_clientes_ayudados) VALUES (45,45,75564,82,'Messerschmidt','1988-01-21','Adelbert','Pretor','Meddemmen',2517,9);
INSERT INTO encargado(id_persona,id_vivero,numero_exterior,cp,calle,fecha_nacimiento,nombre,apellido_paterno,apellido_materno,salario,num_clientes_ayudados) VALUES (46,46,394,450,'Golf View','1924-05-31','Haywood','Twelve','holmes',3088,5);
INSERT INTO encargado(id_persona,id_vivero,numero_exterior,cp,calle,fecha_nacimiento,nombre,apellido_paterno,apellido_materno,salario,num_clientes_ayudados) VALUES (47,47,317,8,'Hoard','1985-09-22','Freddie','St. Queintain','Phant',3147,10);
INSERT INTO encargado(id_persona,id_vivero,numero_exterior,cp,calle,fecha_nacimiento,nombre,apellido_paterno,apellido_materno,salario,num_clientes_ayudados) VALUES (48,48,3,588,'Erie','1993-03-01','Oralla','Hampton','Hellicar',3515,12);
INSERT INTO encargado(id_persona,id_vivero,numero_exterior,cp,calle,fecha_nacimiento,nombre,apellido_paterno,apellido_materno,salario,num_clientes_ayudados) VALUES (49,49,64234,311,'Glacier Hill','1975-05-23','Annette','Lightwing','Rallings',4601,15);
INSERT INTO encargado(id_persona,id_vivero,numero_exterior,cp,calle,fecha_nacimiento,nombre,apellido_paterno,apellido_materno,salario,num_clientes_ayudados) VALUES (50,50,8,52,'Autumn Leaf','1953-09-01','Lida','Rickard','Mufford',4691,9);
INSERT INTO encargado(id_persona,id_vivero,numero_exterior,cp,calle,fecha_nacimiento,nombre,apellido_paterno,apellido_materno,salario,num_clientes_ayudados) VALUES (51,51,96,941,'8th','1931-04-18','Duffie','Tadman','Beardsall',2766,17);
INSERT INTO encargado(id_persona,id_vivero,numero_exterior,cp,calle,fecha_nacimiento,nombre,apellido_paterno,apellido_materno,salario,num_clientes_ayudados) VALUES (52,52,53514,49,'Cordelia','1963-12-01','Anthia','Culham','Caswall',3135,6);
INSERT INTO encargado(id_persona,id_vivero,numero_exterior,cp,calle,fecha_nacimiento,nombre,apellido_paterno,apellido_materno,salario,num_clientes_ayudados) VALUES (53,53,50845,4434,'Lien','1977-02-09','Fair','Caine','Garriock',1294,11);
INSERT INTO encargado(id_persona,id_vivero,numero_exterior,cp,calle,fecha_nacimiento,nombre,apellido_paterno,apellido_materno,salario,num_clientes_ayudados) VALUES (54,54,6,94,'Mandrake','1920-10-22','Timmie','Roskelly','Tue',3152,19);
INSERT INTO encargado(id_persona,id_vivero,numero_exterior,cp,calle,fecha_nacimiento,nombre,apellido_paterno,apellido_materno,salario,num_clientes_ayudados) VALUES (55,55,2,0,'Ridgeway','1928-09-26','Peggi','Cearley','Lomaz',4719,20);
INSERT INTO encargado(id_persona,id_vivero,numero_exterior,cp,calle,fecha_nacimiento,nombre,apellido_paterno,apellido_materno,salario,num_clientes_ayudados) VALUES (56,56,96438,83,'Sunbrook','1969-04-20','Dannie','Santarelli','O''Donnelly',3108,15);
INSERT INTO encargado(id_persona,id_vivero,numero_exterior,cp,calle,fecha_nacimiento,nombre,apellido_paterno,apellido_materno,salario,num_clientes_ayudados) VALUES (57,57,53,44709,'Shelley','1996-01-24','Spencer','Kropach','Kupis',3928,10);
INSERT INTO encargado(id_persona,id_vivero,numero_exterior,cp,calle,fecha_nacimiento,nombre,apellido_paterno,apellido_materno,salario,num_clientes_ayudados) VALUES (58,58,1,8631,'Moose','1980-06-24','Barnard','Swire','Grimsell',4947,10);
INSERT INTO encargado(id_persona,id_vivero,numero_exterior,cp,calle,fecha_nacimiento,nombre,apellido_paterno,apellido_materno,salario,num_clientes_ayudados) VALUES (59,59,5,9901,'Monument','1975-02-11','Kristal','Altamirano','Batsford',2251,17);
INSERT INTO encargado(id_persona,id_vivero,numero_exterior,cp,calle,fecha_nacimiento,nombre,apellido_paterno,apellido_materno,salario,num_clientes_ayudados) VALUES (60,60,18244,07,'Westerfield','1981-07-29','Rochelle','Sproson','Dursley',1169,20);
INSERT INTO encargado(id_persona,id_vivero,numero_exterior,cp,calle,fecha_nacimiento,nombre,apellido_paterno,apellido_materno,salario,num_clientes_ayudados) VALUES (61,61,1,55808,'Old Shore','1903-04-04','Ara','Robrose','Clue',3328,19);
INSERT INTO encargado(id_persona,id_vivero,numero_exterior,cp,calle,fecha_nacimiento,nombre,apellido_paterno,apellido_materno,salario,num_clientes_ayudados) VALUES (62,62,5,90179,'Rutledge','1990-05-17','Roseline','Chastaing','Duthy',2782,7);
INSERT INTO encargado(id_persona,id_vivero,numero_exterior,cp,calle,fecha_nacimiento,nombre,apellido_paterno,apellido_materno,salario,num_clientes_ayudados) VALUES (63,63,01,9368,'Warbler','1942-02-17','Jerry','Cantillon','Aris',4001,7);
INSERT INTO encargado(id_persona,id_vivero,numero_exterior,cp,calle,fecha_nacimiento,nombre,apellido_paterno,apellido_materno,salario,num_clientes_ayudados) VALUES (64,64,9,5707,'Little Fleur','1946-09-13','Bord','Burrows','O''Luney',2221,18);
INSERT INTO encargado(id_persona,id_vivero,numero_exterior,cp,calle,fecha_nacimiento,nombre,apellido_paterno,apellido_materno,salario,num_clientes_ayudados) VALUES (65,65,470,3708,'1st','1951-09-15','Ariela','Ranns','Loraine',2530,9);
INSERT INTO encargado(id_persona,id_vivero,numero_exterior,cp,calle,fecha_nacimiento,nombre,apellido_paterno,apellido_materno,salario,num_clientes_ayudados) VALUES (66,66,199,7156,'Coleman','1908-10-28','Willdon','Wagg','Hambrick',4437,14);
INSERT INTO encargado(id_persona,id_vivero,numero_exterior,cp,calle,fecha_nacimiento,nombre,apellido_paterno,apellido_materno,salario,num_clientes_ayudados) VALUES (67,67,38,8,'Jenna','1976-08-17','Nels','Hanne','Georgeou',3263,14);
INSERT INTO encargado(id_persona,id_vivero,numero_exterior,cp,calle,fecha_nacimiento,nombre,apellido_paterno,apellido_materno,salario,num_clientes_ayudados) VALUES (68,68,668,4,'Fallview','1920-12-03','Edita','Ruppele','Parsonage',2050,14);
INSERT INTO encargado(id_persona,id_vivero,numero_exterior,cp,calle,fecha_nacimiento,nombre,apellido_paterno,apellido_materno,salario,num_clientes_ayudados) VALUES (69,69,5,20,'Pepper Wood','1968-02-21','Abigail','Ferson','Hugh',4092,8);
INSERT INTO encargado(id_persona,id_vivero,numero_exterior,cp,calle,fecha_nacimiento,nombre,apellido_paterno,apellido_materno,salario,num_clientes_ayudados) VALUES (70,70,75693,93,'Prairie Rose','1934-12-29','Mohandis','McIleen','Hane',1625,18);
INSERT INTO encargado(id_persona,id_vivero,numero_exterior,cp,calle,fecha_nacimiento,nombre,apellido_paterno,apellido_materno,salario,num_clientes_ayudados) VALUES (71,71,9729,01,'Duke','1906-02-07','Olag','Duddell','Kunzel',3465,18);
INSERT INTO encargado(id_persona,id_vivero,numero_exterior,cp,calle,fecha_nacimiento,nombre,apellido_paterno,apellido_materno,salario,num_clientes_ayudados) VALUES (72,72,05,25,'Garrison','1932-10-31','Min','Leijs','Bartley',3346,14);
INSERT INTO encargado(id_persona,id_vivero,numero_exterior,cp,calle,fecha_nacimiento,nombre,apellido_paterno,apellido_materno,salario,num_clientes_ayudados) VALUES (73,73,08013,73,'Northport','1926-06-14','Bink','Dulwitch','Fountaine',2316,14);
INSERT INTO encargado(id_persona,id_vivero,numero_exterior,cp,calle,fecha_nacimiento,nombre,apellido_paterno,apellido_materno,salario,num_clientes_ayudados) VALUES (74,74,44790,6,'Forest Dale','1970-01-25','Sally','Stenning','Kemetz',3852,15);
INSERT INTO encargado(id_persona,id_vivero,numero_exterior,cp,calle,fecha_nacimiento,nombre,apellido_paterno,apellido_materno,salario,num_clientes_ayudados) VALUES (75,75,64,5307,'Mcguire','1914-09-21','Norby','Florey','Gallihawk',2665,7);
INSERT INTO encargado(id_persona,id_vivero,numero_exterior,cp,calle,fecha_nacimiento,nombre,apellido_paterno,apellido_materno,salario,num_clientes_ayudados) VALUES (76,76,8238,4,'Graedel','1914-02-02','Josie','Sallings','Plant',4848,11);
INSERT INTO encargado(id_persona,id_vivero,numero_exterior,cp,calle,fecha_nacimiento,nombre,apellido_paterno,apellido_materno,salario,num_clientes_ayudados) VALUES (77,77,0174,31071,'Talmadge','1975-03-27','Kahaleel','Marzello','Davidoff',4275,8);
INSERT INTO encargado(id_persona,id_vivero,numero_exterior,cp,calle,fecha_nacimiento,nombre,apellido_paterno,apellido_materno,salario,num_clientes_ayudados) VALUES (78,78,0,6840,'Killdeer','1968-08-22','Hester','Sauvain','Linklet',2426,13);
INSERT INTO encargado(id_persona,id_vivero,numero_exterior,cp,calle,fecha_nacimiento,nombre,apellido_paterno,apellido_materno,salario,num_clientes_ayudados) VALUES (79,79,5,89,'Wayridge','1988-05-31','Beau','Hobson','Huckstepp',4383,15);
INSERT INTO encargado(id_persona,id_vivero,numero_exterior,cp,calle,fecha_nacimiento,nombre,apellido_paterno,apellido_materno,salario,num_clientes_ayudados) VALUES (80,80,968,290,'Lukken','1984-05-09','Kerri','Sloper','Guttridge',2902,12);
INSERT INTO encargado(id_persona,id_vivero,numero_exterior,cp,calle,fecha_nacimiento,nombre,apellido_paterno,apellido_materno,salario,num_clientes_ayudados) VALUES (81,81,54305,21882,'Claremont','1973-08-09','Burke','Sissland','Birt',4329,11);
INSERT INTO encargado(id_persona,id_vivero,numero_exterior,cp,calle,fecha_nacimiento,nombre,apellido_paterno,apellido_materno,salario,num_clientes_ayudados) VALUES (82,82,8655,61061,'Fallview','1908-05-07','Claretta','Body','Philson',3576,20);
INSERT INTO encargado(id_persona,id_vivero,numero_exterior,cp,calle,fecha_nacimiento,nombre,apellido_paterno,apellido_materno,salario,num_clientes_ayudados) VALUES (83,83,48,40561,'Badeau','1974-02-26','Estel','Abbiss','Visco',3763,16);
INSERT INTO encargado(id_persona,id_vivero,numero_exterior,cp,calle,fecha_nacimiento,nombre,apellido_paterno,apellido_materno,salario,num_clientes_ayudados) VALUES (84,84,0,52948,'Westend','1966-08-29','Elita','Annon','Chumley',4843,18);
INSERT INTO encargado(id_persona,id_vivero,numero_exterior,cp,calle,fecha_nacimiento,nombre,apellido_paterno,apellido_materno,salario,num_clientes_ayudados) VALUES (85,85,8,0430,'Sachtjen','1926-09-07','Tammie','Wragge','Swine',2534,12);
INSERT INTO encargado(id_persona,id_vivero,numero_exterior,cp,calle,fecha_nacimiento,nombre,apellido_paterno,apellido_materno,salario,num_clientes_ayudados) VALUES (86,86,535,290,'Scofield','1965-10-30','Lanie','Spinas','Marke',1293,13);
INSERT INTO encargado(id_persona,id_vivero,numero_exterior,cp,calle,fecha_nacimiento,nombre,apellido_paterno,apellido_materno,salario,num_clientes_ayudados) VALUES (87,87,4598,01947,'Sauthoff','1926-09-17','Maritsa','Humphries','Chislett',2146,14);
INSERT INTO encargado(id_persona,id_vivero,numero_exterior,cp,calle,fecha_nacimiento,nombre,apellido_paterno,apellido_materno,salario,num_clientes_ayudados) VALUES (88,88,25702,580,'Acker','1910-07-24','Susanna','Bernli','Rotter',3190,9);
INSERT INTO encargado(id_persona,id_vivero,numero_exterior,cp,calle,fecha_nacimiento,nombre,apellido_paterno,apellido_materno,salario,num_clientes_ayudados) VALUES (89,89,55,68229,'Hagan','1948-03-22','Louie','Vogeller','Lerohan',1202,13);
INSERT INTO encargado(id_persona,id_vivero,numero_exterior,cp,calle,fecha_nacimiento,nombre,apellido_paterno,apellido_materno,salario,num_clientes_ayudados) VALUES (90,90,8030,20,'Colorado','1935-06-08','Libbi','Genike','Berceros',4985,13);
INSERT INTO encargado(id_persona,id_vivero,numero_exterior,cp,calle,fecha_nacimiento,nombre,apellido_paterno,apellido_materno,salario,num_clientes_ayudados) VALUES (91,91,733,8917,'Mccormick','1949-09-10','Lelia','Tummons','Naughton',1755,13);
INSERT INTO encargado(id_persona,id_vivero,numero_exterior,cp,calle,fecha_nacimiento,nombre,apellido_paterno,apellido_materno,salario,num_clientes_ayudados) VALUES (92,92,857,260,'Jackson','1903-06-15','Irene','Bridger','Margram',3718,18);
INSERT INTO encargado(id_persona,id_vivero,numero_exterior,cp,calle,fecha_nacimiento,nombre,apellido_paterno,apellido_materno,salario,num_clientes_ayudados) VALUES (93,93,84,2,'1st','1982-05-14','Baird','Gething','Sumpton',1007,8);
INSERT INTO encargado(id_persona,id_vivero,numero_exterior,cp,calle,fecha_nacimiento,nombre,apellido_paterno,apellido_materno,salario,num_clientes_ayudados) VALUES (94,94,5120,95297,'Becker','1950-11-29','Keriann','Stubbes','Buckoke',4119,16);
INSERT INTO encargado(id_persona,id_vivero,numero_exterior,cp,calle,fecha_nacimiento,nombre,apellido_paterno,apellido_materno,salario,num_clientes_ayudados) VALUES (95,95,73498,3,'David','1976-04-05','Luce','Beeken','Shale',4270,20);
INSERT INTO encargado(id_persona,id_vivero,numero_exterior,cp,calle,fecha_nacimiento,nombre,apellido_paterno,apellido_materno,salario,num_clientes_ayudados) VALUES (96,96,913,65128,'Hooker','1925-04-28','Joete','Chimes','Spriggin',4032,14);
INSERT INTO encargado(id_persona,id_vivero,numero_exterior,cp,calle,fecha_nacimiento,nombre,apellido_paterno,apellido_materno,salario,num_clientes_ayudados) VALUES (97,97,58,306,'Bartelt','1913-04-23','Clovis','Goslin','Scroxton',4500,10);
INSERT INTO encargado(id_persona,id_vivero,numero_exterior,cp,calle,fecha_nacimiento,nombre,apellido_paterno,apellido_materno,salario,num_clientes_ayudados) VALUES (98,98,2,88816,'Melody','1957-07-05','Sly','Gillions','Crosetti',1516,18);
INSERT INTO encargado(id_persona,id_vivero,numero_exterior,cp,calle,fecha_nacimiento,nombre,apellido_paterno,apellido_materno,salario,num_clientes_ayudados) VALUES (99,99,1,7066,'Pearson','1986-10-11','Yolanda','de Copeman','Fryer',3640,20);
INSERT INTO encargado(id_persona,id_vivero,numero_exterior,cp,calle,fecha_nacimiento,nombre,apellido_paterno,apellido_materno,salario,num_clientes_ayudados) VALUES (100,100,0500,8502,'Cody','1977-04-19','Moira','Kenneway','Cherry',2488,6);


INSERT INTO cliente(id_persona,cp,calle,fecha_nacimiento,nombre,apellido_paterno,apellido_materno) VALUES (1,08699,'Shoshone','1962-05-16','Beale','Friese','Zannolli');
INSERT INTO cliente(id_persona,cp,calle,fecha_nacimiento,nombre,apellido_paterno,apellido_materno) VALUES (2,16,'Prentice','1941-05-26','Devora','Opfer','Gildroy');
INSERT INTO cliente(id_persona,cp,calle,fecha_nacimiento,nombre,apellido_paterno,apellido_materno) VALUES (3,1,'Kensington','1910-01-25','Angelique','Minchin','Dana');
INSERT INTO cliente(id_persona,cp,calle,fecha_nacimiento,nombre,apellido_paterno,apellido_materno) VALUES (4,2664,'Dahle','1925-08-30','Alvis','Holah','Lansbury');
INSERT INTO cliente(id_persona,cp,calle,fecha_nacimiento,nombre,apellido_paterno,apellido_materno) VALUES (5,538,'Farwell','2000-06-10','Esra','Rossant','Lowthorpe');
INSERT INTO cliente(id_persona,cp,calle,fecha_nacimiento,nombre,apellido_paterno,apellido_materno) VALUES (6,1226,'Melody','1966-11-01','Alexio','Brisco','Antognetti');
INSERT INTO cliente(id_persona,cp,calle,fecha_nacimiento,nombre,apellido_paterno,apellido_materno) VALUES (7,50302,'Lerdahl','1980-10-10','Efrem','Stummeyer','Totton');
INSERT INTO cliente(id_persona,cp,calle,fecha_nacimiento,nombre,apellido_paterno,apellido_materno) VALUES (8,99,'Karstens','1945-09-05','Katey','Pawlaczyk','Artois');
INSERT INTO cliente(id_persona,cp,calle,fecha_nacimiento,nombre,apellido_paterno,apellido_materno) VALUES (9,196,'Muir','1993-05-21','Carie','Leatherbarrow','Garford');
INSERT INTO cliente(id_persona,cp,calle,fecha_nacimiento,nombre,apellido_paterno,apellido_materno) VALUES (10,86,'Ramsey','1925-06-02','Royal','Fellgett','Baglan');
INSERT INTO cliente(id_persona,cp,calle,fecha_nacimiento,nombre,apellido_paterno,apellido_materno) VALUES (11,7788,'Novick','1931-08-17','Katherine','Winfrey','Stitwell');
INSERT INTO cliente(id_persona,cp,calle,fecha_nacimiento,nombre,apellido_paterno,apellido_materno) VALUES (12,20,'Pepper Wood','1980-12-30','Donal','Rennolds','Clemmens');
INSERT INTO cliente(id_persona,cp,calle,fecha_nacimiento,nombre,apellido_paterno,apellido_materno) VALUES (13,3,'Thackeray','1952-10-02','Sarita','Vittle','Iannini');
INSERT INTO cliente(id_persona,cp,calle,fecha_nacimiento,nombre,apellido_paterno,apellido_materno) VALUES (14,09312,'Hansons','1913-12-05','Leonerd','Tutchener','Tuffell');
INSERT INTO cliente(id_persona,cp,calle,fecha_nacimiento,nombre,apellido_paterno,apellido_materno) VALUES (15,403,'Maywood','1967-06-07','Lucas','Callaghan','Fanthome');
INSERT INTO cliente(id_persona,cp,calle,fecha_nacimiento,nombre,apellido_paterno,apellido_materno) VALUES (16,88,'Corscot','1967-10-03','Port','Deville','St. Louis');
INSERT INTO cliente(id_persona,cp,calle,fecha_nacimiento,nombre,apellido_paterno,apellido_materno) VALUES (17,26534,'Debra','1974-09-28','Bobette','McAreavey','Egentan');
INSERT INTO cliente(id_persona,cp,calle,fecha_nacimiento,nombre,apellido_paterno,apellido_materno) VALUES (18,30,'1st','1942-09-26','Jdavie','Purdon','Cannam');
INSERT INTO cliente(id_persona,cp,calle,fecha_nacimiento,nombre,apellido_paterno,apellido_materno) VALUES (19,7577,'Warner','1965-03-20','Harriet','Caldwall','Abrahmson');
INSERT INTO cliente(id_persona,cp,calle,fecha_nacimiento,nombre,apellido_paterno,apellido_materno) VALUES (20,921,'Prairieview','1969-07-25','Jesselyn','Eastway','Bordes');
INSERT INTO cliente(id_persona,cp,calle,fecha_nacimiento,nombre,apellido_paterno,apellido_materno) VALUES (21,24486,'Roth','1951-02-27','Nikolaos','Roby','Witz');
INSERT INTO cliente(id_persona,cp,calle,fecha_nacimiento,nombre,apellido_paterno,apellido_materno) VALUES (22,782,'Blue Bill Park','1913-09-27','Dinah','Blaksley','Ephgrave');
INSERT INTO cliente(id_persona,cp,calle,fecha_nacimiento,nombre,apellido_paterno,apellido_materno) VALUES (23,7,'Eagan','1929-11-17','Emmery','Christophle','Flement');
INSERT INTO cliente(id_persona,cp,calle,fecha_nacimiento,nombre,apellido_paterno,apellido_materno) VALUES (24,9674,'Esch','1974-03-30','Darla','Stubbert','Benedetti');
INSERT INTO cliente(id_persona,cp,calle,fecha_nacimiento,nombre,apellido_paterno,apellido_materno) VALUES (25,096,'Erie','1917-06-26','Delilah','Krzyzaniak','Franciotti');
INSERT INTO cliente(id_persona,cp,calle,fecha_nacimiento,nombre,apellido_paterno,apellido_materno) VALUES (26,68,'Portage','1959-09-04','Jourdan','Sewill','Prettyman');
INSERT INTO cliente(id_persona,cp,calle,fecha_nacimiento,nombre,apellido_paterno,apellido_materno) VALUES (27,78236,'Superior','1966-06-22','Hedwig','Aslet','McMeyler');
INSERT INTO cliente(id_persona,cp,calle,fecha_nacimiento,nombre,apellido_paterno,apellido_materno) VALUES (28,859,'Sherman','1921-07-07','Jodee','O''Duane','Becconsall');
INSERT INTO cliente(id_persona,cp,calle,fecha_nacimiento,nombre,apellido_paterno,apellido_materno) VALUES (29,7346,'Mitchell','1917-02-15','Jason','O''Driscoll','Thornthwaite');
INSERT INTO cliente(id_persona,cp,calle,fecha_nacimiento,nombre,apellido_paterno,apellido_materno) VALUES (30,6812,'Fremont','1974-01-10','Nathanial','Skym','Gooderidge');
INSERT INTO cliente(id_persona,cp,calle,fecha_nacimiento,nombre,apellido_paterno,apellido_materno) VALUES (31,71001,'Kenwood','1917-06-04','Maxie','Livens','Pottell');
INSERT INTO cliente(id_persona,cp,calle,fecha_nacimiento,nombre,apellido_paterno,apellido_materno) VALUES (32,61,'Lien','1960-08-30','Juline','Pye','Troni');
INSERT INTO cliente(id_persona,cp,calle,fecha_nacimiento,nombre,apellido_paterno,apellido_materno) VALUES (33,33946,'Anderson','1924-12-08','Aaren','Hudson','Thirkettle');
INSERT INTO cliente(id_persona,cp,calle,fecha_nacimiento,nombre,apellido_paterno,apellido_materno) VALUES (34,8,'Mayer','1930-07-26','Nicole','Aulds','Gilbard');
INSERT INTO cliente(id_persona,cp,calle,fecha_nacimiento,nombre,apellido_paterno,apellido_materno) VALUES (35,54629,'Barnett','1914-09-23','Ariadne','Rollingson','Hughes');
INSERT INTO cliente(id_persona,cp,calle,fecha_nacimiento,nombre,apellido_paterno,apellido_materno) VALUES (36,91,'Beilfuss','1912-03-03','Peggie','Hadwin','Jaime');
INSERT INTO cliente(id_persona,cp,calle,fecha_nacimiento,nombre,apellido_paterno,apellido_materno) VALUES (37,75055,'Schmedeman','1906-09-16','Eugenio','Hedin','Jurges');
INSERT INTO cliente(id_persona,cp,calle,fecha_nacimiento,nombre,apellido_paterno,apellido_materno) VALUES (38,17,'Scofield','1972-03-25','Gaylor','Stanners','Bahls');
INSERT INTO cliente(id_persona,cp,calle,fecha_nacimiento,nombre,apellido_paterno,apellido_materno) VALUES (39,8,'Goodland','1905-03-04','Walliw','Chew','LaBastida');
INSERT INTO cliente(id_persona,cp,calle,fecha_nacimiento,nombre,apellido_paterno,apellido_materno) VALUES (40,8,'Erie','1974-05-22','Brear','Shottin','Klagge');
INSERT INTO cliente(id_persona,cp,calle,fecha_nacimiento,nombre,apellido_paterno,apellido_materno) VALUES (41,09050,'Dahle','1949-12-02','Gottfried','Mitroshinov','Valeri');
INSERT INTO cliente(id_persona,cp,calle,fecha_nacimiento,nombre,apellido_paterno,apellido_materno) VALUES (42,80,'Oxford','1928-09-30','Gage','Ritzman','Maylin');
INSERT INTO cliente(id_persona,cp,calle,fecha_nacimiento,nombre,apellido_paterno,apellido_materno) VALUES (43,38,'Merry','1973-03-14','See','Haggett','Andrioli');
INSERT INTO cliente(id_persona,cp,calle,fecha_nacimiento,nombre,apellido_paterno,apellido_materno) VALUES (44,41,'Ludington','1981-02-20','Broderic','Challener','Rown');
INSERT INTO cliente(id_persona,cp,calle,fecha_nacimiento,nombre,apellido_paterno,apellido_materno) VALUES (45,3158,'Pepper Wood','1912-01-17','Bonita','Ridgwell','Hebdon');
INSERT INTO cliente(id_persona,cp,calle,fecha_nacimiento,nombre,apellido_paterno,apellido_materno) VALUES (46,4708,'Upham','1944-02-13','Earlie','Vernazza','Keats');
INSERT INTO cliente(id_persona,cp,calle,fecha_nacimiento,nombre,apellido_paterno,apellido_materno) VALUES (47,85,'Kim','1912-08-26','Aldwin','Creswell','Trymme');
INSERT INTO cliente(id_persona,cp,calle,fecha_nacimiento,nombre,apellido_paterno,apellido_materno) VALUES (48,03,'Forest','1978-03-15','Clair','Sangra','O''Reilly');
INSERT INTO cliente(id_persona,cp,calle,fecha_nacimiento,nombre,apellido_paterno,apellido_materno) VALUES (49,0703,'Grim','1952-03-12','Freda','Exposito','Misk');
INSERT INTO cliente(id_persona,cp,calle,fecha_nacimiento,nombre,apellido_paterno,apellido_materno) VALUES (50,06,'Northview','1911-06-10','Ottilie','Baldazzi','Heaps');
INSERT INTO cliente(id_persona,cp,calle,fecha_nacimiento,nombre,apellido_paterno,apellido_materno) VALUES (51,6628,'Sutherland','1947-07-16','Shelagh','Mcwhinnie','Panichelli');
INSERT INTO cliente(id_persona,cp,calle,fecha_nacimiento,nombre,apellido_paterno,apellido_materno) VALUES (52,41,'Spaight','1942-07-06','Jules','Laroze','Drayton');
INSERT INTO cliente(id_persona,cp,calle,fecha_nacimiento,nombre,apellido_paterno,apellido_materno) VALUES (53,83872,'Shoshone','1987-02-11','Harlin','Voyce','Wasylkiewicz');
INSERT INTO cliente(id_persona,cp,calle,fecha_nacimiento,nombre,apellido_paterno,apellido_materno) VALUES (54,56173,'Oxford','1930-10-05','Allison','Ferrarello','Gerhts');
INSERT INTO cliente(id_persona,cp,calle,fecha_nacimiento,nombre,apellido_paterno,apellido_materno) VALUES (55,90,'International','1935-05-12','Garv','Soff','Drugan');
INSERT INTO cliente(id_persona,cp,calle,fecha_nacimiento,nombre,apellido_paterno,apellido_materno) VALUES (56,0694,'Bartillon','1952-10-22','Darrelle','Persent','Free');
INSERT INTO cliente(id_persona,cp,calle,fecha_nacimiento,nombre,apellido_paterno,apellido_materno) VALUES (57,7940,'Service','1993-01-06','Domingo','Constantinou','Mowatt');
INSERT INTO cliente(id_persona,cp,calle,fecha_nacimiento,nombre,apellido_paterno,apellido_materno) VALUES (58,042,'Delladonna','1906-07-22','Walden','Pomphrett','Jakolevitch');
INSERT INTO cliente(id_persona,cp,calle,fecha_nacimiento,nombre,apellido_paterno,apellido_materno) VALUES (59,585,'Mcbride','1905-07-17','Addy','Beekmann','Echlin');
INSERT INTO cliente(id_persona,cp,calle,fecha_nacimiento,nombre,apellido_paterno,apellido_materno) VALUES (60,96,'Manley','1929-01-17','Dyna','Reichert','Fido');
INSERT INTO cliente(id_persona,cp,calle,fecha_nacimiento,nombre,apellido_paterno,apellido_materno) VALUES (61,5,'Lillian','1943-10-20','Halsy','Tofano','Dumbare');
INSERT INTO cliente(id_persona,cp,calle,fecha_nacimiento,nombre,apellido_paterno,apellido_materno) VALUES (62,2547,'American Ash','1912-12-15','Eustacia','Mars','Balogun');
INSERT INTO cliente(id_persona,cp,calle,fecha_nacimiento,nombre,apellido_paterno,apellido_materno) VALUES (63,8609,'Blackbird','1917-05-11','Smitty','Lorman','Tindley');
INSERT INTO cliente(id_persona,cp,calle,fecha_nacimiento,nombre,apellido_paterno,apellido_materno) VALUES (64,5,'Portage','1989-05-22','Bert','Pallent','Hazle');
INSERT INTO cliente(id_persona,cp,calle,fecha_nacimiento,nombre,apellido_paterno,apellido_materno) VALUES (65,50,'Florence','1953-06-08','Asia','Crackel','Tailour');
INSERT INTO cliente(id_persona,cp,calle,fecha_nacimiento,nombre,apellido_paterno,apellido_materno) VALUES (66,81296,'Norway Maple','1928-07-21','Kakalina','Witheridge','Miroy');
INSERT INTO cliente(id_persona,cp,calle,fecha_nacimiento,nombre,apellido_paterno,apellido_materno) VALUES (67,788,'Corscot','1965-06-28','Erskine','Abelson','Beiderbecke');
INSERT INTO cliente(id_persona,cp,calle,fecha_nacimiento,nombre,apellido_paterno,apellido_materno) VALUES (68,6,'Mcbride','1983-07-18','Berky','Franzoli','Innot');
INSERT INTO cliente(id_persona,cp,calle,fecha_nacimiento,nombre,apellido_paterno,apellido_materno) VALUES (69,40,'Northview','1962-01-31','Cassius','Joderli','Egan');
INSERT INTO cliente(id_persona,cp,calle,fecha_nacimiento,nombre,apellido_paterno,apellido_materno) VALUES (70,5,'Kingsford','1982-07-03','Jo','Lorent','Wyldbore');
INSERT INTO cliente(id_persona,cp,calle,fecha_nacimiento,nombre,apellido_paterno,apellido_materno) VALUES (71,188,'Sheridan','1946-08-05','Laurens','Harrild','Friese');
INSERT INTO cliente(id_persona,cp,calle,fecha_nacimiento,nombre,apellido_paterno,apellido_materno) VALUES (72,3,'International','1966-05-27','Aigneis','Francesc','McLemon');
INSERT INTO cliente(id_persona,cp,calle,fecha_nacimiento,nombre,apellido_paterno,apellido_materno) VALUES (73,4,'Westerfield','1977-07-05','Sheila','Staner','Blondel');
INSERT INTO cliente(id_persona,cp,calle,fecha_nacimiento,nombre,apellido_paterno,apellido_materno) VALUES (74,5856,'Heath','1974-06-01','Chas','Arling','Flinn');
INSERT INTO cliente(id_persona,cp,calle,fecha_nacimiento,nombre,apellido_paterno,apellido_materno) VALUES (75,84103,'Dunning','1948-03-17','Kati','Handaside','Nail');
INSERT INTO cliente(id_persona,cp,calle,fecha_nacimiento,nombre,apellido_paterno,apellido_materno) VALUES (76,7,'Meadow Vale','1927-08-02','Alfie','Schulken','Tweedle');
INSERT INTO cliente(id_persona,cp,calle,fecha_nacimiento,nombre,apellido_paterno,apellido_materno) VALUES (77,568,'Rigney','1933-05-01','Emmaline','Brumfield','Comsty');
INSERT INTO cliente(id_persona,cp,calle,fecha_nacimiento,nombre,apellido_paterno,apellido_materno) VALUES (78,507,'Burrows','1902-01-04','Casi','Artist','Ludwell');
INSERT INTO cliente(id_persona,cp,calle,fecha_nacimiento,nombre,apellido_paterno,apellido_materno) VALUES (79,19,'Ryan','1901-03-05','Konstantine','Duigan','Waeland');
INSERT INTO cliente(id_persona,cp,calle,fecha_nacimiento,nombre,apellido_paterno,apellido_materno) VALUES (80,28,'Maywood','1980-08-18','Devlin','Wellbank','Watford');
INSERT INTO cliente(id_persona,cp,calle,fecha_nacimiento,nombre,apellido_paterno,apellido_materno) VALUES (81,5931,'Birchwood','1982-12-04','Vonni','Denkin','McCoole');
INSERT INTO cliente(id_persona,cp,calle,fecha_nacimiento,nombre,apellido_paterno,apellido_materno) VALUES (82,59851,'Little Fleur','1977-08-22','Laure','Sarath','Scandroot');
INSERT INTO cliente(id_persona,cp,calle,fecha_nacimiento,nombre,apellido_paterno,apellido_materno) VALUES (83,12405,'Weeping Birch','1988-02-19','Griz','Orvis','Swain');
INSERT INTO cliente(id_persona,cp,calle,fecha_nacimiento,nombre,apellido_paterno,apellido_materno) VALUES (84,51538,'Manitowish','1996-10-04','Kiah','Cardello','Cawson');
INSERT INTO cliente(id_persona,cp,calle,fecha_nacimiento,nombre,apellido_paterno,apellido_materno) VALUES (85,3,'Fulton','1922-10-01','Karole','Elliker','Painten');
INSERT INTO cliente(id_persona,cp,calle,fecha_nacimiento,nombre,apellido_paterno,apellido_materno) VALUES (86,9503,'Rigney','1955-01-22','Ciro','Maureen','Guerrero');
INSERT INTO cliente(id_persona,cp,calle,fecha_nacimiento,nombre,apellido_paterno,apellido_materno) VALUES (87,1352,'Bashford','1966-05-30','Theobald','Primo','Gozney');
INSERT INTO cliente(id_persona,cp,calle,fecha_nacimiento,nombre,apellido_paterno,apellido_materno) VALUES (88,8,'Clarendon','1959-10-12','Maribel','Pane','Goodlad');
INSERT INTO cliente(id_persona,cp,calle,fecha_nacimiento,nombre,apellido_paterno,apellido_materno) VALUES (89,30,'Esker','1949-03-15','Karine','Dumingo','Esherwood');
INSERT INTO cliente(id_persona,cp,calle,fecha_nacimiento,nombre,apellido_paterno,apellido_materno) VALUES (90,283,'Meadow Valley','1946-01-28','Clary','Spalls','Cancellario');
INSERT INTO cliente(id_persona,cp,calle,fecha_nacimiento,nombre,apellido_paterno,apellido_materno) VALUES (91,74902,'Buhler','1956-01-08','Olly','Blanchet','Whitington');
INSERT INTO cliente(id_persona,cp,calle,fecha_nacimiento,nombre,apellido_paterno,apellido_materno) VALUES (92,4252,'Carpenter','1965-01-20','Blondelle','Panyer','Carriage');
INSERT INTO cliente(id_persona,cp,calle,fecha_nacimiento,nombre,apellido_paterno,apellido_materno) VALUES (93,54,'Independence','1970-02-04','Harlene','Engelmann','Secrett');
INSERT INTO cliente(id_persona,cp,calle,fecha_nacimiento,nombre,apellido_paterno,apellido_materno) VALUES (94,57,'Manitowish','1936-03-14','Cody','Endean','Ginnane');
INSERT INTO cliente(id_persona,cp,calle,fecha_nacimiento,nombre,apellido_paterno,apellido_materno) VALUES (95,01708,'Darwin','1946-03-10','Dorthy','Scutter','Silvester');
INSERT INTO cliente(id_persona,cp,calle,fecha_nacimiento,nombre,apellido_paterno,apellido_materno) VALUES (96,4722,'Barnett','1933-04-18','Garrott','Bickardike','Llewellen');
INSERT INTO cliente(id_persona,cp,calle,fecha_nacimiento,nombre,apellido_paterno,apellido_materno) VALUES (97,8745,'Annamark','1955-05-15','Venita','Leathers','MacShirrie');
INSERT INTO cliente(id_persona,cp,calle,fecha_nacimiento,nombre,apellido_paterno,apellido_materno) VALUES (98,32422,'Forest Dale','1912-07-27','Vince','Rosewarne','Adamowitz');
INSERT INTO cliente(id_persona,cp,calle,fecha_nacimiento,nombre,apellido_paterno,apellido_materno) VALUES (99,79896,'Merry','1922-05-16','Marlo','Perrigo','Edgecombe');
INSERT INTO cliente(id_persona,cp,calle,fecha_nacimiento,nombre,apellido_paterno,apellido_materno) VALUES (100,857,'Sauthoff','1957-03-25','Tracy','Rawlison','Ovell');


INSERT INTO c_info_planta(nombre,riego,cuidados,area,precio,tipo_luz,tipo_sustrato) VALUES ('Bola De Nieve',56,'Braikenridge','PT',4082,'Evvy','Helen-elizabeth');
INSERT INTO c_info_planta(nombre,riego,cuidados,area,precio,tipo_luz,tipo_sustrato) VALUES ('Dott Lichen',87,'Garmston','PT',16935,'Brigit','Molly');
INSERT INTO c_info_planta(nombre,riego,cuidados,area,precio,tipo_luz,tipo_sustrato) VALUES ('Arctic Groundsel',20,'Monteith','AR',4715,'Tabitha','Drucy');
INSERT INTO c_info_planta(nombre,riego,cuidados,area,precio,tipo_luz,tipo_sustrato) VALUES ('Candle Snuffer Moss',84,'Colquyte','UA',6712,'Aurora','Shaylyn');
INSERT INTO c_info_planta(nombre,riego,cuidados,area,precio,tipo_luz,tipo_sustrato) VALUES ('Suckleya',78,'Kornes','KH',19861,'Tami','Shaun');
INSERT INTO c_info_planta(nombre,riego,cuidados,area,precio,tipo_luz,tipo_sustrato) VALUES ('Peganum',67,'Gyenes','ID',17644,'Kathy','Lebbie');
INSERT INTO c_info_planta(nombre,riego,cuidados,area,precio,tipo_luz,tipo_sustrato) VALUES ('Corchorus',46,'Owthwaite','CN',12467,'Rosemarie','Nerita');
INSERT INTO c_info_planta(nombre,riego,cuidados,area,precio,tipo_luz,tipo_sustrato) VALUES ('Beatley''s Milkvetch',74,'Figures','PE',5408,'Hermina','Carla');
INSERT INTO c_info_planta(nombre,riego,cuidados,area,precio,tipo_luz,tipo_sustrato) VALUES ('Puerto Rico Alsophila',12,'Finn','RU',6029,'Myrna','Lyndy');
INSERT INTO c_info_planta(nombre,riego,cuidados,area,precio,tipo_luz,tipo_sustrato) VALUES ('Yellowcress',69,'Allward','RS',17571,'Koralle','Dode');
INSERT INTO c_info_planta(nombre,riego,cuidados,area,precio,tipo_luz,tipo_sustrato) VALUES ('Belamcanda',38,'Flintoff','PH',10208,'Bunny','Neysa');
INSERT INTO c_info_planta(nombre,riego,cuidados,area,precio,tipo_luz,tipo_sustrato) VALUES ('Bigelow''s False Willow',67,'Robertson','NP',16411,'Sofie','Dorita');
INSERT INTO c_info_planta(nombre,riego,cuidados,area,precio,tipo_luz,tipo_sustrato) VALUES ('Goodding''s Ash',46,'Duiguid','ID',12541,'Hyacinth','Iolande');
INSERT INTO c_info_planta(nombre,riego,cuidados,area,precio,tipo_luz,tipo_sustrato) VALUES ('Schaffner''s Hairsedge',63,'Winton','MA',16657,'Nananne','Torie');
INSERT INTO c_info_planta(nombre,riego,cuidados,area,precio,tipo_luz,tipo_sustrato) VALUES ('Shining Pepperweed',94,'Sotham','CN',817,'Ameline','Gretta');
INSERT INTO c_info_planta(nombre,riego,cuidados,area,precio,tipo_luz,tipo_sustrato) VALUES ('Ohio Buckeye',28,'Gatherer','CA',8813,'Pauline','Marena');
INSERT INTO c_info_planta(nombre,riego,cuidados,area,precio,tipo_luz,tipo_sustrato) VALUES ('Engelmann''s Hedgehog Cactus',48,'Stiggles','PH',8658,'Diandra','Carlita');
INSERT INTO c_info_planta(nombre,riego,cuidados,area,precio,tipo_luz,tipo_sustrato) VALUES ('Desert Almond',28,'Riddel','CN',9687,'Henka','Maggie');
INSERT INTO c_info_planta(nombre,riego,cuidados,area,precio,tipo_luz,tipo_sustrato) VALUES ('Yellow Wall Bedstraw',35,'Toyer','BR',16053,'Lyda','Latashia');
INSERT INTO c_info_planta(nombre,riego,cuidados,area,precio,tipo_luz,tipo_sustrato) VALUES ('Venus Flytrap',87,'Drane','BR',12456,'Mireielle','Natalina');
INSERT INTO c_info_planta(nombre,riego,cuidados,area,precio,tipo_luz,tipo_sustrato) VALUES ('Manyflowered Navarretia',6,'Fortnam','ID',18999,'Daisi','Jenny');
INSERT INTO c_info_planta(nombre,riego,cuidados,area,precio,tipo_luz,tipo_sustrato) VALUES ('Skeletonleaf Bur Ragweed',87,'Atrill','PK',989,'Anthea','Brynn');
INSERT INTO c_info_planta(nombre,riego,cuidados,area,precio,tipo_luz,tipo_sustrato) VALUES ('Hairy Skullcap',24,'McDougald','GE',2441,'Odelia','Suzi');
INSERT INTO c_info_planta(nombre,riego,cuidados,area,precio,tipo_luz,tipo_sustrato) VALUES ('Brushpea',1,'Boobier','ID',12087,'Ania','Margalit');
INSERT INTO c_info_planta(nombre,riego,cuidados,area,precio,tipo_luz,tipo_sustrato) VALUES ('Dot Lichen',79,'Bedboro','PH',14668,'Ame','Ronalda');
INSERT INTO c_info_planta(nombre,riego,cuidados,area,precio,tipo_luz,tipo_sustrato) VALUES ('Rosette Lichen',46,'Maric','LU',19950,'Kandy','Mimi');
INSERT INTO c_info_planta(nombre,riego,cuidados,area,precio,tipo_luz,tipo_sustrato) VALUES ('Scorpion Senna',88,'Siggs','AR',17199,'Modestine','Lynde');
INSERT INTO c_info_planta(nombre,riego,cuidados,area,precio,tipo_luz,tipo_sustrato) VALUES ('Fineleaf Hymenopappus',56,'Mendonca','GT',1665,'Lenna','Codee');
INSERT INTO c_info_planta(nombre,riego,cuidados,area,precio,tipo_luz,tipo_sustrato) VALUES ('Stewardson''s Stopper',1,'Formigli','RU',8137,'Nettie','Roseann');
INSERT INTO c_info_planta(nombre,riego,cuidados,area,precio,tipo_luz,tipo_sustrato) VALUES ('Hall''s Suncup',29,'Hallums','DE',3754,'Roda','Angeline');
INSERT INTO c_info_planta(nombre,riego,cuidados,area,precio,tipo_luz,tipo_sustrato) VALUES ('Everglades Greenbrier',100,'Helian','NZ',6413,'Ammamaria','Lani');
INSERT INTO c_info_planta(nombre,riego,cuidados,area,precio,tipo_luz,tipo_sustrato) VALUES ('Intoxicating Yam',16,'Risom','CN',9653,'Ginnifer','Delinda');
INSERT INTO c_info_planta(nombre,riego,cuidados,area,precio,tipo_luz,tipo_sustrato) VALUES ('Thompson''s Buckwheat',53,'Storcke','RS',506,'Laurice','Gussy');
INSERT INTO c_info_planta(nombre,riego,cuidados,area,precio,tipo_luz,tipo_sustrato) VALUES ('Yellowseed False Pimpernel',43,'Sieghart','UA',17420,'Melinda','Pearle');
INSERT INTO c_info_planta(nombre,riego,cuidados,area,precio,tipo_luz,tipo_sustrato) VALUES ('Pineland Chaffhead',29,'Moth','CN',18696,'Gabie','Annabal');
INSERT INTO c_info_planta(nombre,riego,cuidados,area,precio,tipo_luz,tipo_sustrato) VALUES ('Sloe',45,'Fripp','JP',13971,'Deeanne','Pooh');
INSERT INTO c_info_planta(nombre,riego,cuidados,area,precio,tipo_luz,tipo_sustrato) VALUES ('Marlberry',29,'Hovington','BA',6276,'Iormina','Rachael');
INSERT INTO c_info_planta(nombre,riego,cuidados,area,precio,tipo_luz,tipo_sustrato) VALUES ('Tall Thistle',32,'Troker','RU',4162,'Mirna','Inna');
INSERT INTO c_info_planta(nombre,riego,cuidados,area,precio,tipo_luz,tipo_sustrato) VALUES ('Mojave Woodyaster',95,'Maryan','CL',4302,'Elisabetta','Madelena');
INSERT INTO c_info_planta(nombre,riego,cuidados,area,precio,tipo_luz,tipo_sustrato) VALUES ('Panhandle Meadowbeauty',91,'Anscombe','CO',14284,'Caresse','Jodie');
INSERT INTO c_info_planta(nombre,riego,cuidados,area,precio,tipo_luz,tipo_sustrato) VALUES ('Rim Lichen',4,'Blackboro','SV',10729,'Rosaleen','Rhoda');
INSERT INTO c_info_planta(nombre,riego,cuidados,area,precio,tipo_luz,tipo_sustrato) VALUES ('Mountain Mock Vervain',28,'Capnor','IE',16578,'Nara','Rayna');
INSERT INTO c_info_planta(nombre,riego,cuidados,area,precio,tipo_luz,tipo_sustrato) VALUES ('Trans-pecos Cyclanthera',85,'Folks','CN',7785,'Pammie','Margareta');
INSERT INTO c_info_planta(nombre,riego,cuidados,area,precio,tipo_luz,tipo_sustrato) VALUES ('Arizona Buttercup',2,'Sandiford','CN',1234,'Juli','Janina');
INSERT INTO c_info_planta(nombre,riego,cuidados,area,precio,tipo_luz,tipo_sustrato) VALUES ('False Tungoiltree',29,'Talkington','PK',15112,'Minette','Joni');
INSERT INTO c_info_planta(nombre,riego,cuidados,area,precio,tipo_luz,tipo_sustrato) VALUES ('Labrador Bryum Moss',92,'MacTrustie','CN',10932,'Stella','Janel');
INSERT INTO c_info_planta(nombre,riego,cuidados,area,precio,tipo_luz,tipo_sustrato) VALUES ('Bostock''s Minerslettuce',23,'Denecamp','CN',5273,'Amaleta','Josephina');
INSERT INTO c_info_planta(nombre,riego,cuidados,area,precio,tipo_luz,tipo_sustrato) VALUES ('Common Cinquefoil',8,'Boddie','ID',4150,'Velvet','Melantha');
INSERT INTO c_info_planta(nombre,riego,cuidados,area,precio,tipo_luz,tipo_sustrato) VALUES ('Buckbean',59,'Elmore','ES',13784,'Buffy','Joyan');
INSERT INTO c_info_planta(nombre,riego,cuidados,area,precio,tipo_luz,tipo_sustrato) VALUES ('Sierra Lessingia',100,'Belloch','ID',5088,'Shannah','Andy');
INSERT INTO c_info_planta(nombre,riego,cuidados,area,precio,tipo_luz,tipo_sustrato) VALUES ('Bluntleaf Bedstraw',72,'McGaughay','BR',14461,'Carole','Teirtza');
INSERT INTO c_info_planta(nombre,riego,cuidados,area,precio,tipo_luz,tipo_sustrato) VALUES ('Beard Lichen',9,'Dorre','PH',12109,'Caprice','Glory');
INSERT INTO c_info_planta(nombre,riego,cuidados,area,precio,tipo_luz,tipo_sustrato) VALUES ('Sonora Entosthodon Moss',99,'O'' Driscoll','KE',11615,'Cornie','Roch');
INSERT INTO c_info_planta(nombre,riego,cuidados,area,precio,tipo_luz,tipo_sustrato) VALUES ('Sacred Thorn-apple',4,'Hens','BO',7979,'Janna','Millisent');
INSERT INTO c_info_planta(nombre,riego,cuidados,area,precio,tipo_luz,tipo_sustrato) VALUES ('Pallid Hoptree',76,'Gaughan','RU',12067,'Carola','Agathe');
INSERT INTO c_info_planta(nombre,riego,cuidados,area,precio,tipo_luz,tipo_sustrato) VALUES ('Southern Woodland Violet',30,'Newport','CZ',3050,'Jacquelin','Bonny');
INSERT INTO c_info_planta(nombre,riego,cuidados,area,precio,tipo_luz,tipo_sustrato) VALUES ('Thornless Dewberry',87,'Jemmison','PH',14263,'Friederike','Salomi');
INSERT INTO c_info_planta(nombre,riego,cuidados,area,precio,tipo_luz,tipo_sustrato) VALUES ('Hawai''i Birdnest Fern',29,'MacCardle','PA',6020,'Lurlene','Trudie');
INSERT INTO c_info_planta(nombre,riego,cuidados,area,precio,tipo_luz,tipo_sustrato) VALUES ('San Antonio Stoneseed',21,'Rosso','CA',3312,'Alana','Delores');
INSERT INTO c_info_planta(nombre,riego,cuidados,area,precio,tipo_luz,tipo_sustrato) VALUES ('Spiky Mother-in-law''s Tongue',82,'Donett','ID',16937,'Cayla','Kelcie');
INSERT INTO c_info_planta(nombre,riego,cuidados,area,precio,tipo_luz,tipo_sustrato) VALUES ('Lancewood',33,'Richings','AF',11977,'Kirsten','Wenonah');
INSERT INTO c_info_planta(nombre,riego,cuidados,area,precio,tipo_luz,tipo_sustrato) VALUES ('Golden Chamomile',69,'Mityakov','SA',12108,'Harriett','Venus');
INSERT INTO c_info_planta(nombre,riego,cuidados,area,precio,tipo_luz,tipo_sustrato) VALUES ('Thunberg''s Gardenia',82,'Broy','FI',16624,'Teresina','Steffi');
INSERT INTO c_info_planta(nombre,riego,cuidados,area,precio,tipo_luz,tipo_sustrato) VALUES ('Parmotrema Lichen',22,'Tue','CN',3014,'Hattie','Laurella');
INSERT INTO c_info_planta(nombre,riego,cuidados,area,precio,tipo_luz,tipo_sustrato) VALUES ('Tube Lichen',93,'McKillop','HT',19267,'Stacy','Lotty');
INSERT INTO c_info_planta(nombre,riego,cuidados,area,precio,tipo_luz,tipo_sustrato) VALUES ('Oval-leaf Willow',13,'Vasyuchov','IR',3220,'Luz','Edyth');
INSERT INTO c_info_planta(nombre,riego,cuidados,area,precio,tipo_luz,tipo_sustrato) VALUES ('Palegreen Orchid',79,'McCulloch','US',14099,'Madelle','Prisca');
INSERT INTO c_info_planta(nombre,riego,cuidados,area,precio,tipo_luz,tipo_sustrato) VALUES ('Poncirus',60,'Tomsett','ID',14246,'Caty','Alice');
INSERT INTO c_info_planta(nombre,riego,cuidados,area,precio,tipo_luz,tipo_sustrato) VALUES ('Great Basin Fishhook Cactus',41,'Dundridge','PT',11169,'Mariel','Manon');
INSERT INTO c_info_planta(nombre,riego,cuidados,area,precio,tipo_luz,tipo_sustrato) VALUES ('Dwarf Checkerbloom',19,'Stolle','BR',8656,'Cathrin','Eloise');
INSERT INTO c_info_planta(nombre,riego,cuidados,area,precio,tipo_luz,tipo_sustrato) VALUES ('Streambed Nehe',22,'Bawme','US',2923,'Sibby','Vinny');
INSERT INTO c_info_planta(nombre,riego,cuidados,area,precio,tipo_luz,tipo_sustrato) VALUES ('Tawny Cryptantha',40,'Woodroff','CA',1004,'Modestia','Lilly');
INSERT INTO c_info_planta(nombre,riego,cuidados,area,precio,tipo_luz,tipo_sustrato) VALUES ('Big Carpetgrass',52,'Sallinger','CM',803,'Nonna','Jilleen');
INSERT INTO c_info_planta(nombre,riego,cuidados,area,precio,tipo_luz,tipo_sustrato) VALUES ('Slender Seapurslane',73,'Titmuss','PT',6171,'Korella','Wynne');
INSERT INTO c_info_planta(nombre,riego,cuidados,area,precio,tipo_luz,tipo_sustrato) VALUES ('Mantisalca',26,'Suermeiers','PT',17441,'Florenza','Isis');
INSERT INTO c_info_planta(nombre,riego,cuidados,area,precio,tipo_luz,tipo_sustrato) VALUES ('Compact Conardia Moss',53,'Leamy','PH',1354,'Dasha','Veronika');
INSERT INTO c_info_planta(nombre,riego,cuidados,area,precio,tipo_luz,tipo_sustrato) VALUES ('Rhizomnium Moss',93,'Eivers','SY',18506,'Datha','Lois');
INSERT INTO c_info_planta(nombre,riego,cuidados,area,precio,tipo_luz,tipo_sustrato) VALUES ('Leafless Beaked Lady Orchid',88,'Oldred','IQ',6510,'Corri','Antonetta');
INSERT INTO c_info_planta(nombre,riego,cuidados,area,precio,tipo_luz,tipo_sustrato) VALUES ('Alhagi',71,'Pates','MA',7058,'Beverlie','Leanor');
INSERT INTO c_info_planta(nombre,riego,cuidados,area,precio,tipo_luz,tipo_sustrato) VALUES ('Hookedspur Violet',26,'Toolin','RU',1722,'Pegeen','Adelind');
INSERT INTO c_info_planta(nombre,riego,cuidados,area,precio,tipo_luz,tipo_sustrato) VALUES ('Scrubland Goldenaster',9,'Jakubovicz','PE',2313,'Babbette','Renate');
INSERT INTO c_info_planta(nombre,riego,cuidados,area,precio,tipo_luz,tipo_sustrato) VALUES ('Golden Trumpet',2,'Casado','BH',18757,'Kirstin','Joela');
INSERT INTO c_info_planta(nombre,riego,cuidados,area,precio,tipo_luz,tipo_sustrato) VALUES ('Lindheimer''s Blazingstar',96,'Belhome','PL',9823,'Maryann','Fern');
INSERT INTO c_info_planta(nombre,riego,cuidados,area,precio,tipo_luz,tipo_sustrato) VALUES ('Southern Flax',54,'Waber','AF',1889,'Evey','Amelia');
INSERT INTO c_info_planta(nombre,riego,cuidados,area,precio,tipo_luz,tipo_sustrato) VALUES ('Sorrel',7,'Scapelhorn','BR',18525,'Hallie','Roxie');
INSERT INTO c_info_planta(nombre,riego,cuidados,area,precio,tipo_luz,tipo_sustrato) VALUES ('Pannewitz''s Sedge',26,'Bartolomeazzi','PE',8586,'Nita','Tori');
INSERT INTO c_info_planta(nombre,riego,cuidados,area,precio,tipo_luz,tipo_sustrato) VALUES ('Woolly Locoweed',23,'Court','ID',16204,'Corie','Yvonne');
INSERT INTO c_info_planta(nombre,riego,cuidados,area,precio,tipo_luz,tipo_sustrato) VALUES ('Smallflower Bruguiera',35,'Matsell','UA',7517,'Lona','Carmelia');
INSERT INTO c_info_planta(nombre,riego,cuidados,area,precio,tipo_luz,tipo_sustrato) VALUES ('Monkeyflower',48,'Faragher','UA',10864,'Andrei','Isadora');
INSERT INTO c_info_planta(nombre,riego,cuidados,area,precio,tipo_luz,tipo_sustrato) VALUES ('Southeastern Sunflower',13,'Ankers','PT',10496,'Oralie','Caryl');
INSERT INTO c_info_planta(nombre,riego,cuidados,area,precio,tipo_luz,tipo_sustrato) VALUES ('Nevada Cryptantha',89,'Matteacci','UA',16090,'Delcina','Prisca');
INSERT INTO c_info_planta(nombre,riego,cuidados,area,precio,tipo_luz,tipo_sustrato) VALUES ('Squareseed Spurge',72,'Odam','TZ',2073,'Gusella','Emlynne');
INSERT INTO c_info_planta(nombre,riego,cuidados,area,precio,tipo_luz,tipo_sustrato) VALUES ('Ha''a',41,'Whodcoat','CV',18765,'Maegan','Corrinne');
INSERT INTO c_info_planta(nombre,riego,cuidados,area,precio,tipo_luz,tipo_sustrato) VALUES ('Bearded Skeletongrass',31,'Beaumont','LY',19313,'Lishe','Imogene');
INSERT INTO c_info_planta(nombre,riego,cuidados,area,precio,tipo_luz,tipo_sustrato) VALUES ('Antilles Parmotremopsis',2,'Rosson','ID',10488,'Justine','Randa');
INSERT INTO c_info_planta(nombre,riego,cuidados,area,precio,tipo_luz,tipo_sustrato) VALUES ('Gambel''s Dwarf Milkvetch',25,'Stanbra','SE',19416,'Caritta','Auberta');
INSERT INTO c_info_planta(nombre,riego,cuidados,area,precio,tipo_luz,tipo_sustrato) VALUES ('Porter''s Reedgrass',14,'Clashe','LY',16073,'Kittie','Diandra');
INSERT INTO c_info_planta(nombre,riego,cuidados,area,precio,tipo_luz,tipo_sustrato) VALUES ('Cliffbrake',45,'Buntain','ID',12581,'Ardenia','Mead');
INSERT INTO c_info_planta(nombre,riego,cuidados,area,precio,tipo_luz,tipo_sustrato) VALUES ('Pitcherplant',72,'Hammerman','VN',18763,'Bunnie','Kerrill');
INSERT INTO c_info_planta(nombre,riego,cuidados,area,precio,tipo_luz,tipo_sustrato) VALUES ('Tree Mallow',82,'Aggett','CN',10751,'Sandie','Felicle');


INSERT INTO planta(id_planta,id_info_planta,id_vivero,id_venta,fecha_germinacion) VALUES (1,'Bola De Nieve',1,1,'2022-11-19');
INSERT INTO planta(id_planta,id_info_planta,id_vivero,id_venta,fecha_germinacion) VALUES (2,'Dott Lichen',2,2,'2022-11-19');
INSERT INTO planta(id_planta,id_info_planta,id_vivero,id_venta,fecha_germinacion) VALUES (3,'Arctic Groundsel',3,3,'2022-11-19');
INSERT INTO planta(id_planta,id_info_planta,id_vivero,id_venta,fecha_germinacion) VALUES (4,'Candle Snuffer Moss',4,4,'2022-11-19');
INSERT INTO planta(id_planta,id_info_planta,id_vivero,id_venta,fecha_germinacion) VALUES (5,'Suckleya',5,5,'2022-11-19');
INSERT INTO planta(id_planta,id_info_planta,id_vivero,id_venta,fecha_germinacion) VALUES (6,'Peganum',6,6,'2022-11-19');
INSERT INTO planta(id_planta,id_info_planta,id_vivero,id_venta,fecha_germinacion) VALUES (7,'Corchorus',7,7,'2022-11-19');
INSERT INTO planta(id_planta,id_info_planta,id_vivero,id_venta,fecha_germinacion) VALUES (8,'Beatley''s Milkvetch',8,8,'2022-11-19');
INSERT INTO planta(id_planta,id_info_planta,id_vivero,id_venta,fecha_germinacion) VALUES (9,'Puerto Rico Alsophila',9,9,'2022-11-19');
INSERT INTO planta(id_planta,id_info_planta,id_vivero,id_venta,fecha_germinacion) VALUES (10,'Yellowcress',10,10,'2022-11-19');
INSERT INTO planta(id_planta,id_info_planta,id_vivero,id_venta,fecha_germinacion) VALUES (11,'Belamcanda',11,11,'2022-11-19');
INSERT INTO planta(id_planta,id_info_planta,id_vivero,id_venta,fecha_germinacion) VALUES (12,'Bigelow''s False Willow',12,12,'2022-11-19');
INSERT INTO planta(id_planta,id_info_planta,id_vivero,id_venta,fecha_germinacion) VALUES (13,'Goodding''s Ash',13,13,'2022-11-19');
INSERT INTO planta(id_planta,id_info_planta,id_vivero,id_venta,fecha_germinacion) VALUES (14,'Schaffner''s Hairsedge',14,14,'2022-11-19');
INSERT INTO planta(id_planta,id_info_planta,id_vivero,id_venta,fecha_germinacion) VALUES (15,'Shining Pepperweed',15,15,'2022-11-19');
INSERT INTO planta(id_planta,id_info_planta,id_vivero,id_venta,fecha_germinacion) VALUES (16,'Ohio Buckeye',16,16,'2022-11-19');
INSERT INTO planta(id_planta,id_info_planta,id_vivero,id_venta,fecha_germinacion) VALUES (17,'Engelmann''s Hedgehog Cactus',17,17,'2022-11-19');
INSERT INTO planta(id_planta,id_info_planta,id_vivero,id_venta,fecha_germinacion) VALUES (18,'Desert Almond',18,18,'2022-11-19');
INSERT INTO planta(id_planta,id_info_planta,id_vivero,id_venta,fecha_germinacion) VALUES (19,'Yellow Wall Bedstraw',19,19,'2022-11-19');
INSERT INTO planta(id_planta,id_info_planta,id_vivero,id_venta,fecha_germinacion) VALUES (20,'Venus Flytrap',20,20,'2022-11-19');
INSERT INTO planta(id_planta,id_info_planta,id_vivero,id_venta,fecha_germinacion) VALUES (21,'Manyflowered Navarretia',21,21,'2022-11-19');
INSERT INTO planta(id_planta,id_info_planta,id_vivero,id_venta,fecha_germinacion) VALUES (22,'Skeletonleaf Bur Ragweed',22,22,'2022-11-19');
INSERT INTO planta(id_planta,id_info_planta,id_vivero,id_venta,fecha_germinacion) VALUES (23,'Hairy Skullcap',23,23,'2022-11-19');
INSERT INTO planta(id_planta,id_info_planta,id_vivero,id_venta,fecha_germinacion) VALUES (24,'Brushpea',24,24,'2022-11-19');
INSERT INTO planta(id_planta,id_info_planta,id_vivero,id_venta,fecha_germinacion) VALUES (25,'Dot Lichen',25,25,'2022-11-19');
INSERT INTO planta(id_planta,id_info_planta,id_vivero,id_venta,fecha_germinacion) VALUES (26,'Rosette Lichen',26,26,'2022-11-19');
INSERT INTO planta(id_planta,id_info_planta,id_vivero,id_venta,fecha_germinacion) VALUES (27,'Scorpion Senna',27,27,'2022-11-19');
INSERT INTO planta(id_planta,id_info_planta,id_vivero,id_venta,fecha_germinacion) VALUES (28,'Fineleaf Hymenopappus',28,28,'2022-11-19');
INSERT INTO planta(id_planta,id_info_planta,id_vivero,id_venta,fecha_germinacion) VALUES (29,'Stewardson''s Stopper',29,29,'2022-11-19');
INSERT INTO planta(id_planta,id_info_planta,id_vivero,id_venta,fecha_germinacion) VALUES (30,'Hall''s Suncup',30,30,'2022-11-19');
INSERT INTO planta(id_planta,id_info_planta,id_vivero,id_venta,fecha_germinacion) VALUES (31,'Everglades Greenbrier',31,31,'2022-11-19');
INSERT INTO planta(id_planta,id_info_planta,id_vivero,id_venta,fecha_germinacion) VALUES (32,'Intoxicating Yam',32,32,'2022-11-19');
INSERT INTO planta(id_planta,id_info_planta,id_vivero,id_venta,fecha_germinacion) VALUES (33,'Thompson''s Buckwheat',33,33,'2022-11-19');
INSERT INTO planta(id_planta,id_info_planta,id_vivero,id_venta,fecha_germinacion) VALUES (34,'Yellowseed False Pimpernel',34,34,'2022-11-19');
INSERT INTO planta(id_planta,id_info_planta,id_vivero,id_venta,fecha_germinacion) VALUES (35,'Pineland Chaffhead',35,35,'2022-11-19');
INSERT INTO planta(id_planta,id_info_planta,id_vivero,id_venta,fecha_germinacion) VALUES (36,'Sloe',36,36,'2022-11-19');
INSERT INTO planta(id_planta,id_info_planta,id_vivero,id_venta,fecha_germinacion) VALUES (37,'Marlberry',37,37,'2022-11-19');
INSERT INTO planta(id_planta,id_info_planta,id_vivero,id_venta,fecha_germinacion) VALUES (38,'Tall Thistle',38,38,'2022-11-19');
INSERT INTO planta(id_planta,id_info_planta,id_vivero,id_venta,fecha_germinacion) VALUES (39,'Mojave Woodyaster',39,39,'2022-11-19');
INSERT INTO planta(id_planta,id_info_planta,id_vivero,id_venta,fecha_germinacion) VALUES (40,'Panhandle Meadowbeauty',40,40,'2022-11-19');
INSERT INTO planta(id_planta,id_info_planta,id_vivero,id_venta,fecha_germinacion) VALUES (41,'Rim Lichen',41,41,'2022-11-19');
INSERT INTO planta(id_planta,id_info_planta,id_vivero,id_venta,fecha_germinacion) VALUES (42,'Mountain Mock Vervain',42,42,'2022-11-19');
INSERT INTO planta(id_planta,id_info_planta,id_vivero,id_venta,fecha_germinacion) VALUES (43,'Trans-pecos Cyclanthera',43,43,'2022-11-19');
INSERT INTO planta(id_planta,id_info_planta,id_vivero,id_venta,fecha_germinacion) VALUES (44,'Arizona Buttercup',44,44,'2022-11-19');
INSERT INTO planta(id_planta,id_info_planta,id_vivero,id_venta,fecha_germinacion) VALUES (45,'False Tungoiltree',45,45,'2022-11-19');
INSERT INTO planta(id_planta,id_info_planta,id_vivero,id_venta,fecha_germinacion) VALUES (46,'Labrador Bryum Moss',46,46,'2022-11-19');
INSERT INTO planta(id_planta,id_info_planta,id_vivero,id_venta,fecha_germinacion) VALUES (47,'Bostock''s Minerslettuce',47,47,'2022-11-19');
INSERT INTO planta(id_planta,id_info_planta,id_vivero,id_venta,fecha_germinacion) VALUES (48,'Common Cinquefoil',48,48,'2022-11-19');
INSERT INTO planta(id_planta,id_info_planta,id_vivero,id_venta,fecha_germinacion) VALUES (49,'Buckbean',49,49,'2022-11-19');
INSERT INTO planta(id_planta,id_info_planta,id_vivero,id_venta,fecha_germinacion) VALUES (50,'Sierra Lessingia',50,50,'2022-11-19');
INSERT INTO planta(id_planta,id_info_planta,id_vivero,id_venta,fecha_germinacion) VALUES (51,'Bluntleaf Bedstraw',51,51,'2022-11-19');
INSERT INTO planta(id_planta,id_info_planta,id_vivero,id_venta,fecha_germinacion) VALUES (52,'Beard Lichen',52,52,'2022-11-19');
INSERT INTO planta(id_planta,id_info_planta,id_vivero,id_venta,fecha_germinacion) VALUES (53,'Sonora Entosthodon Moss',53,53,'2022-11-19');
INSERT INTO planta(id_planta,id_info_planta,id_vivero,id_venta,fecha_germinacion) VALUES (54,'Sacred Thorn-apple',54,54,'2022-11-19');
INSERT INTO planta(id_planta,id_info_planta,id_vivero,id_venta,fecha_germinacion) VALUES (55,'Pallid Hoptree',55,55,'2022-11-19');
INSERT INTO planta(id_planta,id_info_planta,id_vivero,id_venta,fecha_germinacion) VALUES (56,'Southern Woodland Violet',56,56,'2022-11-19');
INSERT INTO planta(id_planta,id_info_planta,id_vivero,id_venta,fecha_germinacion) VALUES (57,'Thornless Dewberry',57,57,'2022-11-19');
INSERT INTO planta(id_planta,id_info_planta,id_vivero,id_venta,fecha_germinacion) VALUES (58,'Hawai''i Birdnest Fern',58,58,'2022-11-19');
INSERT INTO planta(id_planta,id_info_planta,id_vivero,id_venta,fecha_germinacion) VALUES (59,'San Antonio Stoneseed',59,59,'2022-11-19');
INSERT INTO planta(id_planta,id_info_planta,id_vivero,id_venta,fecha_germinacion) VALUES (60,'Spiky Mother-in-law''s Tongue',60,60,'2022-11-19');
INSERT INTO planta(id_planta,id_info_planta,id_vivero,id_venta,fecha_germinacion) VALUES (61,'Lancewood',61,61,'2022-11-19');
INSERT INTO planta(id_planta,id_info_planta,id_vivero,id_venta,fecha_germinacion) VALUES (62,'Golden Chamomile',62,62,'2022-11-19');
INSERT INTO planta(id_planta,id_info_planta,id_vivero,id_venta,fecha_germinacion) VALUES (63,'Thunberg''s Gardenia',63,63,'2022-11-19');
INSERT INTO planta(id_planta,id_info_planta,id_vivero,id_venta,fecha_germinacion) VALUES (64,'Parmotrema Lichen',64,64,'2022-11-19');
INSERT INTO planta(id_planta,id_info_planta,id_vivero,id_venta,fecha_germinacion) VALUES (65,'Tube Lichen',65,65,'2022-11-19');
INSERT INTO planta(id_planta,id_info_planta,id_vivero,id_venta,fecha_germinacion) VALUES (66,'Oval-leaf Willow',66,66,'2022-11-19');
INSERT INTO planta(id_planta,id_info_planta,id_vivero,id_venta,fecha_germinacion) VALUES (67,'Palegreen Orchid',67,67,'2022-11-19');
INSERT INTO planta(id_planta,id_info_planta,id_vivero,id_venta,fecha_germinacion) VALUES (68,'Poncirus',68,68,'2022-11-19');
INSERT INTO planta(id_planta,id_info_planta,id_vivero,id_venta,fecha_germinacion) VALUES (69,'Great Basin Fishhook Cactus',69,69,'2022-11-19');
INSERT INTO planta(id_planta,id_info_planta,id_vivero,id_venta,fecha_germinacion) VALUES (70,'Dwarf Checkerbloom',70,70,'2022-11-19');
INSERT INTO planta(id_planta,id_info_planta,id_vivero,id_venta,fecha_germinacion) VALUES (71,'Streambed Nehe',71,71,'2022-11-19');
INSERT INTO planta(id_planta,id_info_planta,id_vivero,id_venta,fecha_germinacion) VALUES (72,'Tawny Cryptantha',72,72,'2022-11-19');
INSERT INTO planta(id_planta,id_info_planta,id_vivero,id_venta,fecha_germinacion) VALUES (73,'Big Carpetgrass',73,73,'2022-11-19');
INSERT INTO planta(id_planta,id_info_planta,id_vivero,id_venta,fecha_germinacion) VALUES (74,'Slender Seapurslane',74,74,'2022-11-19');
INSERT INTO planta(id_planta,id_info_planta,id_vivero,id_venta,fecha_germinacion) VALUES (75,'Mantisalca',75,75,'2022-11-19');
INSERT INTO planta(id_planta,id_info_planta,id_vivero,id_venta,fecha_germinacion) VALUES (76,'Compact Conardia Moss',76,76,'2022-11-19');
INSERT INTO planta(id_planta,id_info_planta,id_vivero,id_venta,fecha_germinacion) VALUES (77,'Rhizomnium Moss',77,77,'2022-11-19');
INSERT INTO planta(id_planta,id_info_planta,id_vivero,id_venta,fecha_germinacion) VALUES (78,'Leafless Beaked Lady Orchid',78,78,'2022-11-19');
INSERT INTO planta(id_planta,id_info_planta,id_vivero,id_venta,fecha_germinacion) VALUES (79,'Alhagi',79,79,'2022-11-19');
INSERT INTO planta(id_planta,id_info_planta,id_vivero,id_venta,fecha_germinacion) VALUES (80,'Hookedspur Violet',80,80,'2022-11-19');
INSERT INTO planta(id_planta,id_info_planta,id_vivero,id_venta,fecha_germinacion) VALUES (81,'Scrubland Goldenaster',81,81,'2022-11-19');
INSERT INTO planta(id_planta,id_info_planta,id_vivero,id_venta,fecha_germinacion) VALUES (82,'Golden Trumpet',82,82,'2022-11-19');
INSERT INTO planta(id_planta,id_info_planta,id_vivero,id_venta,fecha_germinacion) VALUES (83,'Lindheimer''s Blazingstar',83,83,'2022-11-19');
INSERT INTO planta(id_planta,id_info_planta,id_vivero,id_venta,fecha_germinacion) VALUES (84,'Southern Flax',84,84,'2022-11-19');
INSERT INTO planta(id_planta,id_info_planta,id_vivero,id_venta,fecha_germinacion) VALUES (85,'Sorrel',85,85,'2022-11-19');
INSERT INTO planta(id_planta,id_info_planta,id_vivero,id_venta,fecha_germinacion) VALUES (86,'Pannewitz''s Sedge',86,86,'2022-11-19');
INSERT INTO planta(id_planta,id_info_planta,id_vivero,id_venta,fecha_germinacion) VALUES (87,'Woolly Locoweed',87,87,'2022-11-19');
INSERT INTO planta(id_planta,id_info_planta,id_vivero,id_venta,fecha_germinacion) VALUES (88,'Smallflower Bruguiera',88,88,'2022-11-19');
INSERT INTO planta(id_planta,id_info_planta,id_vivero,id_venta,fecha_germinacion) VALUES (89,'Monkeyflower',89,89,'2022-11-19');
INSERT INTO planta(id_planta,id_info_planta,id_vivero,id_venta,fecha_germinacion) VALUES (90,'Southeastern Sunflower',90,90,'2022-11-19');
INSERT INTO planta(id_planta,id_info_planta,id_vivero,id_venta,fecha_germinacion) VALUES (91,'Nevada Cryptantha',91,91,'2022-11-19');
INSERT INTO planta(id_planta,id_info_planta,id_vivero,id_venta,fecha_germinacion) VALUES (92,'Squareseed Spurge',92,92,'2022-11-19');
INSERT INTO planta(id_planta,id_info_planta,id_vivero,id_venta,fecha_germinacion) VALUES (93,'Ha''a',93,93,'2022-11-19');
INSERT INTO planta(id_planta,id_info_planta,id_vivero,id_venta,fecha_germinacion) VALUES (94,'Bearded Skeletongrass',94,94,'2022-11-19');
INSERT INTO planta(id_planta,id_info_planta,id_vivero,id_venta,fecha_germinacion) VALUES (95,'Antilles Parmotremopsis',95,95,'2022-11-19');
INSERT INTO planta(id_planta,id_info_planta,id_vivero,id_venta,fecha_germinacion) VALUES (96,'Gambel''s Dwarf Milkvetch',96,96,'2022-11-19');
INSERT INTO planta(id_planta,id_info_planta,id_vivero,id_venta,fecha_germinacion) VALUES (97,'Porter''s Reedgrass',97,97,'2022-11-19');
INSERT INTO planta(id_planta,id_info_planta,id_vivero,id_venta,fecha_germinacion) VALUES (98,'Cliffbrake',98,98,'2022-11-19');
INSERT INTO planta(id_planta,id_info_planta,id_vivero,id_venta,fecha_germinacion) VALUES (99,'Pitcherplant',99,99,'2022-11-19');
INSERT INTO planta(id_planta,id_info_planta,id_vivero,id_venta,fecha_germinacion) VALUES (100,'Tree Mallow',100,100,'2022-11-19');


INSERT INTO venta(id_venta,fecha) VALUES (1,'2022-01-28');
INSERT INTO venta(id_venta,fecha) VALUES (2,'2022-11-11');
INSERT INTO venta(id_venta,fecha) VALUES (3,'2022-09-04');
INSERT INTO venta(id_venta,fecha) VALUES (4,'2021-12-30');
INSERT INTO venta(id_venta,fecha) VALUES (5,'2022-02-08');
INSERT INTO venta(id_venta,fecha) VALUES (6,'2022-05-11');
INSERT INTO venta(id_venta,fecha) VALUES (7,'2021-12-23');
INSERT INTO venta(id_venta,fecha) VALUES (8,'2021-12-24');
INSERT INTO venta(id_venta,fecha) VALUES (9,'2022-05-30');
INSERT INTO venta(id_venta,fecha) VALUES (10,'2022-09-22');
INSERT INTO venta(id_venta,fecha) VALUES (11,'2022-06-13');
INSERT INTO venta(id_venta,fecha) VALUES (12,'2022-03-27');
INSERT INTO venta(id_venta,fecha) VALUES (13,'2021-12-15');
INSERT INTO venta(id_venta,fecha) VALUES (14,'2022-10-25');
INSERT INTO venta(id_venta,fecha) VALUES (15,'2022-03-29');
INSERT INTO venta(id_venta,fecha) VALUES (16,'2021-11-19');
INSERT INTO venta(id_venta,fecha) VALUES (17,'2022-05-07');
INSERT INTO venta(id_venta,fecha) VALUES (18,'2022-01-03');
INSERT INTO venta(id_venta,fecha) VALUES (19,'2022-08-07');
INSERT INTO venta(id_venta,fecha) VALUES (20,'2022-05-29');
INSERT INTO venta(id_venta,fecha) VALUES (21,'2021-12-10');
INSERT INTO venta(id_venta,fecha) VALUES (22,'2021-12-23');
INSERT INTO venta(id_venta,fecha) VALUES (23,'2022-10-24');
INSERT INTO venta(id_venta,fecha) VALUES (24,'2022-10-27');
INSERT INTO venta(id_venta,fecha) VALUES (25,'2022-01-09');
INSERT INTO venta(id_venta,fecha) VALUES (26,'2022-05-20');
INSERT INTO venta(id_venta,fecha) VALUES (27,'2021-11-24');
INSERT INTO venta(id_venta,fecha) VALUES (28,'2022-03-01');
INSERT INTO venta(id_venta,fecha) VALUES (29,'2022-01-09');
INSERT INTO venta(id_venta,fecha) VALUES (30,'2022-08-24');
INSERT INTO venta(id_venta,fecha) VALUES (31,'2022-04-06');
INSERT INTO venta(id_venta,fecha) VALUES (32,'2022-03-03');
INSERT INTO venta(id_venta,fecha) VALUES (33,'2022-07-08');
INSERT INTO venta(id_venta,fecha) VALUES (34,'2022-04-26');
INSERT INTO venta(id_venta,fecha) VALUES (35,'2022-11-08');
INSERT INTO venta(id_venta,fecha) VALUES (36,'2022-02-09');
INSERT INTO venta(id_venta,fecha) VALUES (37,'2022-08-08');
INSERT INTO venta(id_venta,fecha) VALUES (38,'2022-05-30');
INSERT INTO venta(id_venta,fecha) VALUES (39,'2022-07-25');
INSERT INTO venta(id_venta,fecha) VALUES (40,'2022-09-09');
INSERT INTO venta(id_venta,fecha) VALUES (41,'2022-02-22');
INSERT INTO venta(id_venta,fecha) VALUES (42,'2022-05-27');
INSERT INTO venta(id_venta,fecha) VALUES (43,'2022-05-27');
INSERT INTO venta(id_venta,fecha) VALUES (44,'2022-08-13');
INSERT INTO venta(id_venta,fecha) VALUES (45,'2022-06-10');
INSERT INTO venta(id_venta,fecha) VALUES (46,'2022-09-29');
INSERT INTO venta(id_venta,fecha) VALUES (47,'2022-05-05');
INSERT INTO venta(id_venta,fecha) VALUES (48,'2022-01-01');
INSERT INTO venta(id_venta,fecha) VALUES (49,'2022-09-20');
INSERT INTO venta(id_venta,fecha) VALUES (50,'2022-04-04');
INSERT INTO venta(id_venta,fecha) VALUES (51,'2022-05-19');
INSERT INTO venta(id_venta,fecha) VALUES (52,'2022-01-10');
INSERT INTO venta(id_venta,fecha) VALUES (53,'2022-10-01');
INSERT INTO venta(id_venta,fecha) VALUES (54,'2022-03-30');
INSERT INTO venta(id_venta,fecha) VALUES (55,'2022-06-26');
INSERT INTO venta(id_venta,fecha) VALUES (56,'2022-03-21');
INSERT INTO venta(id_venta,fecha) VALUES (57,'2022-01-06');
INSERT INTO venta(id_venta,fecha) VALUES (58,'2022-06-03');
INSERT INTO venta(id_venta,fecha) VALUES (59,'2022-08-25');
INSERT INTO venta(id_venta,fecha) VALUES (60,'2021-11-25');
INSERT INTO venta(id_venta,fecha) VALUES (61,'2022-04-10');
INSERT INTO venta(id_venta,fecha) VALUES (62,'2022-05-23');
INSERT INTO venta(id_venta,fecha) VALUES (63,'2022-05-18');
INSERT INTO venta(id_venta,fecha) VALUES (64,'2022-08-07');
INSERT INTO venta(id_venta,fecha) VALUES (65,'2022-07-14');
INSERT INTO venta(id_venta,fecha) VALUES (66,'2022-03-11');
INSERT INTO venta(id_venta,fecha) VALUES (67,'2022-09-18');
INSERT INTO venta(id_venta,fecha) VALUES (68,'2022-04-16');
INSERT INTO venta(id_venta,fecha) VALUES (69,'2022-05-19');
INSERT INTO venta(id_venta,fecha) VALUES (70,'2022-11-08');
INSERT INTO venta(id_venta,fecha) VALUES (71,'2022-03-05');
INSERT INTO venta(id_venta,fecha) VALUES (72,'2021-12-23');
INSERT INTO venta(id_venta,fecha) VALUES (73,'2022-07-15');
INSERT INTO venta(id_venta,fecha) VALUES (74,'2021-12-13');
INSERT INTO venta(id_venta,fecha) VALUES (75,'2022-03-17');
INSERT INTO venta(id_venta,fecha) VALUES (76,'2022-04-07');
INSERT INTO venta(id_venta,fecha) VALUES (77,'2022-06-09');
INSERT INTO venta(id_venta,fecha) VALUES (78,'2022-07-13');
INSERT INTO venta(id_venta,fecha) VALUES (79,'2021-12-08');
INSERT INTO venta(id_venta,fecha) VALUES (80,'2022-03-15');
INSERT INTO venta(id_venta,fecha) VALUES (81,'2022-01-20');
INSERT INTO venta(id_venta,fecha) VALUES (82,'2022-07-05');
INSERT INTO venta(id_venta,fecha) VALUES (83,'2022-01-06');
INSERT INTO venta(id_venta,fecha) VALUES (84,'2022-05-03');
INSERT INTO venta(id_venta,fecha) VALUES (85,'2022-10-31');
INSERT INTO venta(id_venta,fecha) VALUES (86,'2022-05-08');
INSERT INTO venta(id_venta,fecha) VALUES (87,'2022-07-02');
INSERT INTO venta(id_venta,fecha) VALUES (88,'2022-02-16');
INSERT INTO venta(id_venta,fecha) VALUES (89,'2022-01-30');
INSERT INTO venta(id_venta,fecha) VALUES (90,'2022-06-16');
INSERT INTO venta(id_venta,fecha) VALUES (91,'2021-12-28');
INSERT INTO venta(id_venta,fecha) VALUES (92,'2021-11-28');
INSERT INTO venta(id_venta,fecha) VALUES (93,'2022-10-27');
INSERT INTO venta(id_venta,fecha) VALUES (94,'2022-11-04');
INSERT INTO venta(id_venta,fecha) VALUES (95,'2021-12-07');
INSERT INTO venta(id_venta,fecha) VALUES (96,'2022-10-27');
INSERT INTO venta(id_venta,fecha) VALUES (97,'2022-03-03');
INSERT INTO venta(id_venta,fecha) VALUES (98,'2022-05-28');
INSERT INTO venta(id_venta,fecha) VALUES (99,'2021-11-21');
INSERT INTO venta(id_venta,fecha) VALUES (100,'2022-03-20');




INSERT INTO pago(id_pago,id_venta,cantidad) VALUES (1,1,2419);
INSERT INTO pago(id_pago,id_venta,cantidad) VALUES (2,2,2572);
INSERT INTO pago(id_pago,id_venta,cantidad) VALUES (3,3,4258);
INSERT INTO pago(id_pago,id_venta,cantidad) VALUES (4,4,9738);
INSERT INTO pago(id_pago,id_venta,cantidad) VALUES (5,5,4601);
INSERT INTO pago(id_pago,id_venta,cantidad) VALUES (6,6,9245);
INSERT INTO pago(id_pago,id_venta,cantidad) VALUES (7,7,5370);
INSERT INTO pago(id_pago,id_venta,cantidad) VALUES (8,8,2370);
INSERT INTO pago(id_pago,id_venta,cantidad) VALUES (9,9,8602);
INSERT INTO pago(id_pago,id_venta,cantidad) VALUES (10,10,1275);
INSERT INTO pago(id_pago,id_venta,cantidad) VALUES (11,11,5356);
INSERT INTO pago(id_pago,id_venta,cantidad) VALUES (12,12,4727);
INSERT INTO pago(id_pago,id_venta,cantidad) VALUES (13,13,7529);
INSERT INTO pago(id_pago,id_venta,cantidad) VALUES (14,14,5323);
INSERT INTO pago(id_pago,id_venta,cantidad) VALUES (15,15,6828);
INSERT INTO pago(id_pago,id_venta,cantidad) VALUES (16,16,4537);
INSERT INTO pago(id_pago,id_venta,cantidad) VALUES (17,17,8879);
INSERT INTO pago(id_pago,id_venta,cantidad) VALUES (18,18,6667);
INSERT INTO pago(id_pago,id_venta,cantidad) VALUES (19,19,9295);
INSERT INTO pago(id_pago,id_venta,cantidad) VALUES (20,20,9371);
INSERT INTO pago(id_pago,id_venta,cantidad) VALUES (21,21,4262);
INSERT INTO pago(id_pago,id_venta,cantidad) VALUES (22,22,4893);
INSERT INTO pago(id_pago,id_venta,cantidad) VALUES (23,23,8340);
INSERT INTO pago(id_pago,id_venta,cantidad) VALUES (24,24,7816);
INSERT INTO pago(id_pago,id_venta,cantidad) VALUES (25,25,4394);
INSERT INTO pago(id_pago,id_venta,cantidad) VALUES (26,26,4931);
INSERT INTO pago(id_pago,id_venta,cantidad) VALUES (27,27,6455);
INSERT INTO pago(id_pago,id_venta,cantidad) VALUES (28,28,4645);
INSERT INTO pago(id_pago,id_venta,cantidad) VALUES (29,29,7904);
INSERT INTO pago(id_pago,id_venta,cantidad) VALUES (30,30,2850);
INSERT INTO pago(id_pago,id_venta,cantidad) VALUES (31,31,4365);
INSERT INTO pago(id_pago,id_venta,cantidad) VALUES (32,32,5158);
INSERT INTO pago(id_pago,id_venta,cantidad) VALUES (33,33,9133);
INSERT INTO pago(id_pago,id_venta,cantidad) VALUES (34,34,6884);
INSERT INTO pago(id_pago,id_venta,cantidad) VALUES (35,35,1409);
INSERT INTO pago(id_pago,id_venta,cantidad) VALUES (36,36,6854);
INSERT INTO pago(id_pago,id_venta,cantidad) VALUES (37,37,8246);
INSERT INTO pago(id_pago,id_venta,cantidad) VALUES (38,38,5329);
INSERT INTO pago(id_pago,id_venta,cantidad) VALUES (39,39,6024);
INSERT INTO pago(id_pago,id_venta,cantidad) VALUES (40,40,8618);
INSERT INTO pago(id_pago,id_venta,cantidad) VALUES (41,41,9243);
INSERT INTO pago(id_pago,id_venta,cantidad) VALUES (42,42,1690);
INSERT INTO pago(id_pago,id_venta,cantidad) VALUES (43,43,1800);
INSERT INTO pago(id_pago,id_venta,cantidad) VALUES (44,44,5344);
INSERT INTO pago(id_pago,id_venta,cantidad) VALUES (45,45,7808);
INSERT INTO pago(id_pago,id_venta,cantidad) VALUES (46,46,1774);
INSERT INTO pago(id_pago,id_venta,cantidad) VALUES (47,47,8593);
INSERT INTO pago(id_pago,id_venta,cantidad) VALUES (48,48,6808);
INSERT INTO pago(id_pago,id_venta,cantidad) VALUES (49,49,9675);
INSERT INTO pago(id_pago,id_venta,cantidad) VALUES (50,50,3146);
INSERT INTO pago(id_pago,id_venta,cantidad) VALUES (51,51,2233);
INSERT INTO pago(id_pago,id_venta,cantidad) VALUES (52,52,1843);
INSERT INTO pago(id_pago,id_venta,cantidad) VALUES (53,53,6459);
INSERT INTO pago(id_pago,id_venta,cantidad) VALUES (54,54,6123);
INSERT INTO pago(id_pago,id_venta,cantidad) VALUES (55,55,3676);
INSERT INTO pago(id_pago,id_venta,cantidad) VALUES (56,56,9130);
INSERT INTO pago(id_pago,id_venta,cantidad) VALUES (57,57,2770);
INSERT INTO pago(id_pago,id_venta,cantidad) VALUES (58,58,5571);
INSERT INTO pago(id_pago,id_venta,cantidad) VALUES (59,59,5525);
INSERT INTO pago(id_pago,id_venta,cantidad) VALUES (60,60,9839);
INSERT INTO pago(id_pago,id_venta,cantidad) VALUES (61,61,8366);
INSERT INTO pago(id_pago,id_venta,cantidad) VALUES (62,62,3800);
INSERT INTO pago(id_pago,id_venta,cantidad) VALUES (63,63,9636);
INSERT INTO pago(id_pago,id_venta,cantidad) VALUES (64,64,4423);
INSERT INTO pago(id_pago,id_venta,cantidad) VALUES (65,65,4544);
INSERT INTO pago(id_pago,id_venta,cantidad) VALUES (66,66,9290);
INSERT INTO pago(id_pago,id_venta,cantidad) VALUES (67,67,5199);
INSERT INTO pago(id_pago,id_venta,cantidad) VALUES (68,68,8502);
INSERT INTO pago(id_pago,id_venta,cantidad) VALUES (69,69,5760);
INSERT INTO pago(id_pago,id_venta,cantidad) VALUES (70,70,6700);
INSERT INTO pago(id_pago,id_venta,cantidad) VALUES (71,71,1234);
INSERT INTO pago(id_pago,id_venta,cantidad) VALUES (72,72,2839);
INSERT INTO pago(id_pago,id_venta,cantidad) VALUES (73,73,9449);
INSERT INTO pago(id_pago,id_venta,cantidad) VALUES (74,74,7210);
INSERT INTO pago(id_pago,id_venta,cantidad) VALUES (75,75,8606);
INSERT INTO pago(id_pago,id_venta,cantidad) VALUES (76,76,4606);
INSERT INTO pago(id_pago,id_venta,cantidad) VALUES (77,77,3091);
INSERT INTO pago(id_pago,id_venta,cantidad) VALUES (78,78,6597);
INSERT INTO pago(id_pago,id_venta,cantidad) VALUES (79,79,7342);
INSERT INTO pago(id_pago,id_venta,cantidad) VALUES (80,80,3891);
INSERT INTO pago(id_pago,id_venta,cantidad) VALUES (81,81,2270);
INSERT INTO pago(id_pago,id_venta,cantidad) VALUES (82,82,6569);
INSERT INTO pago(id_pago,id_venta,cantidad) VALUES (83,83,3207);
INSERT INTO pago(id_pago,id_venta,cantidad) VALUES (84,84,9537);
INSERT INTO pago(id_pago,id_venta,cantidad) VALUES (85,85,2293);
INSERT INTO pago(id_pago,id_venta,cantidad) VALUES (86,86,3923);
INSERT INTO pago(id_pago,id_venta,cantidad) VALUES (87,87,9780);
INSERT INTO pago(id_pago,id_venta,cantidad) VALUES (88,88,6548);
INSERT INTO pago(id_pago,id_venta,cantidad) VALUES (89,89,6954);
INSERT INTO pago(id_pago,id_venta,cantidad) VALUES (90,90,5854);
INSERT INTO pago(id_pago,id_venta,cantidad) VALUES (91,91,9641);
INSERT INTO pago(id_pago,id_venta,cantidad) VALUES (92,92,9297);
INSERT INTO pago(id_pago,id_venta,cantidad) VALUES (93,93,7600);
INSERT INTO pago(id_pago,id_venta,cantidad) VALUES (94,94,4799);
INSERT INTO pago(id_pago,id_venta,cantidad) VALUES (95,95,5770);
INSERT INTO pago(id_pago,id_venta,cantidad) VALUES (96,96,6920);
INSERT INTO pago(id_pago,id_venta,cantidad) VALUES (97,97,4780);
INSERT INTO pago(id_pago,id_venta,cantidad) VALUES (98,98,1344);
INSERT INTO pago(id_pago,id_venta,cantidad) VALUES (99,99,2160);
INSERT INTO pago(id_pago,id_venta,cantidad) VALUES (100,100,6343);


INSERT INTO efectivo(id_pago,id_venta,cantidad_recibida,cantidad_dado,cantidad) VALUES (1,1,1478,1344,6980);
INSERT INTO efectivo(id_pago,id_venta,cantidad_recibida,cantidad_dado,cantidad) VALUES (2,2,494,1436,12761);
INSERT INTO efectivo(id_pago,id_venta,cantidad_recibida,cantidad_dado,cantidad) VALUES (3,3,497,336,11184);
INSERT INTO efectivo(id_pago,id_venta,cantidad_recibida,cantidad_dado,cantidad) VALUES (4,4,1378,1896,9708);
INSERT INTO efectivo(id_pago,id_venta,cantidad_recibida,cantidad_dado,cantidad) VALUES (5,5,1733,1901,4066);
INSERT INTO efectivo(id_pago,id_venta,cantidad_recibida,cantidad_dado,cantidad) VALUES (6,6,1622,126,10080);
INSERT INTO efectivo(id_pago,id_venta,cantidad_recibida,cantidad_dado,cantidad) VALUES (7,7,950,1511,16114);
INSERT INTO efectivo(id_pago,id_venta,cantidad_recibida,cantidad_dado,cantidad) VALUES (8,8,1122,148,7179);
INSERT INTO efectivo(id_pago,id_venta,cantidad_recibida,cantidad_dado,cantidad) VALUES (9,9,1770,1389,15650);
INSERT INTO efectivo(id_pago,id_venta,cantidad_recibida,cantidad_dado,cantidad) VALUES (10,10,39,1432,14318);
INSERT INTO efectivo(id_pago,id_venta,cantidad_recibida,cantidad_dado,cantidad) VALUES (11,11,1210,1206,10563);
INSERT INTO efectivo(id_pago,id_venta,cantidad_recibida,cantidad_dado,cantidad) VALUES (12,12,39,1602,14844);
INSERT INTO efectivo(id_pago,id_venta,cantidad_recibida,cantidad_dado,cantidad) VALUES (13,13,640,375,16108);
INSERT INTO efectivo(id_pago,id_venta,cantidad_recibida,cantidad_dado,cantidad) VALUES (14,14,133,957,3652);
INSERT INTO efectivo(id_pago,id_venta,cantidad_recibida,cantidad_dado,cantidad) VALUES (15,15,264,1736,16784);
INSERT INTO efectivo(id_pago,id_venta,cantidad_recibida,cantidad_dado,cantidad) VALUES (16,16,1926,838,12636);
INSERT INTO efectivo(id_pago,id_venta,cantidad_recibida,cantidad_dado,cantidad) VALUES (17,17,644,1459,11144);
INSERT INTO efectivo(id_pago,id_venta,cantidad_recibida,cantidad_dado,cantidad) VALUES (18,18,292,949,18570);
INSERT INTO efectivo(id_pago,id_venta,cantidad_recibida,cantidad_dado,cantidad) VALUES (19,19,274,94,3075);
INSERT INTO efectivo(id_pago,id_venta,cantidad_recibida,cantidad_dado,cantidad) VALUES (20,20,1708,1217,6208);
INSERT INTO efectivo(id_pago,id_venta,cantidad_recibida,cantidad_dado,cantidad) VALUES (21,21,1896,489,4210);
INSERT INTO efectivo(id_pago,id_venta,cantidad_recibida,cantidad_dado,cantidad) VALUES (22,22,927,1278,5327);
INSERT INTO efectivo(id_pago,id_venta,cantidad_recibida,cantidad_dado,cantidad) VALUES (23,23,609,291,14370);
INSERT INTO efectivo(id_pago,id_venta,cantidad_recibida,cantidad_dado,cantidad) VALUES (24,24,666,1392,11479);
INSERT INTO efectivo(id_pago,id_venta,cantidad_recibida,cantidad_dado,cantidad) VALUES (25,25,910,398,16570);
INSERT INTO efectivo(id_pago,id_venta,cantidad_recibida,cantidad_dado,cantidad) VALUES (26,26,1158,1111,13320);
INSERT INTO efectivo(id_pago,id_venta,cantidad_recibida,cantidad_dado,cantidad) VALUES (27,27,809,272,6663);
INSERT INTO efectivo(id_pago,id_venta,cantidad_recibida,cantidad_dado,cantidad) VALUES (28,28,1515,1844,17377);
INSERT INTO efectivo(id_pago,id_venta,cantidad_recibida,cantidad_dado,cantidad) VALUES (29,29,1414,704,11046);
INSERT INTO efectivo(id_pago,id_venta,cantidad_recibida,cantidad_dado,cantidad) VALUES (30,30,783,1073,5942);
INSERT INTO efectivo(id_pago,id_venta,cantidad_recibida,cantidad_dado,cantidad) VALUES (31,31,1076,8,8512);
INSERT INTO efectivo(id_pago,id_venta,cantidad_recibida,cantidad_dado,cantidad) VALUES (32,32,1593,1464,12883);
INSERT INTO efectivo(id_pago,id_venta,cantidad_recibida,cantidad_dado,cantidad) VALUES (33,33,1625,1646,19767);
INSERT INTO efectivo(id_pago,id_venta,cantidad_recibida,cantidad_dado,cantidad) VALUES (34,34,1852,76,14049);
INSERT INTO efectivo(id_pago,id_venta,cantidad_recibida,cantidad_dado,cantidad) VALUES (35,35,1122,355,6869);
INSERT INTO efectivo(id_pago,id_venta,cantidad_recibida,cantidad_dado,cantidad) VALUES (36,36,1364,706,4633);
INSERT INTO efectivo(id_pago,id_venta,cantidad_recibida,cantidad_dado,cantidad) VALUES (37,37,587,1351,8173);
INSERT INTO efectivo(id_pago,id_venta,cantidad_recibida,cantidad_dado,cantidad) VALUES (38,38,566,1132,5443);
INSERT INTO efectivo(id_pago,id_venta,cantidad_recibida,cantidad_dado,cantidad) VALUES (39,39,741,730,7991);
INSERT INTO efectivo(id_pago,id_venta,cantidad_recibida,cantidad_dado,cantidad) VALUES (40,40,765,1698,18050);
INSERT INTO efectivo(id_pago,id_venta,cantidad_recibida,cantidad_dado,cantidad) VALUES (41,41,249,1354,19499);
INSERT INTO efectivo(id_pago,id_venta,cantidad_recibida,cantidad_dado,cantidad) VALUES (42,42,1154,694,10317);
INSERT INTO efectivo(id_pago,id_venta,cantidad_recibida,cantidad_dado,cantidad) VALUES (43,43,364,946,15573);
INSERT INTO efectivo(id_pago,id_venta,cantidad_recibida,cantidad_dado,cantidad) VALUES (44,44,525,1784,7283);
INSERT INTO efectivo(id_pago,id_venta,cantidad_recibida,cantidad_dado,cantidad) VALUES (45,45,1258,1300,7506);
INSERT INTO efectivo(id_pago,id_venta,cantidad_recibida,cantidad_dado,cantidad) VALUES (46,46,1342,1183,14796);
INSERT INTO efectivo(id_pago,id_venta,cantidad_recibida,cantidad_dado,cantidad) VALUES (47,47,450,1085,9105);
INSERT INTO efectivo(id_pago,id_venta,cantidad_recibida,cantidad_dado,cantidad) VALUES (48,48,1035,1211,19292);
INSERT INTO efectivo(id_pago,id_venta,cantidad_recibida,cantidad_dado,cantidad) VALUES (49,49,602,728,1089);
INSERT INTO efectivo(id_pago,id_venta,cantidad_recibida,cantidad_dado,cantidad) VALUES (50,50,828,938,1862);
INSERT INTO efectivo(id_pago,id_venta,cantidad_recibida,cantidad_dado,cantidad) VALUES (51,51,1688,1591,2810);
INSERT INTO efectivo(id_pago,id_venta,cantidad_recibida,cantidad_dado,cantidad) VALUES (52,52,53,324,8970);
INSERT INTO efectivo(id_pago,id_venta,cantidad_recibida,cantidad_dado,cantidad) VALUES (53,53,519,294,6976);
INSERT INTO efectivo(id_pago,id_venta,cantidad_recibida,cantidad_dado,cantidad) VALUES (54,54,299,196,3743);
INSERT INTO efectivo(id_pago,id_venta,cantidad_recibida,cantidad_dado,cantidad) VALUES (55,55,1605,1690,3561);
INSERT INTO efectivo(id_pago,id_venta,cantidad_recibida,cantidad_dado,cantidad) VALUES (56,56,1692,688,5748);
INSERT INTO efectivo(id_pago,id_venta,cantidad_recibida,cantidad_dado,cantidad) VALUES (57,57,1952,498,16093);
INSERT INTO efectivo(id_pago,id_venta,cantidad_recibida,cantidad_dado,cantidad) VALUES (58,58,389,1692,17209);
INSERT INTO efectivo(id_pago,id_venta,cantidad_recibida,cantidad_dado,cantidad) VALUES (59,59,1378,429,18592);
INSERT INTO efectivo(id_pago,id_venta,cantidad_recibida,cantidad_dado,cantidad) VALUES (60,60,1853,1359,16382);
INSERT INTO efectivo(id_pago,id_venta,cantidad_recibida,cantidad_dado,cantidad) VALUES (61,61,1755,1992,16334);
INSERT INTO efectivo(id_pago,id_venta,cantidad_recibida,cantidad_dado,cantidad) VALUES (62,62,1634,926,7586);
INSERT INTO efectivo(id_pago,id_venta,cantidad_recibida,cantidad_dado,cantidad) VALUES (63,63,756,1335,2988);
INSERT INTO efectivo(id_pago,id_venta,cantidad_recibida,cantidad_dado,cantidad) VALUES (64,64,856,623,8506);
INSERT INTO efectivo(id_pago,id_venta,cantidad_recibida,cantidad_dado,cantidad) VALUES (65,65,102,637,13491);
INSERT INTO efectivo(id_pago,id_venta,cantidad_recibida,cantidad_dado,cantidad) VALUES (66,66,225,1232,12551);
INSERT INTO efectivo(id_pago,id_venta,cantidad_recibida,cantidad_dado,cantidad) VALUES (67,67,1075,1034,16651);
INSERT INTO efectivo(id_pago,id_venta,cantidad_recibida,cantidad_dado,cantidad) VALUES (68,68,960,1931,2232);
INSERT INTO efectivo(id_pago,id_venta,cantidad_recibida,cantidad_dado,cantidad) VALUES (69,69,1037,1398,9422);
INSERT INTO efectivo(id_pago,id_venta,cantidad_recibida,cantidad_dado,cantidad) VALUES (70,70,1500,40,5590);
INSERT INTO efectivo(id_pago,id_venta,cantidad_recibida,cantidad_dado,cantidad) VALUES (71,71,1138,944,3667);
INSERT INTO efectivo(id_pago,id_venta,cantidad_recibida,cantidad_dado,cantidad) VALUES (72,72,571,24,6618);
INSERT INTO efectivo(id_pago,id_venta,cantidad_recibida,cantidad_dado,cantidad) VALUES (73,73,1738,998,4097);
INSERT INTO efectivo(id_pago,id_venta,cantidad_recibida,cantidad_dado,cantidad) VALUES (74,74,1555,1389,16004);
INSERT INTO efectivo(id_pago,id_venta,cantidad_recibida,cantidad_dado,cantidad) VALUES (75,75,1354,1464,16850);
INSERT INTO efectivo(id_pago,id_venta,cantidad_recibida,cantidad_dado,cantidad) VALUES (76,76,1487,557,18719);
INSERT INTO efectivo(id_pago,id_venta,cantidad_recibida,cantidad_dado,cantidad) VALUES (77,77,1723,20,9251);
INSERT INTO efectivo(id_pago,id_venta,cantidad_recibida,cantidad_dado,cantidad) VALUES (78,78,514,1512,6445);
INSERT INTO efectivo(id_pago,id_venta,cantidad_recibida,cantidad_dado,cantidad) VALUES (79,79,294,111,19557);
INSERT INTO efectivo(id_pago,id_venta,cantidad_recibida,cantidad_dado,cantidad) VALUES (80,80,39,964,9558);
INSERT INTO efectivo(id_pago,id_venta,cantidad_recibida,cantidad_dado,cantidad) VALUES (81,81,582,722,7518);
INSERT INTO efectivo(id_pago,id_venta,cantidad_recibida,cantidad_dado,cantidad) VALUES (82,82,1650,1502,18011);
INSERT INTO efectivo(id_pago,id_venta,cantidad_recibida,cantidad_dado,cantidad) VALUES (83,83,887,482,9605);
INSERT INTO efectivo(id_pago,id_venta,cantidad_recibida,cantidad_dado,cantidad) VALUES (84,84,1372,1752,5999);
INSERT INTO efectivo(id_pago,id_venta,cantidad_recibida,cantidad_dado,cantidad) VALUES (85,85,1782,1959,19535);
INSERT INTO efectivo(id_pago,id_venta,cantidad_recibida,cantidad_dado,cantidad) VALUES (86,86,1576,1088,3979);
INSERT INTO efectivo(id_pago,id_venta,cantidad_recibida,cantidad_dado,cantidad) VALUES (87,87,469,1861,1360);
INSERT INTO efectivo(id_pago,id_venta,cantidad_recibida,cantidad_dado,cantidad) VALUES (88,88,1922,161,2697);
INSERT INTO efectivo(id_pago,id_venta,cantidad_recibida,cantidad_dado,cantidad) VALUES (89,89,650,375,6796);
INSERT INTO efectivo(id_pago,id_venta,cantidad_recibida,cantidad_dado,cantidad) VALUES (90,90,894,1012,8616);
INSERT INTO efectivo(id_pago,id_venta,cantidad_recibida,cantidad_dado,cantidad) VALUES (91,91,1555,611,10218);
INSERT INTO efectivo(id_pago,id_venta,cantidad_recibida,cantidad_dado,cantidad) VALUES (92,92,744,169,13883);
INSERT INTO efectivo(id_pago,id_venta,cantidad_recibida,cantidad_dado,cantidad) VALUES (93,93,1621,1136,10557);
INSERT INTO efectivo(id_pago,id_venta,cantidad_recibida,cantidad_dado,cantidad) VALUES (94,94,322,296,6691);
INSERT INTO efectivo(id_pago,id_venta,cantidad_recibida,cantidad_dado,cantidad) VALUES (95,95,687,1692,9475);
INSERT INTO efectivo(id_pago,id_venta,cantidad_recibida,cantidad_dado,cantidad) VALUES (96,96,151,1988,8361);
INSERT INTO efectivo(id_pago,id_venta,cantidad_recibida,cantidad_dado,cantidad) VALUES (97,97,1487,991,13455);
INSERT INTO efectivo(id_pago,id_venta,cantidad_recibida,cantidad_dado,cantidad) VALUES (98,98,678,888,18659);
INSERT INTO efectivo(id_pago,id_venta,cantidad_recibida,cantidad_dado,cantidad) VALUES (99,99,260,651,10012);
INSERT INTO efectivo(id_pago,id_venta,cantidad_recibida,cantidad_dado,cantidad) VALUES (100,100,1272,823,1121);


INSERT INTO tarjeta_credito(id_pago,id_venta,cantidad,num_meses_sinintereses) VALUES (1,1,4933,7);
INSERT INTO tarjeta_credito(id_pago,id_venta,cantidad,num_meses_sinintereses) VALUES (2,2,4929,2);
INSERT INTO tarjeta_credito(id_pago,id_venta,cantidad,num_meses_sinintereses) VALUES (3,3,7790,7);
INSERT INTO tarjeta_credito(id_pago,id_venta,cantidad,num_meses_sinintereses) VALUES (4,4,8266,6);
INSERT INTO tarjeta_credito(id_pago,id_venta,cantidad,num_meses_sinintereses) VALUES (5,5,7926,1);
INSERT INTO tarjeta_credito(id_pago,id_venta,cantidad,num_meses_sinintereses) VALUES (6,6,3067,6);
INSERT INTO tarjeta_credito(id_pago,id_venta,cantidad,num_meses_sinintereses) VALUES (7,7,9963,8);
INSERT INTO tarjeta_credito(id_pago,id_venta,cantidad,num_meses_sinintereses) VALUES (8,8,1647,5);
INSERT INTO tarjeta_credito(id_pago,id_venta,cantidad,num_meses_sinintereses) VALUES (9,9,6395,6);
INSERT INTO tarjeta_credito(id_pago,id_venta,cantidad,num_meses_sinintereses) VALUES (10,10,9438,3);
INSERT INTO tarjeta_credito(id_pago,id_venta,cantidad,num_meses_sinintereses) VALUES (11,11,5618,5);
INSERT INTO tarjeta_credito(id_pago,id_venta,cantidad,num_meses_sinintereses) VALUES (12,12,8191,1);
INSERT INTO tarjeta_credito(id_pago,id_venta,cantidad,num_meses_sinintereses) VALUES (13,13,8461,8);
INSERT INTO tarjeta_credito(id_pago,id_venta,cantidad,num_meses_sinintereses) VALUES (14,14,8850,4);
INSERT INTO tarjeta_credito(id_pago,id_venta,cantidad,num_meses_sinintereses) VALUES (15,15,4178,5);
INSERT INTO tarjeta_credito(id_pago,id_venta,cantidad,num_meses_sinintereses) VALUES (16,16,4285,7);
INSERT INTO tarjeta_credito(id_pago,id_venta,cantidad,num_meses_sinintereses) VALUES (17,17,7698,6);
INSERT INTO tarjeta_credito(id_pago,id_venta,cantidad,num_meses_sinintereses) VALUES (18,18,3883,3);
INSERT INTO tarjeta_credito(id_pago,id_venta,cantidad,num_meses_sinintereses) VALUES (19,19,3604,8);
INSERT INTO tarjeta_credito(id_pago,id_venta,cantidad,num_meses_sinintereses) VALUES (20,20,3414,8);
INSERT INTO tarjeta_credito(id_pago,id_venta,cantidad,num_meses_sinintereses) VALUES (21,21,2048,7);
INSERT INTO tarjeta_credito(id_pago,id_venta,cantidad,num_meses_sinintereses) VALUES (22,22,1993,3);
INSERT INTO tarjeta_credito(id_pago,id_venta,cantidad,num_meses_sinintereses) VALUES (23,23,5983,6);
INSERT INTO tarjeta_credito(id_pago,id_venta,cantidad,num_meses_sinintereses) VALUES (24,24,4940,2);
INSERT INTO tarjeta_credito(id_pago,id_venta,cantidad,num_meses_sinintereses) VALUES (25,25,5795,8);
INSERT INTO tarjeta_credito(id_pago,id_venta,cantidad,num_meses_sinintereses) VALUES (26,26,9854,3);
INSERT INTO tarjeta_credito(id_pago,id_venta,cantidad,num_meses_sinintereses) VALUES (27,27,7033,4);
INSERT INTO tarjeta_credito(id_pago,id_venta,cantidad,num_meses_sinintereses) VALUES (28,28,8582,5);
INSERT INTO tarjeta_credito(id_pago,id_venta,cantidad,num_meses_sinintereses) VALUES (29,29,4404,7);
INSERT INTO tarjeta_credito(id_pago,id_venta,cantidad,num_meses_sinintereses) VALUES (30,30,4808,4);
INSERT INTO tarjeta_credito(id_pago,id_venta,cantidad,num_meses_sinintereses) VALUES (31,31,4853,1);
INSERT INTO tarjeta_credito(id_pago,id_venta,cantidad,num_meses_sinintereses) VALUES (32,32,2563,7);
INSERT INTO tarjeta_credito(id_pago,id_venta,cantidad,num_meses_sinintereses) VALUES (33,33,1403,5);
INSERT INTO tarjeta_credito(id_pago,id_venta,cantidad,num_meses_sinintereses) VALUES (34,34,1627,4);
INSERT INTO tarjeta_credito(id_pago,id_venta,cantidad,num_meses_sinintereses) VALUES (35,35,3870,1);
INSERT INTO tarjeta_credito(id_pago,id_venta,cantidad,num_meses_sinintereses) VALUES (36,36,9363,4);
INSERT INTO tarjeta_credito(id_pago,id_venta,cantidad,num_meses_sinintereses) VALUES (37,37,2685,8);
INSERT INTO tarjeta_credito(id_pago,id_venta,cantidad,num_meses_sinintereses) VALUES (38,38,3540,8);
INSERT INTO tarjeta_credito(id_pago,id_venta,cantidad,num_meses_sinintereses) VALUES (39,39,4193,8);
INSERT INTO tarjeta_credito(id_pago,id_venta,cantidad,num_meses_sinintereses) VALUES (40,40,5477,7);
INSERT INTO tarjeta_credito(id_pago,id_venta,cantidad,num_meses_sinintereses) VALUES (41,41,8065,5);
INSERT INTO tarjeta_credito(id_pago,id_venta,cantidad,num_meses_sinintereses) VALUES (42,42,5409,4);
INSERT INTO tarjeta_credito(id_pago,id_venta,cantidad,num_meses_sinintereses) VALUES (43,43,7929,3);
INSERT INTO tarjeta_credito(id_pago,id_venta,cantidad,num_meses_sinintereses) VALUES (44,44,2749,8);
INSERT INTO tarjeta_credito(id_pago,id_venta,cantidad,num_meses_sinintereses) VALUES (45,45,2134,1);
INSERT INTO tarjeta_credito(id_pago,id_venta,cantidad,num_meses_sinintereses) VALUES (46,46,6466,6);
INSERT INTO tarjeta_credito(id_pago,id_venta,cantidad,num_meses_sinintereses) VALUES (47,47,2914,4);
INSERT INTO tarjeta_credito(id_pago,id_venta,cantidad,num_meses_sinintereses) VALUES (48,48,5837,6);
INSERT INTO tarjeta_credito(id_pago,id_venta,cantidad,num_meses_sinintereses) VALUES (49,49,5424,6);
INSERT INTO tarjeta_credito(id_pago,id_venta,cantidad,num_meses_sinintereses) VALUES (50,50,4902,2);
INSERT INTO tarjeta_credito(id_pago,id_venta,cantidad,num_meses_sinintereses) VALUES (51,51,4922,1);
INSERT INTO tarjeta_credito(id_pago,id_venta,cantidad,num_meses_sinintereses) VALUES (52,52,6427,7);
INSERT INTO tarjeta_credito(id_pago,id_venta,cantidad,num_meses_sinintereses) VALUES (53,53,5088,7);
INSERT INTO tarjeta_credito(id_pago,id_venta,cantidad,num_meses_sinintereses) VALUES (54,54,2725,6);
INSERT INTO tarjeta_credito(id_pago,id_venta,cantidad,num_meses_sinintereses) VALUES (55,55,1081,5);
INSERT INTO tarjeta_credito(id_pago,id_venta,cantidad,num_meses_sinintereses) VALUES (56,56,2620,2);
INSERT INTO tarjeta_credito(id_pago,id_venta,cantidad,num_meses_sinintereses) VALUES (57,57,9636,3);
INSERT INTO tarjeta_credito(id_pago,id_venta,cantidad,num_meses_sinintereses) VALUES (58,58,1034,8);
INSERT INTO tarjeta_credito(id_pago,id_venta,cantidad,num_meses_sinintereses) VALUES (59,59,1915,5);
INSERT INTO tarjeta_credito(id_pago,id_venta,cantidad,num_meses_sinintereses) VALUES (60,60,5786,1);
INSERT INTO tarjeta_credito(id_pago,id_venta,cantidad,num_meses_sinintereses) VALUES (61,61,4636,8);
INSERT INTO tarjeta_credito(id_pago,id_venta,cantidad,num_meses_sinintereses) VALUES (62,62,4038,8);
INSERT INTO tarjeta_credito(id_pago,id_venta,cantidad,num_meses_sinintereses) VALUES (63,63,9677,5);
INSERT INTO tarjeta_credito(id_pago,id_venta,cantidad,num_meses_sinintereses) VALUES (64,64,5126,5);
INSERT INTO tarjeta_credito(id_pago,id_venta,cantidad,num_meses_sinintereses) VALUES (65,65,7955,7);
INSERT INTO tarjeta_credito(id_pago,id_venta,cantidad,num_meses_sinintereses) VALUES (66,66,5789,4);
INSERT INTO tarjeta_credito(id_pago,id_venta,cantidad,num_meses_sinintereses) VALUES (67,67,5389,3);
INSERT INTO tarjeta_credito(id_pago,id_venta,cantidad,num_meses_sinintereses) VALUES (68,68,4231,5);
INSERT INTO tarjeta_credito(id_pago,id_venta,cantidad,num_meses_sinintereses) VALUES (69,69,6050,5);
INSERT INTO tarjeta_credito(id_pago,id_venta,cantidad,num_meses_sinintereses) VALUES (70,70,6978,4);
INSERT INTO tarjeta_credito(id_pago,id_venta,cantidad,num_meses_sinintereses) VALUES (71,71,1511,8);
INSERT INTO tarjeta_credito(id_pago,id_venta,cantidad,num_meses_sinintereses) VALUES (72,72,6228,4);
INSERT INTO tarjeta_credito(id_pago,id_venta,cantidad,num_meses_sinintereses) VALUES (73,73,6745,4);
INSERT INTO tarjeta_credito(id_pago,id_venta,cantidad,num_meses_sinintereses) VALUES (74,74,2656,6);
INSERT INTO tarjeta_credito(id_pago,id_venta,cantidad,num_meses_sinintereses) VALUES (75,75,1675,6);
INSERT INTO tarjeta_credito(id_pago,id_venta,cantidad,num_meses_sinintereses) VALUES (76,76,3175,3);
INSERT INTO tarjeta_credito(id_pago,id_venta,cantidad,num_meses_sinintereses) VALUES (77,77,3192,7);
INSERT INTO tarjeta_credito(id_pago,id_venta,cantidad,num_meses_sinintereses) VALUES (78,78,7395,8);
INSERT INTO tarjeta_credito(id_pago,id_venta,cantidad,num_meses_sinintereses) VALUES (79,79,9512,7);
INSERT INTO tarjeta_credito(id_pago,id_venta,cantidad,num_meses_sinintereses) VALUES (80,80,2748,1);
INSERT INTO tarjeta_credito(id_pago,id_venta,cantidad,num_meses_sinintereses) VALUES (81,81,2064,2);
INSERT INTO tarjeta_credito(id_pago,id_venta,cantidad,num_meses_sinintereses) VALUES (82,82,9827,5);
INSERT INTO tarjeta_credito(id_pago,id_venta,cantidad,num_meses_sinintereses) VALUES (83,83,6426,7);
INSERT INTO tarjeta_credito(id_pago,id_venta,cantidad,num_meses_sinintereses) VALUES (84,84,3629,4);
INSERT INTO tarjeta_credito(id_pago,id_venta,cantidad,num_meses_sinintereses) VALUES (85,85,2024,1);
INSERT INTO tarjeta_credito(id_pago,id_venta,cantidad,num_meses_sinintereses) VALUES (86,86,5411,8);
INSERT INTO tarjeta_credito(id_pago,id_venta,cantidad,num_meses_sinintereses) VALUES (87,87,9199,4);
INSERT INTO tarjeta_credito(id_pago,id_venta,cantidad,num_meses_sinintereses) VALUES (88,88,3705,8);
INSERT INTO tarjeta_credito(id_pago,id_venta,cantidad,num_meses_sinintereses) VALUES (89,89,6469,8);
INSERT INTO tarjeta_credito(id_pago,id_venta,cantidad,num_meses_sinintereses) VALUES (90,90,8053,5);
INSERT INTO tarjeta_credito(id_pago,id_venta,cantidad,num_meses_sinintereses) VALUES (91,91,8581,3);
INSERT INTO tarjeta_credito(id_pago,id_venta,cantidad,num_meses_sinintereses) VALUES (92,92,5609,3);
INSERT INTO tarjeta_credito(id_pago,id_venta,cantidad,num_meses_sinintereses) VALUES (93,93,9621,8);
INSERT INTO tarjeta_credito(id_pago,id_venta,cantidad,num_meses_sinintereses) VALUES (94,94,6014,6);
INSERT INTO tarjeta_credito(id_pago,id_venta,cantidad,num_meses_sinintereses) VALUES (95,95,2444,6);
INSERT INTO tarjeta_credito(id_pago,id_venta,cantidad,num_meses_sinintereses) VALUES (96,96,8516,2);
INSERT INTO tarjeta_credito(id_pago,id_venta,cantidad,num_meses_sinintereses) VALUES (97,97,6864,6);
INSERT INTO tarjeta_credito(id_pago,id_venta,cantidad,num_meses_sinintereses) VALUES (98,98,1827,5);
INSERT INTO tarjeta_credito(id_pago,id_venta,cantidad,num_meses_sinintereses) VALUES (99,99,8572,8);
INSERT INTO tarjeta_credito(id_pago,id_venta,cantidad,num_meses_sinintereses) VALUES (100,100,5222,8);



INSERT INTO tarjeta_debito(id_pago,id_venta,cantidad,cantidad_retiro_efectivo) VALUES (1,1,8444,6596);
INSERT INTO tarjeta_debito(id_pago,id_venta,cantidad,cantidad_retiro_efectivo) VALUES (2,2,2998,4349);
INSERT INTO tarjeta_debito(id_pago,id_venta,cantidad,cantidad_retiro_efectivo) VALUES (3,3,9277,8739);
INSERT INTO tarjeta_debito(id_pago,id_venta,cantidad,cantidad_retiro_efectivo) VALUES (4,4,6481,1184);
INSERT INTO tarjeta_debito(id_pago,id_venta,cantidad,cantidad_retiro_efectivo) VALUES (5,5,2860,7491);
INSERT INTO tarjeta_debito(id_pago,id_venta,cantidad,cantidad_retiro_efectivo) VALUES (6,6,7091,9554);
INSERT INTO tarjeta_debito(id_pago,id_venta,cantidad,cantidad_retiro_efectivo) VALUES (7,7,8671,4881);
INSERT INTO tarjeta_debito(id_pago,id_venta,cantidad,cantidad_retiro_efectivo) VALUES (8,8,7259,7950);
INSERT INTO tarjeta_debito(id_pago,id_venta,cantidad,cantidad_retiro_efectivo) VALUES (9,9,2617,553);
INSERT INTO tarjeta_debito(id_pago,id_venta,cantidad,cantidad_retiro_efectivo) VALUES (10,10,3071,7008);
INSERT INTO tarjeta_debito(id_pago,id_venta,cantidad,cantidad_retiro_efectivo) VALUES (11,11,2741,7834);
INSERT INTO tarjeta_debito(id_pago,id_venta,cantidad,cantidad_retiro_efectivo) VALUES (12,12,5534,2842);
INSERT INTO tarjeta_debito(id_pago,id_venta,cantidad,cantidad_retiro_efectivo) VALUES (13,13,5232,4259);
INSERT INTO tarjeta_debito(id_pago,id_venta,cantidad,cantidad_retiro_efectivo) VALUES (14,14,8992,8421);
INSERT INTO tarjeta_debito(id_pago,id_venta,cantidad,cantidad_retiro_efectivo) VALUES (15,15,8789,2219);
INSERT INTO tarjeta_debito(id_pago,id_venta,cantidad,cantidad_retiro_efectivo) VALUES (16,16,6075,7429);
INSERT INTO tarjeta_debito(id_pago,id_venta,cantidad,cantidad_retiro_efectivo) VALUES (17,17,3509,2518);
INSERT INTO tarjeta_debito(id_pago,id_venta,cantidad,cantidad_retiro_efectivo) VALUES (18,18,7709,7785);
INSERT INTO tarjeta_debito(id_pago,id_venta,cantidad,cantidad_retiro_efectivo) VALUES (19,19,7176,5021);
INSERT INTO tarjeta_debito(id_pago,id_venta,cantidad,cantidad_retiro_efectivo) VALUES (20,20,8615,8519);
INSERT INTO tarjeta_debito(id_pago,id_venta,cantidad,cantidad_retiro_efectivo) VALUES (21,21,4650,5936);
INSERT INTO tarjeta_debito(id_pago,id_venta,cantidad,cantidad_retiro_efectivo) VALUES (22,22,9665,5644);
INSERT INTO tarjeta_debito(id_pago,id_venta,cantidad,cantidad_retiro_efectivo) VALUES (23,23,2935,9026);
INSERT INTO tarjeta_debito(id_pago,id_venta,cantidad,cantidad_retiro_efectivo) VALUES (24,24,4389,2135);
INSERT INTO tarjeta_debito(id_pago,id_venta,cantidad,cantidad_retiro_efectivo) VALUES (25,25,6759,324);
INSERT INTO tarjeta_debito(id_pago,id_venta,cantidad,cantidad_retiro_efectivo) VALUES (26,26,2940,7163);
INSERT INTO tarjeta_debito(id_pago,id_venta,cantidad,cantidad_retiro_efectivo) VALUES (27,27,1737,1021);
INSERT INTO tarjeta_debito(id_pago,id_venta,cantidad,cantidad_retiro_efectivo) VALUES (28,28,8938,6054);
INSERT INTO tarjeta_debito(id_pago,id_venta,cantidad,cantidad_retiro_efectivo) VALUES (29,29,7191,8008);
INSERT INTO tarjeta_debito(id_pago,id_venta,cantidad,cantidad_retiro_efectivo) VALUES (30,30,2336,1820);
INSERT INTO tarjeta_debito(id_pago,id_venta,cantidad,cantidad_retiro_efectivo) VALUES (31,31,7625,5297);
INSERT INTO tarjeta_debito(id_pago,id_venta,cantidad,cantidad_retiro_efectivo) VALUES (32,32,3487,8892);
INSERT INTO tarjeta_debito(id_pago,id_venta,cantidad,cantidad_retiro_efectivo) VALUES (33,33,3477,237);
INSERT INTO tarjeta_debito(id_pago,id_venta,cantidad,cantidad_retiro_efectivo) VALUES (34,34,9000,6379);
INSERT INTO tarjeta_debito(id_pago,id_venta,cantidad,cantidad_retiro_efectivo) VALUES (35,35,9284,3076);
INSERT INTO tarjeta_debito(id_pago,id_venta,cantidad,cantidad_retiro_efectivo) VALUES (36,36,3487,7961);
INSERT INTO tarjeta_debito(id_pago,id_venta,cantidad,cantidad_retiro_efectivo) VALUES (37,37,2325,6371);
INSERT INTO tarjeta_debito(id_pago,id_venta,cantidad,cantidad_retiro_efectivo) VALUES (38,38,4446,9568);
INSERT INTO tarjeta_debito(id_pago,id_venta,cantidad,cantidad_retiro_efectivo) VALUES (39,39,6643,363);
INSERT INTO tarjeta_debito(id_pago,id_venta,cantidad,cantidad_retiro_efectivo) VALUES (40,40,3878,6550);
INSERT INTO tarjeta_debito(id_pago,id_venta,cantidad,cantidad_retiro_efectivo) VALUES (41,41,1860,395);
INSERT INTO tarjeta_debito(id_pago,id_venta,cantidad,cantidad_retiro_efectivo) VALUES (42,42,2207,4728);
INSERT INTO tarjeta_debito(id_pago,id_venta,cantidad,cantidad_retiro_efectivo) VALUES (43,43,1765,2376);
INSERT INTO tarjeta_debito(id_pago,id_venta,cantidad,cantidad_retiro_efectivo) VALUES (44,44,9185,1087);
INSERT INTO tarjeta_debito(id_pago,id_venta,cantidad,cantidad_retiro_efectivo) VALUES (45,45,6737,4875);
INSERT INTO tarjeta_debito(id_pago,id_venta,cantidad,cantidad_retiro_efectivo) VALUES (46,46,6492,1263);
INSERT INTO tarjeta_debito(id_pago,id_venta,cantidad,cantidad_retiro_efectivo) VALUES (47,47,2180,3601);
INSERT INTO tarjeta_debito(id_pago,id_venta,cantidad,cantidad_retiro_efectivo) VALUES (48,48,2820,1886);
INSERT INTO tarjeta_debito(id_pago,id_venta,cantidad,cantidad_retiro_efectivo) VALUES (49,49,2384,9788);
INSERT INTO tarjeta_debito(id_pago,id_venta,cantidad,cantidad_retiro_efectivo) VALUES (50,50,6499,1159);
INSERT INTO tarjeta_debito(id_pago,id_venta,cantidad,cantidad_retiro_efectivo) VALUES (51,51,5066,1479);
INSERT INTO tarjeta_debito(id_pago,id_venta,cantidad,cantidad_retiro_efectivo) VALUES (52,52,1053,8659);
INSERT INTO tarjeta_debito(id_pago,id_venta,cantidad,cantidad_retiro_efectivo) VALUES (53,53,6086,9072);
INSERT INTO tarjeta_debito(id_pago,id_venta,cantidad,cantidad_retiro_efectivo) VALUES (54,54,3357,852);
INSERT INTO tarjeta_debito(id_pago,id_venta,cantidad,cantidad_retiro_efectivo) VALUES (55,55,3612,9255);
INSERT INTO tarjeta_debito(id_pago,id_venta,cantidad,cantidad_retiro_efectivo) VALUES (56,56,1248,8097);
INSERT INTO tarjeta_debito(id_pago,id_venta,cantidad,cantidad_retiro_efectivo) VALUES (57,57,3876,6054);
INSERT INTO tarjeta_debito(id_pago,id_venta,cantidad,cantidad_retiro_efectivo) VALUES (58,58,5663,7230);
INSERT INTO tarjeta_debito(id_pago,id_venta,cantidad,cantidad_retiro_efectivo) VALUES (59,59,8451,731);
INSERT INTO tarjeta_debito(id_pago,id_venta,cantidad,cantidad_retiro_efectivo) VALUES (60,60,3798,8890);
INSERT INTO tarjeta_debito(id_pago,id_venta,cantidad,cantidad_retiro_efectivo) VALUES (61,61,1590,6530);
INSERT INTO tarjeta_debito(id_pago,id_venta,cantidad,cantidad_retiro_efectivo) VALUES (62,62,4170,3132);
INSERT INTO tarjeta_debito(id_pago,id_venta,cantidad,cantidad_retiro_efectivo) VALUES (63,63,6304,1777);
INSERT INTO tarjeta_debito(id_pago,id_venta,cantidad,cantidad_retiro_efectivo) VALUES (64,64,1112,8431);
INSERT INTO tarjeta_debito(id_pago,id_venta,cantidad,cantidad_retiro_efectivo) VALUES (65,65,4745,1299);
INSERT INTO tarjeta_debito(id_pago,id_venta,cantidad,cantidad_retiro_efectivo) VALUES (66,66,6458,68);
INSERT INTO tarjeta_debito(id_pago,id_venta,cantidad,cantidad_retiro_efectivo) VALUES (67,67,1528,8622);
INSERT INTO tarjeta_debito(id_pago,id_venta,cantidad,cantidad_retiro_efectivo) VALUES (68,68,5452,3952);
INSERT INTO tarjeta_debito(id_pago,id_venta,cantidad,cantidad_retiro_efectivo) VALUES (69,69,7125,5708);
INSERT INTO tarjeta_debito(id_pago,id_venta,cantidad,cantidad_retiro_efectivo) VALUES (70,70,6830,5730);
INSERT INTO tarjeta_debito(id_pago,id_venta,cantidad,cantidad_retiro_efectivo) VALUES (71,71,5044,9844);
INSERT INTO tarjeta_debito(id_pago,id_venta,cantidad,cantidad_retiro_efectivo) VALUES (72,72,5750,7624);
INSERT INTO tarjeta_debito(id_pago,id_venta,cantidad,cantidad_retiro_efectivo) VALUES (73,73,8568,5217);
INSERT INTO tarjeta_debito(id_pago,id_venta,cantidad,cantidad_retiro_efectivo) VALUES (74,74,7062,7474);
INSERT INTO tarjeta_debito(id_pago,id_venta,cantidad,cantidad_retiro_efectivo) VALUES (75,75,7700,5340);
INSERT INTO tarjeta_debito(id_pago,id_venta,cantidad,cantidad_retiro_efectivo) VALUES (76,76,1960,8104);
INSERT INTO tarjeta_debito(id_pago,id_venta,cantidad,cantidad_retiro_efectivo) VALUES (77,77,2542,5134);
INSERT INTO tarjeta_debito(id_pago,id_venta,cantidad,cantidad_retiro_efectivo) VALUES (78,78,6762,4903);
INSERT INTO tarjeta_debito(id_pago,id_venta,cantidad,cantidad_retiro_efectivo) VALUES (79,79,5199,1155);
INSERT INTO tarjeta_debito(id_pago,id_venta,cantidad,cantidad_retiro_efectivo) VALUES (80,80,6814,3587);
INSERT INTO tarjeta_debito(id_pago,id_venta,cantidad,cantidad_retiro_efectivo) VALUES (81,81,4601,7165);
INSERT INTO tarjeta_debito(id_pago,id_venta,cantidad,cantidad_retiro_efectivo) VALUES (82,82,2733,4426);
INSERT INTO tarjeta_debito(id_pago,id_venta,cantidad,cantidad_retiro_efectivo) VALUES (83,83,3641,1477);
INSERT INTO tarjeta_debito(id_pago,id_venta,cantidad,cantidad_retiro_efectivo) VALUES (84,84,5640,2671);
INSERT INTO tarjeta_debito(id_pago,id_venta,cantidad,cantidad_retiro_efectivo) VALUES (85,85,1110,8522);
INSERT INTO tarjeta_debito(id_pago,id_venta,cantidad,cantidad_retiro_efectivo) VALUES (86,86,6319,3143);
INSERT INTO tarjeta_debito(id_pago,id_venta,cantidad,cantidad_retiro_efectivo) VALUES (87,87,9699,1261);
INSERT INTO tarjeta_debito(id_pago,id_venta,cantidad,cantidad_retiro_efectivo) VALUES (88,88,1268,2492);
INSERT INTO tarjeta_debito(id_pago,id_venta,cantidad,cantidad_retiro_efectivo) VALUES (89,89,1398,9386);
INSERT INTO tarjeta_debito(id_pago,id_venta,cantidad,cantidad_retiro_efectivo) VALUES (90,90,8888,1769);
INSERT INTO tarjeta_debito(id_pago,id_venta,cantidad,cantidad_retiro_efectivo) VALUES (91,91,6139,4788);
INSERT INTO tarjeta_debito(id_pago,id_venta,cantidad,cantidad_retiro_efectivo) VALUES (92,92,4805,5502);
INSERT INTO tarjeta_debito(id_pago,id_venta,cantidad,cantidad_retiro_efectivo) VALUES (93,93,7184,4786);
INSERT INTO tarjeta_debito(id_pago,id_venta,cantidad,cantidad_retiro_efectivo) VALUES (94,94,7547,5694);
INSERT INTO tarjeta_debito(id_pago,id_venta,cantidad,cantidad_retiro_efectivo) VALUES (95,95,1748,4402);
INSERT INTO tarjeta_debito(id_pago,id_venta,cantidad,cantidad_retiro_efectivo) VALUES (96,96,3977,379);
INSERT INTO tarjeta_debito(id_pago,id_venta,cantidad,cantidad_retiro_efectivo) VALUES (97,97,6627,5948);
INSERT INTO tarjeta_debito(id_pago,id_venta,cantidad,cantidad_retiro_efectivo) VALUES (98,98,6425,4668);
INSERT INTO tarjeta_debito(id_pago,id_venta,cantidad,cantidad_retiro_efectivo) VALUES (99,99,3157,9215);
INSERT INTO tarjeta_debito(id_pago,id_venta,cantidad,cantidad_retiro_efectivo) VALUES (100,100,3360,6251);



INSERT INTO venta_fisica(id_venta,fecha,id_cajero) VALUES (1,'2022-08-14',1);
INSERT INTO venta_fisica(id_venta,fecha,id_cajero) VALUES (2,'2022-03-25',2);
INSERT INTO venta_fisica(id_venta,fecha,id_cajero) VALUES (3,'2022-03-23',3);
INSERT INTO venta_fisica(id_venta,fecha,id_cajero) VALUES (4,'2022-03-27',4);
INSERT INTO venta_fisica(id_venta,fecha,id_cajero) VALUES (5,'2022-02-04',5);
INSERT INTO venta_fisica(id_venta,fecha,id_cajero) VALUES (6,'2022-09-01',6);
INSERT INTO venta_fisica(id_venta,fecha,id_cajero) VALUES (7,'2022-01-19',7);
INSERT INTO venta_fisica(id_venta,fecha,id_cajero) VALUES (8,'2021-12-13',8);
INSERT INTO venta_fisica(id_venta,fecha,id_cajero) VALUES (9,'2022-05-01',9);
INSERT INTO venta_fisica(id_venta,fecha,id_cajero) VALUES (10,'2021-11-21',10);
INSERT INTO venta_fisica(id_venta,fecha,id_cajero) VALUES (11,'2022-09-30',11);
INSERT INTO venta_fisica(id_venta,fecha,id_cajero) VALUES (12,'2022-07-17',12);
INSERT INTO venta_fisica(id_venta,fecha,id_cajero) VALUES (13,'2022-10-05',13);
INSERT INTO venta_fisica(id_venta,fecha,id_cajero) VALUES (14,'2022-06-10',14);
INSERT INTO venta_fisica(id_venta,fecha,id_cajero) VALUES (15,'2022-09-09',15);
INSERT INTO venta_fisica(id_venta,fecha,id_cajero) VALUES (16,'2022-08-23',16);
INSERT INTO venta_fisica(id_venta,fecha,id_cajero) VALUES (17,'2022-02-14',17);
INSERT INTO venta_fisica(id_venta,fecha,id_cajero) VALUES (18,'2022-04-22',18);
INSERT INTO venta_fisica(id_venta,fecha,id_cajero) VALUES (19,'2022-05-02',19);
INSERT INTO venta_fisica(id_venta,fecha,id_cajero) VALUES (20,'2022-02-03',20);
INSERT INTO venta_fisica(id_venta,fecha,id_cajero) VALUES (21,'2021-12-28',21);
INSERT INTO venta_fisica(id_venta,fecha,id_cajero) VALUES (22,'2022-09-18',22);
INSERT INTO venta_fisica(id_venta,fecha,id_cajero) VALUES (23,'2022-04-08',23);
INSERT INTO venta_fisica(id_venta,fecha,id_cajero) VALUES (24,'2022-06-26',24);
INSERT INTO venta_fisica(id_venta,fecha,id_cajero) VALUES (25,'2022-05-06',25);
INSERT INTO venta_fisica(id_venta,fecha,id_cajero) VALUES (26,'2022-02-21',26);
INSERT INTO venta_fisica(id_venta,fecha,id_cajero) VALUES (27,'2022-06-02',27);
INSERT INTO venta_fisica(id_venta,fecha,id_cajero) VALUES (28,'2022-04-04',28);
INSERT INTO venta_fisica(id_venta,fecha,id_cajero) VALUES (29,'2022-01-09',29);
INSERT INTO venta_fisica(id_venta,fecha,id_cajero) VALUES (30,'2022-08-21',30);
INSERT INTO venta_fisica(id_venta,fecha,id_cajero) VALUES (31,'2022-09-17',31);
INSERT INTO venta_fisica(id_venta,fecha,id_cajero) VALUES (32,'2022-03-28',32);
INSERT INTO venta_fisica(id_venta,fecha,id_cajero) VALUES (33,'2021-12-28',33);
INSERT INTO venta_fisica(id_venta,fecha,id_cajero) VALUES (34,'2022-10-16',34);
INSERT INTO venta_fisica(id_venta,fecha,id_cajero) VALUES (35,'2022-01-07',35);
INSERT INTO venta_fisica(id_venta,fecha,id_cajero) VALUES (36,'2022-01-27',36);
INSERT INTO venta_fisica(id_venta,fecha,id_cajero) VALUES (37,'2022-03-26',37);
INSERT INTO venta_fisica(id_venta,fecha,id_cajero) VALUES (38,'2022-02-08',38);
INSERT INTO venta_fisica(id_venta,fecha,id_cajero) VALUES (39,'2022-03-13',39);
INSERT INTO venta_fisica(id_venta,fecha,id_cajero) VALUES (40,'2022-03-19',40);
INSERT INTO venta_fisica(id_venta,fecha,id_cajero) VALUES (41,'2022-01-21',41);
INSERT INTO venta_fisica(id_venta,fecha,id_cajero) VALUES (42,'2022-02-10',42);
INSERT INTO venta_fisica(id_venta,fecha,id_cajero) VALUES (43,'2022-04-11',43);
INSERT INTO venta_fisica(id_venta,fecha,id_cajero) VALUES (44,'2022-09-03',44);
INSERT INTO venta_fisica(id_venta,fecha,id_cajero) VALUES (45,'2022-07-07',45);
INSERT INTO venta_fisica(id_venta,fecha,id_cajero) VALUES (46,'2022-08-04',46);
INSERT INTO venta_fisica(id_venta,fecha,id_cajero) VALUES (47,'2022-09-26',47);
INSERT INTO venta_fisica(id_venta,fecha,id_cajero) VALUES (48,'2022-01-27',48);
INSERT INTO venta_fisica(id_venta,fecha,id_cajero) VALUES (49,'2022-05-30',49);
INSERT INTO venta_fisica(id_venta,fecha,id_cajero) VALUES (50,'2022-02-13',50);
INSERT INTO venta_fisica(id_venta,fecha,id_cajero) VALUES (51,'2022-04-29',51);
INSERT INTO venta_fisica(id_venta,fecha,id_cajero) VALUES (52,'2022-07-11',52);
INSERT INTO venta_fisica(id_venta,fecha,id_cajero) VALUES (53,'2022-01-03',53);
INSERT INTO venta_fisica(id_venta,fecha,id_cajero) VALUES (54,'2022-03-03',54);
INSERT INTO venta_fisica(id_venta,fecha,id_cajero) VALUES (55,'2022-08-22',55);
INSERT INTO venta_fisica(id_venta,fecha,id_cajero) VALUES (56,'2022-05-23',56);
INSERT INTO venta_fisica(id_venta,fecha,id_cajero) VALUES (57,'2022-02-03',57);
INSERT INTO venta_fisica(id_venta,fecha,id_cajero) VALUES (58,'2022-10-06',58);
INSERT INTO venta_fisica(id_venta,fecha,id_cajero) VALUES (59,'2022-09-29',59);
INSERT INTO venta_fisica(id_venta,fecha,id_cajero) VALUES (60,'2022-07-04',60);
INSERT INTO venta_fisica(id_venta,fecha,id_cajero) VALUES (61,'2021-11-30',61);
INSERT INTO venta_fisica(id_venta,fecha,id_cajero) VALUES (62,'2021-12-03',62);
INSERT INTO venta_fisica(id_venta,fecha,id_cajero) VALUES (63,'2022-06-21',63);
INSERT INTO venta_fisica(id_venta,fecha,id_cajero) VALUES (64,'2022-07-20',64);
INSERT INTO venta_fisica(id_venta,fecha,id_cajero) VALUES (65,'2022-08-07',65);
INSERT INTO venta_fisica(id_venta,fecha,id_cajero) VALUES (66,'2022-09-06',66);
INSERT INTO venta_fisica(id_venta,fecha,id_cajero) VALUES (67,'2022-08-15',67);
INSERT INTO venta_fisica(id_venta,fecha,id_cajero) VALUES (68,'2022-01-22',68);
INSERT INTO venta_fisica(id_venta,fecha,id_cajero) VALUES (69,'2022-08-14',69);
INSERT INTO venta_fisica(id_venta,fecha,id_cajero) VALUES (70,'2022-03-19',70);
INSERT INTO venta_fisica(id_venta,fecha,id_cajero) VALUES (71,'2022-06-30',71);
INSERT INTO venta_fisica(id_venta,fecha,id_cajero) VALUES (72,'2022-01-15',72);
INSERT INTO venta_fisica(id_venta,fecha,id_cajero) VALUES (73,'2022-09-06',73);
INSERT INTO venta_fisica(id_venta,fecha,id_cajero) VALUES (74,'2022-10-27',74);
INSERT INTO venta_fisica(id_venta,fecha,id_cajero) VALUES (75,'2022-08-15',75);
INSERT INTO venta_fisica(id_venta,fecha,id_cajero) VALUES (76,'2022-06-15',76);
INSERT INTO venta_fisica(id_venta,fecha,id_cajero) VALUES (77,'2021-12-08',77);
INSERT INTO venta_fisica(id_venta,fecha,id_cajero) VALUES (78,'2021-12-10',78);
INSERT INTO venta_fisica(id_venta,fecha,id_cajero) VALUES (79,'2022-05-23',79);
INSERT INTO venta_fisica(id_venta,fecha,id_cajero) VALUES (80,'2022-10-12',80);
INSERT INTO venta_fisica(id_venta,fecha,id_cajero) VALUES (81,'2022-02-13',81);
INSERT INTO venta_fisica(id_venta,fecha,id_cajero) VALUES (82,'2022-03-23',82);
INSERT INTO venta_fisica(id_venta,fecha,id_cajero) VALUES (83,'2022-04-18',83);
INSERT INTO venta_fisica(id_venta,fecha,id_cajero) VALUES (84,'2022-07-09',84);
INSERT INTO venta_fisica(id_venta,fecha,id_cajero) VALUES (85,'2022-10-14',85);
INSERT INTO venta_fisica(id_venta,fecha,id_cajero) VALUES (86,'2022-04-23',86);
INSERT INTO venta_fisica(id_venta,fecha,id_cajero) VALUES (87,'2022-06-02',87);
INSERT INTO venta_fisica(id_venta,fecha,id_cajero) VALUES (88,'2022-02-01',88);
INSERT INTO venta_fisica(id_venta,fecha,id_cajero) VALUES (89,'2022-04-22',89);
INSERT INTO venta_fisica(id_venta,fecha,id_cajero) VALUES (90,'2022-02-02',90);
INSERT INTO venta_fisica(id_venta,fecha,id_cajero) VALUES (91,'2021-11-30',91);
INSERT INTO venta_fisica(id_venta,fecha,id_cajero) VALUES (92,'2022-04-23',92);
INSERT INTO venta_fisica(id_venta,fecha,id_cajero) VALUES (93,'2022-08-09',93);
INSERT INTO venta_fisica(id_venta,fecha,id_cajero) VALUES (94,'2022-08-13',94);
INSERT INTO venta_fisica(id_venta,fecha,id_cajero) VALUES (95,'2022-07-05',95);
INSERT INTO venta_fisica(id_venta,fecha,id_cajero) VALUES (96,'2022-09-12',96);
INSERT INTO venta_fisica(id_venta,fecha,id_cajero) VALUES (97,'2022-04-27',97);
INSERT INTO venta_fisica(id_venta,fecha,id_cajero) VALUES (98,'2022-02-23',98);
INSERT INTO venta_fisica(id_venta,fecha,id_cajero) VALUES (99,'2021-12-24',99);
INSERT INTO venta_fisica(id_venta,fecha,id_cajero) VALUES (100,'2022-05-05',100);


INSERT INTO venta_en_linea(id_venta,fecha,num_seguimiento,numero_ex,cp,calle,id_cliente) VALUES (1,'2022-06-18',29,72,990,'Lawn',1);
INSERT INTO venta_en_linea(id_venta,fecha,num_seguimiento,numero_ex,cp,calle,id_cliente) VALUES (2,'2022-03-26',9,28,07,'Eggendart',2);
INSERT INTO venta_en_linea(id_venta,fecha,num_seguimiento,numero_ex,cp,calle,id_cliente) VALUES (3,'2022-03-06',28,51,9637,'La Follette',3);
INSERT INTO venta_en_linea(id_venta,fecha,num_seguimiento,numero_ex,cp,calle,id_cliente) VALUES (4,'2022-05-30',43,50,75,'Ramsey',4);
INSERT INTO venta_en_linea(id_venta,fecha,num_seguimiento,numero_ex,cp,calle,id_cliente) VALUES (5,'2022-06-01',36,40,80,'Vermont',5);
INSERT INTO venta_en_linea(id_venta,fecha,num_seguimiento,numero_ex,cp,calle,id_cliente) VALUES (6,'2021-11-19',36,81,147,'Harbort',6);
INSERT INTO venta_en_linea(id_venta,fecha,num_seguimiento,numero_ex,cp,calle,id_cliente) VALUES (7,'2022-09-17',59,56,3796,'Manley',7);
INSERT INTO venta_en_linea(id_venta,fecha,num_seguimiento,numero_ex,cp,calle,id_cliente) VALUES (8,'2022-04-10',11,73,1896,'Holmberg',8);
INSERT INTO venta_en_linea(id_venta,fecha,num_seguimiento,numero_ex,cp,calle,id_cliente) VALUES (9,'2022-06-17',23,83,1955,'Hollow Ridge',9);
INSERT INTO venta_en_linea(id_venta,fecha,num_seguimiento,numero_ex,cp,calle,id_cliente) VALUES (10,'2022-07-19',27,79,0,'Hanover',10);
INSERT INTO venta_en_linea(id_venta,fecha,num_seguimiento,numero_ex,cp,calle,id_cliente) VALUES (11,'2021-12-11',44,30,173,'Shelley',11);
INSERT INTO venta_en_linea(id_venta,fecha,num_seguimiento,numero_ex,cp,calle,id_cliente) VALUES (12,'2021-11-30',68,32,7333,'Menomonie',12);
INSERT INTO venta_en_linea(id_venta,fecha,num_seguimiento,numero_ex,cp,calle,id_cliente) VALUES (13,'2022-08-11',50,75,275,'Canary',13);
INSERT INTO venta_en_linea(id_venta,fecha,num_seguimiento,numero_ex,cp,calle,id_cliente) VALUES (14,'2022-09-20',85,92,52047,'Sugar',14);
INSERT INTO venta_en_linea(id_venta,fecha,num_seguimiento,numero_ex,cp,calle,id_cliente) VALUES (15,'2022-11-13',48,27,7133,'Heath',15);
INSERT INTO venta_en_linea(id_venta,fecha,num_seguimiento,numero_ex,cp,calle,id_cliente) VALUES (16,'2022-09-21',75,16,78940,'Hintze',16);
INSERT INTO venta_en_linea(id_venta,fecha,num_seguimiento,numero_ex,cp,calle,id_cliente) VALUES (17,'2022-11-07',88,60,8,'Thierer',17);
INSERT INTO venta_en_linea(id_venta,fecha,num_seguimiento,numero_ex,cp,calle,id_cliente) VALUES (18,'2022-07-21',65,48,41,'Springview',18);
INSERT INTO venta_en_linea(id_venta,fecha,num_seguimiento,numero_ex,cp,calle,id_cliente) VALUES (19,'2021-12-19',99,8,365,'Sachs',19);
INSERT INTO venta_en_linea(id_venta,fecha,num_seguimiento,numero_ex,cp,calle,id_cliente) VALUES (20,'2022-01-18',98,68,4,'Kenwood',20);
INSERT INTO venta_en_linea(id_venta,fecha,num_seguimiento,numero_ex,cp,calle,id_cliente) VALUES (21,'2022-01-24',66,54,56014,'Walton',21);
INSERT INTO venta_en_linea(id_venta,fecha,num_seguimiento,numero_ex,cp,calle,id_cliente) VALUES (22,'2022-09-24',36,70,5169,'Doe Crossing',22);
INSERT INTO venta_en_linea(id_venta,fecha,num_seguimiento,numero_ex,cp,calle,id_cliente) VALUES (23,'2022-08-05',67,41,4,'Iowa',23);
INSERT INTO venta_en_linea(id_venta,fecha,num_seguimiento,numero_ex,cp,calle,id_cliente) VALUES (24,'2022-03-10',44,66,817,'Maple Wood',24);
INSERT INTO venta_en_linea(id_venta,fecha,num_seguimiento,numero_ex,cp,calle,id_cliente) VALUES (25,'2021-12-28',93,64,45308,'Lakewood',25);
INSERT INTO venta_en_linea(id_venta,fecha,num_seguimiento,numero_ex,cp,calle,id_cliente) VALUES (26,'2022-11-05',23,96,456,'Mcbride',26);
INSERT INTO venta_en_linea(id_venta,fecha,num_seguimiento,numero_ex,cp,calle,id_cliente) VALUES (27,'2022-10-31',2,33,7,'Vermont',27);
INSERT INTO venta_en_linea(id_venta,fecha,num_seguimiento,numero_ex,cp,calle,id_cliente) VALUES (28,'2022-03-16',60,30,0,'Rutledge',28);
INSERT INTO venta_en_linea(id_venta,fecha,num_seguimiento,numero_ex,cp,calle,id_cliente) VALUES (29,'2022-03-05',86,53,0480,'Saint Paul',29);
INSERT INTO venta_en_linea(id_venta,fecha,num_seguimiento,numero_ex,cp,calle,id_cliente) VALUES (30,'2022-10-01',9,8,07192,'3rd',30);
INSERT INTO venta_en_linea(id_venta,fecha,num_seguimiento,numero_ex,cp,calle,id_cliente) VALUES (31,'2022-10-09',79,53,79,'Arrowood',31);
INSERT INTO venta_en_linea(id_venta,fecha,num_seguimiento,numero_ex,cp,calle,id_cliente) VALUES (32,'2022-01-19',96,69,34,'Jenna',32);
INSERT INTO venta_en_linea(id_venta,fecha,num_seguimiento,numero_ex,cp,calle,id_cliente) VALUES (33,'2022-02-11',95,84,05,'Cambridge',33);
INSERT INTO venta_en_linea(id_venta,fecha,num_seguimiento,numero_ex,cp,calle,id_cliente) VALUES (34,'2022-09-16',4,97,83956,'Loomis',34);
INSERT INTO venta_en_linea(id_venta,fecha,num_seguimiento,numero_ex,cp,calle,id_cliente) VALUES (35,'2022-02-21',48,48,6167,'Mosinee',35);
INSERT INTO venta_en_linea(id_venta,fecha,num_seguimiento,numero_ex,cp,calle,id_cliente) VALUES (36,'2022-03-22',58,67,5,'North',36);
INSERT INTO venta_en_linea(id_venta,fecha,num_seguimiento,numero_ex,cp,calle,id_cliente) VALUES (37,'2022-10-04',19,8,33663,'Texas',37);
INSERT INTO venta_en_linea(id_venta,fecha,num_seguimiento,numero_ex,cp,calle,id_cliente) VALUES (38,'2022-06-07',91,81,73101,'Dovetail',38);
INSERT INTO venta_en_linea(id_venta,fecha,num_seguimiento,numero_ex,cp,calle,id_cliente) VALUES (39,'2022-03-15',10,4,749,'Bunting',39);
INSERT INTO venta_en_linea(id_venta,fecha,num_seguimiento,numero_ex,cp,calle,id_cliente) VALUES (40,'2022-05-07',55,17,7043,'Glacier Hill',40);
INSERT INTO venta_en_linea(id_venta,fecha,num_seguimiento,numero_ex,cp,calle,id_cliente) VALUES (41,'2021-12-26',71,4,4173,'Blaine',41);
INSERT INTO venta_en_linea(id_venta,fecha,num_seguimiento,numero_ex,cp,calle,id_cliente) VALUES (42,'2022-07-07',40,66,6,'Bluestem',42);
INSERT INTO venta_en_linea(id_venta,fecha,num_seguimiento,numero_ex,cp,calle,id_cliente) VALUES (43,'2022-10-03',72,58,1,'Bellgrove',43);
INSERT INTO venta_en_linea(id_venta,fecha,num_seguimiento,numero_ex,cp,calle,id_cliente) VALUES (44,'2022-02-15',9,45,7,'Vera',44);
INSERT INTO venta_en_linea(id_venta,fecha,num_seguimiento,numero_ex,cp,calle,id_cliente) VALUES (45,'2022-02-26',27,97,4,'Melody',45);
INSERT INTO venta_en_linea(id_venta,fecha,num_seguimiento,numero_ex,cp,calle,id_cliente) VALUES (46,'2021-12-01',81,1,08,'Cordelia',46);
INSERT INTO venta_en_linea(id_venta,fecha,num_seguimiento,numero_ex,cp,calle,id_cliente) VALUES (47,'2022-08-06',24,56,78,'Mifflin',47);
INSERT INTO venta_en_linea(id_venta,fecha,num_seguimiento,numero_ex,cp,calle,id_cliente) VALUES (48,'2022-04-20',35,54,9044,'Barnett',48);
INSERT INTO venta_en_linea(id_venta,fecha,num_seguimiento,numero_ex,cp,calle,id_cliente) VALUES (49,'2022-08-25',90,22,572,'Hermina',49);
INSERT INTO venta_en_linea(id_venta,fecha,num_seguimiento,numero_ex,cp,calle,id_cliente) VALUES (50,'2022-03-24',22,11,3618,'Green',50);
INSERT INTO venta_en_linea(id_venta,fecha,num_seguimiento,numero_ex,cp,calle,id_cliente) VALUES (51,'2022-07-11',43,36,5047,'Bunting',51);
INSERT INTO venta_en_linea(id_venta,fecha,num_seguimiento,numero_ex,cp,calle,id_cliente) VALUES (52,'2022-11-08',93,16,989,'Blue Bill Park',52);
INSERT INTO venta_en_linea(id_venta,fecha,num_seguimiento,numero_ex,cp,calle,id_cliente) VALUES (53,'2021-11-23',31,72,7,'Melody',53);
INSERT INTO venta_en_linea(id_venta,fecha,num_seguimiento,numero_ex,cp,calle,id_cliente) VALUES (54,'2022-11-06',66,6,89,'Mcbride',54);
INSERT INTO venta_en_linea(id_venta,fecha,num_seguimiento,numero_ex,cp,calle,id_cliente) VALUES (55,'2022-02-09',88,12,433,'Tennessee',55);
INSERT INTO venta_en_linea(id_venta,fecha,num_seguimiento,numero_ex,cp,calle,id_cliente) VALUES (56,'2022-10-25',64,93,2,'Ronald Regan',56);
INSERT INTO venta_en_linea(id_venta,fecha,num_seguimiento,numero_ex,cp,calle,id_cliente) VALUES (57,'2022-09-24',28,83,5,'Longview',57);
INSERT INTO venta_en_linea(id_venta,fecha,num_seguimiento,numero_ex,cp,calle,id_cliente) VALUES (58,'2022-11-16',29,81,39136,'Goodland',58);
INSERT INTO venta_en_linea(id_venta,fecha,num_seguimiento,numero_ex,cp,calle,id_cliente) VALUES (59,'2022-05-23',30,13,3,'Brickson Park',59);
INSERT INTO venta_en_linea(id_venta,fecha,num_seguimiento,numero_ex,cp,calle,id_cliente) VALUES (60,'2022-10-22',61,80,25861,'Packers',60);
INSERT INTO venta_en_linea(id_venta,fecha,num_seguimiento,numero_ex,cp,calle,id_cliente) VALUES (61,'2022-10-28',25,26,6,'8th',61);
INSERT INTO venta_en_linea(id_venta,fecha,num_seguimiento,numero_ex,cp,calle,id_cliente) VALUES (62,'2022-04-25',21,69,815,'Montana',62);
INSERT INTO venta_en_linea(id_venta,fecha,num_seguimiento,numero_ex,cp,calle,id_cliente) VALUES (63,'2022-02-15',97,8,1,'Mallory',63);
INSERT INTO venta_en_linea(id_venta,fecha,num_seguimiento,numero_ex,cp,calle,id_cliente) VALUES (64,'2022-08-06',28,5,2,'Pearson',64);
INSERT INTO venta_en_linea(id_venta,fecha,num_seguimiento,numero_ex,cp,calle,id_cliente) VALUES (65,'2022-03-12',75,21,1575,'Mockingbird',65);
INSERT INTO venta_en_linea(id_venta,fecha,num_seguimiento,numero_ex,cp,calle,id_cliente) VALUES (66,'2022-01-27',22,36,24656,'Morrow',66);
INSERT INTO venta_en_linea(id_venta,fecha,num_seguimiento,numero_ex,cp,calle,id_cliente) VALUES (67,'2022-06-03',91,1,9915,'Kingsford',67);
INSERT INTO venta_en_linea(id_venta,fecha,num_seguimiento,numero_ex,cp,calle,id_cliente) VALUES (68,'2022-02-14',22,13,7,'New Castle',68);
INSERT INTO venta_en_linea(id_venta,fecha,num_seguimiento,numero_ex,cp,calle,id_cliente) VALUES (69,'2022-11-01',88,75,08376,'Upham',69);
INSERT INTO venta_en_linea(id_venta,fecha,num_seguimiento,numero_ex,cp,calle,id_cliente) VALUES (70,'2022-07-02',8,12,905,'Valley Edge',70);
INSERT INTO venta_en_linea(id_venta,fecha,num_seguimiento,numero_ex,cp,calle,id_cliente) VALUES (71,'2022-09-08',93,7,1496,'Laurel',71);
INSERT INTO venta_en_linea(id_venta,fecha,num_seguimiento,numero_ex,cp,calle,id_cliente) VALUES (72,'2022-07-24',56,15,7,'Lerdahl',72);
INSERT INTO venta_en_linea(id_venta,fecha,num_seguimiento,numero_ex,cp,calle,id_cliente) VALUES (73,'2022-08-14',8,35,24350,'Oriole',73);
INSERT INTO venta_en_linea(id_venta,fecha,num_seguimiento,numero_ex,cp,calle,id_cliente) VALUES (74,'2022-09-09',60,90,19709,'Mockingbird',74);
INSERT INTO venta_en_linea(id_venta,fecha,num_seguimiento,numero_ex,cp,calle,id_cliente) VALUES (75,'2022-07-06',74,7,49,'Kinsman',75);
INSERT INTO venta_en_linea(id_venta,fecha,num_seguimiento,numero_ex,cp,calle,id_cliente) VALUES (76,'2022-09-30',82,84,70140,'Talisman',76);
INSERT INTO venta_en_linea(id_venta,fecha,num_seguimiento,numero_ex,cp,calle,id_cliente) VALUES (77,'2022-09-29',51,63,1,'Cody',77);
INSERT INTO venta_en_linea(id_venta,fecha,num_seguimiento,numero_ex,cp,calle,id_cliente) VALUES (78,'2022-03-06',50,7,7,'Claremont',78);
INSERT INTO venta_en_linea(id_venta,fecha,num_seguimiento,numero_ex,cp,calle,id_cliente) VALUES (79,'2022-11-06',86,22,15918,'Corben',79);
INSERT INTO venta_en_linea(id_venta,fecha,num_seguimiento,numero_ex,cp,calle,id_cliente) VALUES (80,'2021-12-19',100,69,3229,'Scoville',80);
INSERT INTO venta_en_linea(id_venta,fecha,num_seguimiento,numero_ex,cp,calle,id_cliente) VALUES (81,'2022-10-09',65,18,14898,'Sommers',81);
INSERT INTO venta_en_linea(id_venta,fecha,num_seguimiento,numero_ex,cp,calle,id_cliente) VALUES (82,'2021-12-12',79,47,17,'Gina',82);
INSERT INTO venta_en_linea(id_venta,fecha,num_seguimiento,numero_ex,cp,calle,id_cliente) VALUES (83,'2022-07-23',6,86,13,'Starling',83);
INSERT INTO venta_en_linea(id_venta,fecha,num_seguimiento,numero_ex,cp,calle,id_cliente) VALUES (84,'2022-02-02',34,45,2,'Gulseth',84);
INSERT INTO venta_en_linea(id_venta,fecha,num_seguimiento,numero_ex,cp,calle,id_cliente) VALUES (85,'2022-07-25',12,58,3933,'Amoth',85);
INSERT INTO venta_en_linea(id_venta,fecha,num_seguimiento,numero_ex,cp,calle,id_cliente) VALUES (86,'2022-07-03',97,96,8634,'Golf View',86);
INSERT INTO venta_en_linea(id_venta,fecha,num_seguimiento,numero_ex,cp,calle,id_cliente) VALUES (87,'2022-02-07',11,80,2201,'Everett',87);
INSERT INTO venta_en_linea(id_venta,fecha,num_seguimiento,numero_ex,cp,calle,id_cliente) VALUES (88,'2022-06-25',7,12,088,'Declaration',88);
INSERT INTO venta_en_linea(id_venta,fecha,num_seguimiento,numero_ex,cp,calle,id_cliente) VALUES (89,'2021-12-20',26,15,313,'Cody',89);
INSERT INTO venta_en_linea(id_venta,fecha,num_seguimiento,numero_ex,cp,calle,id_cliente) VALUES (90,'2021-12-30',25,56,85,'Susan',90);
INSERT INTO venta_en_linea(id_venta,fecha,num_seguimiento,numero_ex,cp,calle,id_cliente) VALUES (91,'2022-09-01',38,88,2417,'Fair Oaks',91);
INSERT INTO venta_en_linea(id_venta,fecha,num_seguimiento,numero_ex,cp,calle,id_cliente) VALUES (92,'2021-12-30',95,23,5315,'Service',92);
INSERT INTO venta_en_linea(id_venta,fecha,num_seguimiento,numero_ex,cp,calle,id_cliente) VALUES (93,'2022-06-25',75,57,4090,'Elgar',93);
INSERT INTO venta_en_linea(id_venta,fecha,num_seguimiento,numero_ex,cp,calle,id_cliente) VALUES (94,'2022-02-03',25,72,8441,'Ilene',94);
INSERT INTO venta_en_linea(id_venta,fecha,num_seguimiento,numero_ex,cp,calle,id_cliente) VALUES (95,'2022-07-18',51,58,9,'Hudson',95);
INSERT INTO venta_en_linea(id_venta,fecha,num_seguimiento,numero_ex,cp,calle,id_cliente) VALUES (96,'2021-12-31',86,69,40,'Anniversary',96);
INSERT INTO venta_en_linea(id_venta,fecha,num_seguimiento,numero_ex,cp,calle,id_cliente) VALUES (97,'2022-07-25',6,91,49,'Almo',97);
INSERT INTO venta_en_linea(id_venta,fecha,num_seguimiento,numero_ex,cp,calle,id_cliente) VALUES (98,'2022-01-02',97,90,51432,'Lake View',98);
INSERT INTO venta_en_linea(id_venta,fecha,num_seguimiento,numero_ex,cp,calle,id_cliente) VALUES (99,'2022-10-09',10,94,608,'Hollow Ridge',99);
INSERT INTO venta_en_linea(id_venta,fecha,num_seguimiento,numero_ex,cp,calle,id_cliente) VALUES (100,'2022-08-13',99,94,9903,'Dayton',100);


INSERT INTO ayudar(id_empleado_encargado,id_venta_fisica) VALUES (1,1);
INSERT INTO ayudar(id_empleado_encargado,id_venta_fisica) VALUES (2,2);
INSERT INTO ayudar(id_empleado_encargado,id_venta_fisica) VALUES (3,3);
INSERT INTO ayudar(id_empleado_encargado,id_venta_fisica) VALUES (4,4);
INSERT INTO ayudar(id_empleado_encargado,id_venta_fisica) VALUES (5,5);
INSERT INTO ayudar(id_empleado_encargado,id_venta_fisica) VALUES (6,6);
INSERT INTO ayudar(id_empleado_encargado,id_venta_fisica) VALUES (7,7);
INSERT INTO ayudar(id_empleado_encargado,id_venta_fisica) VALUES (8,8);
INSERT INTO ayudar(id_empleado_encargado,id_venta_fisica) VALUES (9,9);
INSERT INTO ayudar(id_empleado_encargado,id_venta_fisica) VALUES (10,10);
INSERT INTO ayudar(id_empleado_encargado,id_venta_fisica) VALUES (11,11);
INSERT INTO ayudar(id_empleado_encargado,id_venta_fisica) VALUES (12,12);
INSERT INTO ayudar(id_empleado_encargado,id_venta_fisica) VALUES (13,13);
INSERT INTO ayudar(id_empleado_encargado,id_venta_fisica) VALUES (14,14);
INSERT INTO ayudar(id_empleado_encargado,id_venta_fisica) VALUES (15,15);
INSERT INTO ayudar(id_empleado_encargado,id_venta_fisica) VALUES (16,16);
INSERT INTO ayudar(id_empleado_encargado,id_venta_fisica) VALUES (17,17);
INSERT INTO ayudar(id_empleado_encargado,id_venta_fisica) VALUES (18,18);
INSERT INTO ayudar(id_empleado_encargado,id_venta_fisica) VALUES (19,19);
INSERT INTO ayudar(id_empleado_encargado,id_venta_fisica) VALUES (20,20);
INSERT INTO ayudar(id_empleado_encargado,id_venta_fisica) VALUES (21,21);
INSERT INTO ayudar(id_empleado_encargado,id_venta_fisica) VALUES (22,22);
INSERT INTO ayudar(id_empleado_encargado,id_venta_fisica) VALUES (23,23);
INSERT INTO ayudar(id_empleado_encargado,id_venta_fisica) VALUES (24,24);
INSERT INTO ayudar(id_empleado_encargado,id_venta_fisica) VALUES (25,25);
INSERT INTO ayudar(id_empleado_encargado,id_venta_fisica) VALUES (26,26);
INSERT INTO ayudar(id_empleado_encargado,id_venta_fisica) VALUES (27,27);
INSERT INTO ayudar(id_empleado_encargado,id_venta_fisica) VALUES (28,28);
INSERT INTO ayudar(id_empleado_encargado,id_venta_fisica) VALUES (29,29);
INSERT INTO ayudar(id_empleado_encargado,id_venta_fisica) VALUES (30,30);
INSERT INTO ayudar(id_empleado_encargado,id_venta_fisica) VALUES (31,31);
INSERT INTO ayudar(id_empleado_encargado,id_venta_fisica) VALUES (32,32);
INSERT INTO ayudar(id_empleado_encargado,id_venta_fisica) VALUES (33,33);
INSERT INTO ayudar(id_empleado_encargado,id_venta_fisica) VALUES (34,34);
INSERT INTO ayudar(id_empleado_encargado,id_venta_fisica) VALUES (35,35);
INSERT INTO ayudar(id_empleado_encargado,id_venta_fisica) VALUES (36,36);
INSERT INTO ayudar(id_empleado_encargado,id_venta_fisica) VALUES (37,37);
INSERT INTO ayudar(id_empleado_encargado,id_venta_fisica) VALUES (38,38);
INSERT INTO ayudar(id_empleado_encargado,id_venta_fisica) VALUES (39,39);
INSERT INTO ayudar(id_empleado_encargado,id_venta_fisica) VALUES (40,40);
INSERT INTO ayudar(id_empleado_encargado,id_venta_fisica) VALUES (41,41);
INSERT INTO ayudar(id_empleado_encargado,id_venta_fisica) VALUES (42,42);
INSERT INTO ayudar(id_empleado_encargado,id_venta_fisica) VALUES (43,43);
INSERT INTO ayudar(id_empleado_encargado,id_venta_fisica) VALUES (44,44);
INSERT INTO ayudar(id_empleado_encargado,id_venta_fisica) VALUES (45,45);
INSERT INTO ayudar(id_empleado_encargado,id_venta_fisica) VALUES (46,46);
INSERT INTO ayudar(id_empleado_encargado,id_venta_fisica) VALUES (47,47);
INSERT INTO ayudar(id_empleado_encargado,id_venta_fisica) VALUES (48,48);
INSERT INTO ayudar(id_empleado_encargado,id_venta_fisica) VALUES (49,49);
INSERT INTO ayudar(id_empleado_encargado,id_venta_fisica) VALUES (50,50);
INSERT INTO ayudar(id_empleado_encargado,id_venta_fisica) VALUES (51,51);
INSERT INTO ayudar(id_empleado_encargado,id_venta_fisica) VALUES (52,52);
INSERT INTO ayudar(id_empleado_encargado,id_venta_fisica) VALUES (53,53);
INSERT INTO ayudar(id_empleado_encargado,id_venta_fisica) VALUES (54,54);
INSERT INTO ayudar(id_empleado_encargado,id_venta_fisica) VALUES (55,55);
INSERT INTO ayudar(id_empleado_encargado,id_venta_fisica) VALUES (56,56);
INSERT INTO ayudar(id_empleado_encargado,id_venta_fisica) VALUES (57,57);
INSERT INTO ayudar(id_empleado_encargado,id_venta_fisica) VALUES (58,58);
INSERT INTO ayudar(id_empleado_encargado,id_venta_fisica) VALUES (59,59);
INSERT INTO ayudar(id_empleado_encargado,id_venta_fisica) VALUES (60,60);
INSERT INTO ayudar(id_empleado_encargado,id_venta_fisica) VALUES (61,61);
INSERT INTO ayudar(id_empleado_encargado,id_venta_fisica) VALUES (62,62);
INSERT INTO ayudar(id_empleado_encargado,id_venta_fisica) VALUES (63,63);
INSERT INTO ayudar(id_empleado_encargado,id_venta_fisica) VALUES (64,64);
INSERT INTO ayudar(id_empleado_encargado,id_venta_fisica) VALUES (65,65);
INSERT INTO ayudar(id_empleado_encargado,id_venta_fisica) VALUES (66,66);
INSERT INTO ayudar(id_empleado_encargado,id_venta_fisica) VALUES (67,67);
INSERT INTO ayudar(id_empleado_encargado,id_venta_fisica) VALUES (68,68);
INSERT INTO ayudar(id_empleado_encargado,id_venta_fisica) VALUES (69,69);
INSERT INTO ayudar(id_empleado_encargado,id_venta_fisica) VALUES (70,70);
INSERT INTO ayudar(id_empleado_encargado,id_venta_fisica) VALUES (71,71);
INSERT INTO ayudar(id_empleado_encargado,id_venta_fisica) VALUES (72,72);
INSERT INTO ayudar(id_empleado_encargado,id_venta_fisica) VALUES (73,73);
INSERT INTO ayudar(id_empleado_encargado,id_venta_fisica) VALUES (74,74);
INSERT INTO ayudar(id_empleado_encargado,id_venta_fisica) VALUES (75,75);
INSERT INTO ayudar(id_empleado_encargado,id_venta_fisica) VALUES (76,76);
INSERT INTO ayudar(id_empleado_encargado,id_venta_fisica) VALUES (77,77);
INSERT INTO ayudar(id_empleado_encargado,id_venta_fisica) VALUES (78,78);
INSERT INTO ayudar(id_empleado_encargado,id_venta_fisica) VALUES (79,79);
INSERT INTO ayudar(id_empleado_encargado,id_venta_fisica) VALUES (80,80);
INSERT INTO ayudar(id_empleado_encargado,id_venta_fisica) VALUES (81,81);
INSERT INTO ayudar(id_empleado_encargado,id_venta_fisica) VALUES (82,82);
INSERT INTO ayudar(id_empleado_encargado,id_venta_fisica) VALUES (83,83);
INSERT INTO ayudar(id_empleado_encargado,id_venta_fisica) VALUES (84,84);
INSERT INTO ayudar(id_empleado_encargado,id_venta_fisica) VALUES (85,85);
INSERT INTO ayudar(id_empleado_encargado,id_venta_fisica) VALUES (86,86);
INSERT INTO ayudar(id_empleado_encargado,id_venta_fisica) VALUES (87,87);
INSERT INTO ayudar(id_empleado_encargado,id_venta_fisica) VALUES (88,88);
INSERT INTO ayudar(id_empleado_encargado,id_venta_fisica) VALUES (89,89);
INSERT INTO ayudar(id_empleado_encargado,id_venta_fisica) VALUES (90,90);
INSERT INTO ayudar(id_empleado_encargado,id_venta_fisica) VALUES (91,91);
INSERT INTO ayudar(id_empleado_encargado,id_venta_fisica) VALUES (92,92);
INSERT INTO ayudar(id_empleado_encargado,id_venta_fisica) VALUES (93,93);
INSERT INTO ayudar(id_empleado_encargado,id_venta_fisica) VALUES (94,94);
INSERT INTO ayudar(id_empleado_encargado,id_venta_fisica) VALUES (95,95);
INSERT INTO ayudar(id_empleado_encargado,id_venta_fisica) VALUES (96,96);
INSERT INTO ayudar(id_empleado_encargado,id_venta_fisica) VALUES (97,97);
INSERT INTO ayudar(id_empleado_encargado,id_venta_fisica) VALUES (98,98);
INSERT INTO ayudar(id_empleado_encargado,id_venta_fisica) VALUES (99,99);
INSERT INTO ayudar(id_empleado_encargado,id_venta_fisica) VALUES (100,100);


INSERT INTO correo(id_persona,correo) VALUES (1,'imcwhinnie0@odnoklassniki.ru');
INSERT INTO correo(id_persona,correo) VALUES (2,'ehartup1@rakuten.co.jp');
INSERT INTO correo(id_persona,correo) VALUES (3,'dkerfoot2@shinystat.com');
INSERT INTO correo(id_persona,correo) VALUES (4,'adavley3@dedecms.com');
INSERT INTO correo(id_persona,correo) VALUES (5,'kstocken4@fc2.com');
INSERT INTO correo(id_persona,correo) VALUES (6,'cwelchman5@google.it');
INSERT INTO correo(id_persona,correo) VALUES (7,'gleport6@elpais.com');
INSERT INTO correo(id_persona,correo) VALUES (8,'hgaythwaite7@bloomberg.com');
INSERT INTO correo(id_persona,correo) VALUES (9,'dfilpo8@auda.org.au');
INSERT INTO correo(id_persona,correo) VALUES (10,'rwestman9@msn.com');
INSERT INTO correo(id_persona,correo) VALUES (11,'gundya@issuu.com');
INSERT INTO correo(id_persona,correo) VALUES (12,'ckayleyb@thetimes.co.uk');
INSERT INTO correo(id_persona,correo) VALUES (13,'lbendec@guardian.co.uk');
INSERT INTO correo(id_persona,correo) VALUES (14,'sgiblettd@ucsd.edu');
INSERT INTO correo(id_persona,correo) VALUES (15,'jbellhangere@barnesandnoble.com');
INSERT INTO correo(id_persona,correo) VALUES (16,'jtathacottf@multiply.com');
INSERT INTO correo(id_persona,correo) VALUES (17,'kellingfordg@paypal.com');
INSERT INTO correo(id_persona,correo) VALUES (18,'pgoingh@forbes.com');
INSERT INTO correo(id_persona,correo) VALUES (19,'owelberryi@bluehost.com');
INSERT INTO correo(id_persona,correo) VALUES (20,'alucaj@tuttocitta.it');
INSERT INTO correo(id_persona,correo) VALUES (21,'zbritiank@myspace.com');
INSERT INTO correo(id_persona,correo) VALUES (22,'lpaulel@discovery.com');
INSERT INTO correo(id_persona,correo) VALUES (23,'rdrewm@redcross.org');
INSERT INTO correo(id_persona,correo) VALUES (24,'jtrathenn@scribd.com');
INSERT INTO correo(id_persona,correo) VALUES (25,'cbussettio@list-manage.com');
INSERT INTO correo(id_persona,correo) VALUES (26,'ssigginp@amazon.co.uk');
INSERT INTO correo(id_persona,correo) VALUES (27,'mvidlerq@skype.com');
INSERT INTO correo(id_persona,correo) VALUES (28,'cleacockr@google.ru');
INSERT INTO correo(id_persona,correo) VALUES (29,'jpetrishchevs@forbes.com');
INSERT INTO correo(id_persona,correo) VALUES (30,'kclewlowet@blogspot.com');
INSERT INTO correo(id_persona,correo) VALUES (31,'fbowcheru@sohu.com');
INSERT INTO correo(id_persona,correo) VALUES (32,'awhitmanv@independent.co.uk');
INSERT INTO correo(id_persona,correo) VALUES (33,'cbradneckw@umn.edu');
INSERT INTO correo(id_persona,correo) VALUES (34,'gnehlsx@lycos.com');
INSERT INTO correo(id_persona,correo) VALUES (35,'cebbersy@hubpages.com');
INSERT INTO correo(id_persona,correo) VALUES (36,'tfoulshamz@tripod.com');
INSERT INTO correo(id_persona,correo) VALUES (37,'cwabey10@mysql.com');
INSERT INTO correo(id_persona,correo) VALUES (38,'mmcfadyen11@bandcamp.com');
INSERT INTO correo(id_persona,correo) VALUES (39,'imcgaugie12@who.int');
INSERT INTO correo(id_persona,correo) VALUES (40,'tjacke13@wired.com');
INSERT INTO correo(id_persona,correo) VALUES (41,'mhalmkin14@imgur.com');
INSERT INTO correo(id_persona,correo) VALUES (42,'ngreenig15@adobe.com');
INSERT INTO correo(id_persona,correo) VALUES (43,'idjokovic16@cdbaby.com');
INSERT INTO correo(id_persona,correo) VALUES (44,'abrandt17@behance.net');
INSERT INTO correo(id_persona,correo) VALUES (45,'amilmo18@histats.com');
INSERT INTO correo(id_persona,correo) VALUES (46,'ypriestman19@moonfruit.com');
INSERT INTO correo(id_persona,correo) VALUES (47,'giorns1a@deviantart.com');
INSERT INTO correo(id_persona,correo) VALUES (48,'ksomerled1b@diigo.com');
INSERT INTO correo(id_persona,correo) VALUES (49,'tvegas1c@springer.com');
INSERT INTO correo(id_persona,correo) VALUES (50,'mhabbijam1d@ft.com');
INSERT INTO correo(id_persona,correo) VALUES (51,'cessberger1e@weebly.com');
INSERT INTO correo(id_persona,correo) VALUES (52,'bleggate1f@jigsy.com');
INSERT INTO correo(id_persona,correo) VALUES (53,'gdymoke1g@pbs.org');
INSERT INTO correo(id_persona,correo) VALUES (54,'hfetherstone1h@cornell.edu');
INSERT INTO correo(id_persona,correo) VALUES (55,'eberdale1i@walmart.com');
INSERT INTO correo(id_persona,correo) VALUES (56,'wblackett1j@qq.com');
INSERT INTO correo(id_persona,correo) VALUES (57,'cheijne1k@latimes.com');
INSERT INTO correo(id_persona,correo) VALUES (58,'spadbery1l@boston.com');
INSERT INTO correo(id_persona,correo) VALUES (59,'bsimkin1m@wix.com');
INSERT INTO correo(id_persona,correo) VALUES (60,'amatzaitis1n@admin.ch');
INSERT INTO correo(id_persona,correo) VALUES (61,'rriddich1o@typepad.com');
INSERT INTO correo(id_persona,correo) VALUES (62,'mluchetti1p@google.it');
INSERT INTO correo(id_persona,correo) VALUES (63,'grogger1q@time.com');
INSERT INTO correo(id_persona,correo) VALUES (64,'bdennett1r@hhs.gov');
INSERT INTO correo(id_persona,correo) VALUES (65,'rveldstra1s@ebay.co.uk');
INSERT INTO correo(id_persona,correo) VALUES (66,'djeremiah1t@rakuten.co.jp');
INSERT INTO correo(id_persona,correo) VALUES (67,'gderbyshire1u@w3.org');
INSERT INTO correo(id_persona,correo) VALUES (68,'hcawkwell1v@wikipedia.org');
INSERT INTO correo(id_persona,correo) VALUES (69,'kshearmer1w@deliciousdays.com');
INSERT INTO correo(id_persona,correo) VALUES (70,'forans1x@1und1.de');
INSERT INTO correo(id_persona,correo) VALUES (71,'dluxton1y@freewebs.com');
INSERT INTO correo(id_persona,correo) VALUES (72,'fwannan1z@bing.com');
INSERT INTO correo(id_persona,correo) VALUES (73,'kygou20@netlog.com');
INSERT INTO correo(id_persona,correo) VALUES (74,'kreadmire21@google.de');
INSERT INTO correo(id_persona,correo) VALUES (75,'tsirr22@moonfruit.com');
INSERT INTO correo(id_persona,correo) VALUES (76,'retches23@51.la');
INSERT INTO correo(id_persona,correo) VALUES (77,'ibauldry24@taobao.com');
INSERT INTO correo(id_persona,correo) VALUES (78,'bkopp25@vistaprint.com');
INSERT INTO correo(id_persona,correo) VALUES (79,'pphinnis26@cam.ac.uk');
INSERT INTO correo(id_persona,correo) VALUES (80,'bskittrell27@scientificamerican.com');
INSERT INTO correo(id_persona,correo) VALUES (81,'abahlmann28@shinystat.com');
INSERT INTO correo(id_persona,correo) VALUES (82,'cwakenshaw29@alexa.com');
INSERT INTO correo(id_persona,correo) VALUES (83,'clodder2a@quantcast.com');
INSERT INTO correo(id_persona,correo) VALUES (84,'bspreull2b@harvard.edu');
INSERT INTO correo(id_persona,correo) VALUES (85,'nstaresmeare2c@google.fr');
INSERT INTO correo(id_persona,correo) VALUES (86,'ipreshous2d@fda.gov');
INSERT INTO correo(id_persona,correo) VALUES (87,'aboyfield2e@xing.com');
INSERT INTO correo(id_persona,correo) VALUES (88,'adore2f@pinterest.com');
INSERT INTO correo(id_persona,correo) VALUES (89,'nsuscens2g@sbwire.com');
INSERT INTO correo(id_persona,correo) VALUES (90,'bsetter2h@omniture.com');
INSERT INTO correo(id_persona,correo) VALUES (91,'fmorgans2i@alexa.com');
INSERT INTO correo(id_persona,correo) VALUES (92,'jgander2j@msn.com');
INSERT INTO correo(id_persona,correo) VALUES (93,'mloffhead2k@livejournal.com');
INSERT INTO correo(id_persona,correo) VALUES (94,'wliven2l@soundcloud.com');
INSERT INTO correo(id_persona,correo) VALUES (95,'sconey2m@youtube.com');
INSERT INTO correo(id_persona,correo) VALUES (96,'lchadd2n@zdnet.com');
INSERT INTO correo(id_persona,correo) VALUES (97,'fzorzenoni2o@ezinearticles.com');
INSERT INTO correo(id_persona,correo) VALUES (98,'ddufaire2p@networkadvertising.org');
INSERT INTO correo(id_persona,correo) VALUES (99,'cleopard2q@hexun.com');
INSERT INTO correo(id_persona,correo) VALUES (100,'prupp2r@prlog.org');


INSERT INTO telefono_persona(id_persona,telefono_persona) VALUES (1,0202260127);
INSERT INTO telefono_persona(id_persona,telefono_persona) VALUES (2,1301018198);
INSERT INTO telefono_persona(id_persona,telefono_persona) VALUES (3,4868458310);
INSERT INTO telefono_persona(id_persona,telefono_persona) VALUES (4,9251479062);
INSERT INTO telefono_persona(id_persona,telefono_persona) VALUES (5,1125632569);
INSERT INTO telefono_persona(id_persona,telefono_persona) VALUES (6,6917789623);
INSERT INTO telefono_persona(id_persona,telefono_persona) VALUES (7,1628878134);
INSERT INTO telefono_persona(id_persona,telefono_persona) VALUES (8,3768338053);
INSERT INTO telefono_persona(id_persona,telefono_persona) VALUES (9,5757445238);
INSERT INTO telefono_persona(id_persona,telefono_persona) VALUES (10,9473307101);
INSERT INTO telefono_persona(id_persona,telefono_persona) VALUES (11,3573278191);
INSERT INTO telefono_persona(id_persona,telefono_persona) VALUES (12,0479504741);
INSERT INTO telefono_persona(id_persona,telefono_persona) VALUES (13,9947456102);
INSERT INTO telefono_persona(id_persona,telefono_persona) VALUES (14,8506660726);
INSERT INTO telefono_persona(id_persona,telefono_persona) VALUES (15,5470249840);
INSERT INTO telefono_persona(id_persona,telefono_persona) VALUES (16,3579026321);
INSERT INTO telefono_persona(id_persona,telefono_persona) VALUES (17,5643547767);
INSERT INTO telefono_persona(id_persona,telefono_persona) VALUES (18,6066245155);
INSERT INTO telefono_persona(id_persona,telefono_persona) VALUES (19,2995617920);
INSERT INTO telefono_persona(id_persona,telefono_persona) VALUES (20,7474857030);
INSERT INTO telefono_persona(id_persona,telefono_persona) VALUES (21,7297748889);
INSERT INTO telefono_persona(id_persona,telefono_persona) VALUES (22,9256328623);
INSERT INTO telefono_persona(id_persona,telefono_persona) VALUES (23,0257993398);
INSERT INTO telefono_persona(id_persona,telefono_persona) VALUES (24,7798986502);
INSERT INTO telefono_persona(id_persona,telefono_persona) VALUES (25,4289117678);
INSERT INTO telefono_persona(id_persona,telefono_persona) VALUES (26,2810858829);
INSERT INTO telefono_persona(id_persona,telefono_persona) VALUES (27,7979522206);
INSERT INTO telefono_persona(id_persona,telefono_persona) VALUES (28,5308226245);
INSERT INTO telefono_persona(id_persona,telefono_persona) VALUES (29,8273897036);
INSERT INTO telefono_persona(id_persona,telefono_persona) VALUES (30,2682281273);
INSERT INTO telefono_persona(id_persona,telefono_persona) VALUES (31,1213416000);
INSERT INTO telefono_persona(id_persona,telefono_persona) VALUES (32,7330362107);
INSERT INTO telefono_persona(id_persona,telefono_persona) VALUES (33,7959725136);
INSERT INTO telefono_persona(id_persona,telefono_persona) VALUES (34,5074064252);
INSERT INTO telefono_persona(id_persona,telefono_persona) VALUES (35,4122002249);
INSERT INTO telefono_persona(id_persona,telefono_persona) VALUES (36,0722915039);
INSERT INTO telefono_persona(id_persona,telefono_persona) VALUES (37,7425052113);
INSERT INTO telefono_persona(id_persona,telefono_persona) VALUES (38,4944597517);
INSERT INTO telefono_persona(id_persona,telefono_persona) VALUES (39,7193817205);
INSERT INTO telefono_persona(id_persona,telefono_persona) VALUES (40,9763345820);
INSERT INTO telefono_persona(id_persona,telefono_persona) VALUES (41,2368585796);
INSERT INTO telefono_persona(id_persona,telefono_persona) VALUES (42,6436717005);
INSERT INTO telefono_persona(id_persona,telefono_persona) VALUES (43,6048194986);
INSERT INTO telefono_persona(id_persona,telefono_persona) VALUES (44,9547540092);
INSERT INTO telefono_persona(id_persona,telefono_persona) VALUES (45,0257316078);
INSERT INTO telefono_persona(id_persona,telefono_persona) VALUES (46,0225906198);
INSERT INTO telefono_persona(id_persona,telefono_persona) VALUES (47,2163807118);
INSERT INTO telefono_persona(id_persona,telefono_persona) VALUES (48,5164578840);
INSERT INTO telefono_persona(id_persona,telefono_persona) VALUES (49,7821343021);
INSERT INTO telefono_persona(id_persona,telefono_persona) VALUES (50,0079967450);
INSERT INTO telefono_persona(id_persona,telefono_persona) VALUES (51,2381438653);
INSERT INTO telefono_persona(id_persona,telefono_persona) VALUES (52,3442089158);
INSERT INTO telefono_persona(id_persona,telefono_persona) VALUES (53,8352077333);
INSERT INTO telefono_persona(id_persona,telefono_persona) VALUES (54,9677167103);
INSERT INTO telefono_persona(id_persona,telefono_persona) VALUES (55,9006409219);
INSERT INTO telefono_persona(id_persona,telefono_persona) VALUES (56,1762741857);
INSERT INTO telefono_persona(id_persona,telefono_persona) VALUES (57,2443835219);
INSERT INTO telefono_persona(id_persona,telefono_persona) VALUES (58,7187656548);
INSERT INTO telefono_persona(id_persona,telefono_persona) VALUES (59,7359917891);
INSERT INTO telefono_persona(id_persona,telefono_persona) VALUES (60,5416107375);
INSERT INTO telefono_persona(id_persona,telefono_persona) VALUES (61,3933012708);
INSERT INTO telefono_persona(id_persona,telefono_persona) VALUES (62,8788914186);
INSERT INTO telefono_persona(id_persona,telefono_persona) VALUES (63,0554757583);
INSERT INTO telefono_persona(id_persona,telefono_persona) VALUES (64,6526180078);
INSERT INTO telefono_persona(id_persona,telefono_persona) VALUES (65,3324496365);
INSERT INTO telefono_persona(id_persona,telefono_persona) VALUES (66,3074534605);
INSERT INTO telefono_persona(id_persona,telefono_persona) VALUES (67,9805432262);
INSERT INTO telefono_persona(id_persona,telefono_persona) VALUES (68,8718901417);
INSERT INTO telefono_persona(id_persona,telefono_persona) VALUES (69,0416291538);
INSERT INTO telefono_persona(id_persona,telefono_persona) VALUES (70,0911204849);
INSERT INTO telefono_persona(id_persona,telefono_persona) VALUES (71,4431051414);
INSERT INTO telefono_persona(id_persona,telefono_persona) VALUES (72,9127439577);
INSERT INTO telefono_persona(id_persona,telefono_persona) VALUES (73,4442558361);
INSERT INTO telefono_persona(id_persona,telefono_persona) VALUES (74,2206190842);
INSERT INTO telefono_persona(id_persona,telefono_persona) VALUES (75,5529440134);
INSERT INTO telefono_persona(id_persona,telefono_persona) VALUES (76,7516471550);
INSERT INTO telefono_persona(id_persona,telefono_persona) VALUES (77,8506850304);
INSERT INTO telefono_persona(id_persona,telefono_persona) VALUES (78,0302148280);
INSERT INTO telefono_persona(id_persona,telefono_persona) VALUES (79,1462980813);
INSERT INTO telefono_persona(id_persona,telefono_persona) VALUES (80,4800134528);
INSERT INTO telefono_persona(id_persona,telefono_persona) VALUES (81,0084921285);
INSERT INTO telefono_persona(id_persona,telefono_persona) VALUES (82,8689167919);
INSERT INTO telefono_persona(id_persona,telefono_persona) VALUES (83,6942997536);
INSERT INTO telefono_persona(id_persona,telefono_persona) VALUES (84,3300433649);
INSERT INTO telefono_persona(id_persona,telefono_persona) VALUES (85,2335003070);
INSERT INTO telefono_persona(id_persona,telefono_persona) VALUES (86,9338553736);
INSERT INTO telefono_persona(id_persona,telefono_persona) VALUES (87,2926577389);
INSERT INTO telefono_persona(id_persona,telefono_persona) VALUES (88,8161536562);
INSERT INTO telefono_persona(id_persona,telefono_persona) VALUES (89,3930185857);
INSERT INTO telefono_persona(id_persona,telefono_persona) VALUES (90,1784770477);
INSERT INTO telefono_persona(id_persona,telefono_persona) VALUES (91,4210494798);
INSERT INTO telefono_persona(id_persona,telefono_persona) VALUES (92,7641489036);
INSERT INTO telefono_persona(id_persona,telefono_persona) VALUES (93,2049355475);
INSERT INTO telefono_persona(id_persona,telefono_persona) VALUES (94,1690401184);
INSERT INTO telefono_persona(id_persona,telefono_persona) VALUES (95,5082086723);
INSERT INTO telefono_persona(id_persona,telefono_persona) VALUES (96,9857207332);
INSERT INTO telefono_persona(id_persona,telefono_persona) VALUES (97,0248678868);
INSERT INTO telefono_persona(id_persona,telefono_persona) VALUES (98,1409256960);
INSERT INTO telefono_persona(id_persona,telefono_persona) VALUES (99,8104866419);
INSERT INTO telefono_persona(id_persona,telefono_persona) VALUES (100,6109288535);


INSERT INTO telefono_vivero(telefono,id_vivero) VALUES (1695013948,20);
INSERT INTO telefono_vivero(telefono,id_vivero) VALUES (8533919646,30);
INSERT INTO telefono_vivero(telefono,id_vivero) VALUES (2148534475,12);
INSERT INTO telefono_vivero(telefono,id_vivero) VALUES (0728900297,82);
INSERT INTO telefono_vivero(telefono,id_vivero) VALUES (2053640154,62);
INSERT INTO telefono_vivero(telefono,id_vivero) VALUES (3825329712,34);
INSERT INTO telefono_vivero(telefono,id_vivero) VALUES (0661742326,75);
INSERT INTO telefono_vivero(telefono,id_vivero) VALUES (0856445851,91);
INSERT INTO telefono_vivero(telefono,id_vivero) VALUES (1736904175,86);
INSERT INTO telefono_vivero(telefono,id_vivero) VALUES (0889222908,3);
INSERT INTO telefono_vivero(telefono,id_vivero) VALUES (0888738218,24);
INSERT INTO telefono_vivero(telefono,id_vivero) VALUES (5778398808,8);
INSERT INTO telefono_vivero(telefono,id_vivero) VALUES (8907481776,14);
INSERT INTO telefono_vivero(telefono,id_vivero) VALUES (6994330184,22);
INSERT INTO telefono_vivero(telefono,id_vivero) VALUES (9636465975,81);
INSERT INTO telefono_vivero(telefono,id_vivero) VALUES (5740001013,59);
INSERT INTO telefono_vivero(telefono,id_vivero) VALUES (2081842092,38);
INSERT INTO telefono_vivero(telefono,id_vivero) VALUES (7929102637,39);
INSERT INTO telefono_vivero(telefono,id_vivero) VALUES (9790577923,16);
INSERT INTO telefono_vivero(telefono,id_vivero) VALUES (6395217496,78);
INSERT INTO telefono_vivero(telefono,id_vivero) VALUES (8646775488,56);
INSERT INTO telefono_vivero(telefono,id_vivero) VALUES (5219781383,53);
INSERT INTO telefono_vivero(telefono,id_vivero) VALUES (7282036527,97);
INSERT INTO telefono_vivero(telefono,id_vivero) VALUES (7808128449,23);
INSERT INTO telefono_vivero(telefono,id_vivero) VALUES (9016086080,99);
INSERT INTO telefono_vivero(telefono,id_vivero) VALUES (9539958776,50);
INSERT INTO telefono_vivero(telefono,id_vivero) VALUES (5090234159,88);
INSERT INTO telefono_vivero(telefono,id_vivero) VALUES (2170910638,89);
INSERT INTO telefono_vivero(telefono,id_vivero) VALUES (6482809472,37);
INSERT INTO telefono_vivero(telefono,id_vivero) VALUES (0792600789,26);
INSERT INTO telefono_vivero(telefono,id_vivero) VALUES (7136348811,76);
INSERT INTO telefono_vivero(telefono,id_vivero) VALUES (2789865736,31);
INSERT INTO telefono_vivero(telefono,id_vivero) VALUES (8227672027,92);
INSERT INTO telefono_vivero(telefono,id_vivero) VALUES (2283447828,100);
INSERT INTO telefono_vivero(telefono,id_vivero) VALUES (1664612033,73);
INSERT INTO telefono_vivero(telefono,id_vivero) VALUES (8770587523,74);
INSERT INTO telefono_vivero(telefono,id_vivero) VALUES (8704077210,29);
INSERT INTO telefono_vivero(telefono,id_vivero) VALUES (4538802743,94);
INSERT INTO telefono_vivero(telefono,id_vivero) VALUES (2875356216,5);
INSERT INTO telefono_vivero(telefono,id_vivero) VALUES (0260224243,72);
INSERT INTO telefono_vivero(telefono,id_vivero) VALUES (4646467771,36);
INSERT INTO telefono_vivero(telefono,id_vivero) VALUES (6659646205,42);
INSERT INTO telefono_vivero(telefono,id_vivero) VALUES (0702350842,61);
INSERT INTO telefono_vivero(telefono,id_vivero) VALUES (2861108223,45);
INSERT INTO telefono_vivero(telefono,id_vivero) VALUES (0293431620,64);
INSERT INTO telefono_vivero(telefono,id_vivero) VALUES (7772491506,71);
INSERT INTO telefono_vivero(telefono,id_vivero) VALUES (6345988529,84);
INSERT INTO telefono_vivero(telefono,id_vivero) VALUES (7148623170,54);
INSERT INTO telefono_vivero(telefono,id_vivero) VALUES (1510683771,32);
INSERT INTO telefono_vivero(telefono,id_vivero) VALUES (5265931465,44);
INSERT INTO telefono_vivero(telefono,id_vivero) VALUES (0679145982,2);
INSERT INTO telefono_vivero(telefono,id_vivero) VALUES (8794262055,33);
INSERT INTO telefono_vivero(telefono,id_vivero) VALUES (9168960123,19);
INSERT INTO telefono_vivero(telefono,id_vivero) VALUES (3620548064,98);
INSERT INTO telefono_vivero(telefono,id_vivero) VALUES (5256616226,27);
INSERT INTO telefono_vivero(telefono,id_vivero) VALUES (1675266425,52);
INSERT INTO telefono_vivero(telefono,id_vivero) VALUES (4000094629,58);
INSERT INTO telefono_vivero(telefono,id_vivero) VALUES (4378082950,17);
INSERT INTO telefono_vivero(telefono,id_vivero) VALUES (1931948100,55);
INSERT INTO telefono_vivero(telefono,id_vivero) VALUES (3525848994,96);
INSERT INTO telefono_vivero(telefono,id_vivero) VALUES (2002659001,9);
INSERT INTO telefono_vivero(telefono,id_vivero) VALUES (4042139302,51);
INSERT INTO telefono_vivero(telefono,id_vivero) VALUES (8172048971,13);
INSERT INTO telefono_vivero(telefono,id_vivero) VALUES (2698955465,93);
INSERT INTO telefono_vivero(telefono,id_vivero) VALUES (6114101588,49);
INSERT INTO telefono_vivero(telefono,id_vivero) VALUES (7505400029,95);
INSERT INTO telefono_vivero(telefono,id_vivero) VALUES (9476492457,7);
INSERT INTO telefono_vivero(telefono,id_vivero) VALUES (5004895546,21);
INSERT INTO telefono_vivero(telefono,id_vivero) VALUES (8558083193,79);
INSERT INTO telefono_vivero(telefono,id_vivero) VALUES (8226903505,68);
INSERT INTO telefono_vivero(telefono,id_vivero) VALUES (0677481403,69);
INSERT INTO telefono_vivero(telefono,id_vivero) VALUES (5560651567,85);
INSERT INTO telefono_vivero(telefono,id_vivero) VALUES (8984822671,35);
INSERT INTO telefono_vivero(telefono,id_vivero) VALUES (9706981985,90);
INSERT INTO telefono_vivero(telefono,id_vivero) VALUES (8159089538,4);
INSERT INTO telefono_vivero(telefono,id_vivero) VALUES (0632323876,25);
INSERT INTO telefono_vivero(telefono,id_vivero) VALUES (7104625143,6);
INSERT INTO telefono_vivero(telefono,id_vivero) VALUES (9667537749,80);
INSERT INTO telefono_vivero(telefono,id_vivero) VALUES (1154396940,65);
INSERT INTO telefono_vivero(telefono,id_vivero) VALUES (1711188204,1);
INSERT INTO telefono_vivero(telefono,id_vivero) VALUES (4094353275,66);
INSERT INTO telefono_vivero(telefono,id_vivero) VALUES (3683246936,67);
INSERT INTO telefono_vivero(telefono,id_vivero) VALUES (5818950654,10);
INSERT INTO telefono_vivero(telefono,id_vivero) VALUES (5378207959,11);
INSERT INTO telefono_vivero(telefono,id_vivero) VALUES (5776726506,87);
INSERT INTO telefono_vivero(telefono,id_vivero) VALUES (8614518986,70);
INSERT INTO telefono_vivero(telefono,id_vivero) VALUES (8773294357,77);
INSERT INTO telefono_vivero(telefono,id_vivero) VALUES (1278867759,41);
INSERT INTO telefono_vivero(telefono,id_vivero) VALUES (7517440233,40);
INSERT INTO telefono_vivero(telefono,id_vivero) VALUES (9245934373,57);
INSERT INTO telefono_vivero(telefono,id_vivero) VALUES (9614361492,63);
INSERT INTO telefono_vivero(telefono,id_vivero) VALUES (2369099933,47);
INSERT INTO telefono_vivero(telefono,id_vivero) VALUES (2341404227,28);
INSERT INTO telefono_vivero(telefono,id_vivero) VALUES (1470996669,60);
INSERT INTO telefono_vivero(telefono,id_vivero) VALUES (2978570725,83);
INSERT INTO telefono_vivero(telefono,id_vivero) VALUES (7566776339,43);
INSERT INTO telefono_vivero(telefono,id_vivero) VALUES (0076436241,48);
INSERT INTO telefono_vivero(telefono,id_vivero) VALUES (9564000807,46);
INSERT INTO telefono_vivero(telefono,id_vivero) VALUES (7472843253,18);
INSERT INTO telefono_vivero(telefono,id_vivero) VALUES (1848019742,60);



