INSERT INTO edificio(id_edificio,calle,cp,numero_exterior) VALUES (1,'Delladonna',0,75);
INSERT INTO edificio(id_edificio,calle,cp,numero_exterior) VALUES (2,'Hollow Ridge',39,12);
INSERT INTO edificio(id_edificio,calle,cp,numero_exterior) VALUES (3,'Hansons',2,85);
INSERT INTO edificio(id_edificio,calle,cp,numero_exterior) VALUES (4,'Bobwhite',2757,39);
INSERT INTO edificio(id_edificio,calle,cp,numero_exterior) VALUES (5,'Mccormick',56523,45);


INSERT INTO piso(num_piso,id_edificio) VALUES (1,1);
INSERT INTO piso(num_piso,id_edificio) VALUES (1,2);
INSERT INTO piso(num_piso,id_edificio) VALUES (1,3);
INSERT INTO piso(num_piso,id_edificio) VALUES (1,4);
INSERT INTO piso(num_piso,id_edificio) VALUES (1,5);
INSERT INTO piso(num_piso,id_edificio) VALUES (2,1);
INSERT INTO piso(num_piso,id_edificio) VALUES (2,2);
INSERT INTO piso(num_piso,id_edificio) VALUES (2,3);
INSERT INTO piso(num_piso,id_edificio) VALUES (2,4);
INSERT INTO piso(num_piso,id_edificio) VALUES (2,5);
INSERT INTO piso(num_piso,id_edificio) VALUES (3,1);
INSERT INTO piso(num_piso,id_edificio) VALUES (3,2);
INSERT INTO piso(num_piso,id_edificio) VALUES (3,3);
INSERT INTO piso(num_piso,id_edificio) VALUES (3,4);
INSERT INTO piso(num_piso,id_edificio) VALUES (3,5);
INSERT INTO piso(num_piso,id_edificio) VALUES (4,1);
INSERT INTO piso(num_piso,id_edificio) VALUES (4,2);
INSERT INTO piso(num_piso,id_edificio) VALUES (4,3);
INSERT INTO piso(num_piso,id_edificio) VALUES (4,4);
INSERT INTO piso(num_piso,id_edificio) VALUES (4,5);
INSERT INTO piso(num_piso,id_edificio) VALUES (5,1);
INSERT INTO piso(num_piso,id_edificio) VALUES (5,2);
INSERT INTO piso(num_piso,id_edificio) VALUES (5,3);
INSERT INTO piso(num_piso,id_edificio) VALUES (5,4);
INSERT INTO piso(num_piso,id_edificio) VALUES (5,5);
INSERT INTO piso(num_piso,id_edificio) VALUES (6,1);
INSERT INTO piso(num_piso,id_edificio) VALUES (6,2);
INSERT INTO piso(num_piso,id_edificio) VALUES (6,3);
INSERT INTO piso(num_piso,id_edificio) VALUES (6,4);
INSERT INTO piso(num_piso,id_edificio) VALUES (6,5);
INSERT INTO piso(num_piso,id_edificio) VALUES (7,1);
INSERT INTO piso(num_piso,id_edificio) VALUES (7,2);
INSERT INTO piso(num_piso,id_edificio) VALUES (7,3);
INSERT INTO piso(num_piso,id_edificio) VALUES (7,4);
INSERT INTO piso(num_piso,id_edificio) VALUES (7,5);
INSERT INTO piso(num_piso,id_edificio) VALUES (8,1);
INSERT INTO piso(num_piso,id_edificio) VALUES (8,2);
INSERT INTO piso(num_piso,id_edificio) VALUES (8,3);
INSERT INTO piso(num_piso,id_edificio) VALUES (8,4);
INSERT INTO piso(num_piso,id_edificio) VALUES (8,5);
INSERT INTO piso(num_piso,id_edificio) VALUES (9,1);
INSERT INTO piso(num_piso,id_edificio) VALUES (9,2);
INSERT INTO piso(num_piso,id_edificio) VALUES (9,3);
INSERT INTO piso(num_piso,id_edificio) VALUES (9,4);
INSERT INTO piso(num_piso,id_edificio) VALUES (9,5);
INSERT INTO piso(num_piso,id_edificio) VALUES (10,1);
INSERT INTO piso(num_piso,id_edificio) VALUES (10,2);
INSERT INTO piso(num_piso,id_edificio) VALUES (10,3);
INSERT INTO piso(num_piso,id_edificio) VALUES (10,4);
INSERT INTO piso(num_piso,id_edificio) VALUES (10,5);


INSERT INTO sala_capacitacion(num_sala,num_piso,id_edificio,costo) VALUES (5,1,1,2332);
INSERT INTO sala_capacitacion(num_sala,num_piso,id_edificio,costo) VALUES (5,2,2,3330);
INSERT INTO sala_capacitacion(num_sala,num_piso,id_edificio,costo) VALUES (5,3,3,4167);
INSERT INTO sala_capacitacion(num_sala,num_piso,id_edificio,costo) VALUES (5,4,4,4562);
INSERT INTO sala_capacitacion(num_sala,num_piso,id_edificio,costo) VALUES (5,5,5,3258);
INSERT INTO sala_capacitacion(num_sala,num_piso,id_edificio,costo) VALUES (5,6,1,3394);
INSERT INTO sala_capacitacion(num_sala,num_piso,id_edificio,costo) VALUES (5,7,2,4371);
INSERT INTO sala_capacitacion(num_sala,num_piso,id_edificio,costo) VALUES (5,8,3,2222);
INSERT INTO sala_capacitacion(num_sala,num_piso,id_edificio,costo) VALUES (5,9,4,3661);
INSERT INTO sala_capacitacion(num_sala,num_piso,id_edificio,costo) VALUES (5,10,5,2992);
INSERT INTO sala_capacitacion(num_sala,num_piso,id_edificio,costo) VALUES (6,1,1,3765);
INSERT INTO sala_capacitacion(num_sala,num_piso,id_edificio,costo) VALUES (6,2,2,2950);
INSERT INTO sala_capacitacion(num_sala,num_piso,id_edificio,costo) VALUES (6,3,3,2200);
INSERT INTO sala_capacitacion(num_sala,num_piso,id_edificio,costo) VALUES (6,4,4,3299);
INSERT INTO sala_capacitacion(num_sala,num_piso,id_edificio,costo) VALUES (6,5,5,3501);
INSERT INTO sala_capacitacion(num_sala,num_piso,id_edificio,costo) VALUES (6,6,1,2579);
INSERT INTO sala_capacitacion(num_sala,num_piso,id_edificio,costo) VALUES (6,7,2,2925);
INSERT INTO sala_capacitacion(num_sala,num_piso,id_edificio,costo) VALUES (6,8,3,3774);
INSERT INTO sala_capacitacion(num_sala,num_piso,id_edificio,costo) VALUES (6,9,4,4267);
INSERT INTO sala_capacitacion(num_sala,num_piso,id_edificio,costo) VALUES (6,10,5,2047);
INSERT INTO sala_capacitacion(num_sala,num_piso,id_edificio,costo) VALUES (7,1,1,4992);
INSERT INTO sala_capacitacion(num_sala,num_piso,id_edificio,costo) VALUES (7,2,2,2523);
INSERT INTO sala_capacitacion(num_sala,num_piso,id_edificio,costo) VALUES (7,3,3,2019);
INSERT INTO sala_capacitacion(num_sala,num_piso,id_edificio,costo) VALUES (7,4,4,2471);
INSERT INTO sala_capacitacion(num_sala,num_piso,id_edificio,costo) VALUES (7,5,5,3618);
INSERT INTO sala_capacitacion(num_sala,num_piso,id_edificio,costo) VALUES (7,6,1,4844);
INSERT INTO sala_capacitacion(num_sala,num_piso,id_edificio,costo) VALUES (7,7,2,4636);
INSERT INTO sala_capacitacion(num_sala,num_piso,id_edificio,costo) VALUES (7,8,3,2468);
INSERT INTO sala_capacitacion(num_sala,num_piso,id_edificio,costo) VALUES (7,9,4,4146);
INSERT INTO sala_capacitacion(num_sala,num_piso,id_edificio,costo) VALUES (7,10,5,4793);
INSERT INTO sala_capacitacion(num_sala,num_piso,id_edificio,costo) VALUES (8,1,1,3273);
INSERT INTO sala_capacitacion(num_sala,num_piso,id_edificio,costo) VALUES (8,2,2,2619);
INSERT INTO sala_capacitacion(num_sala,num_piso,id_edificio,costo) VALUES (8,3,3,2782);
INSERT INTO sala_capacitacion(num_sala,num_piso,id_edificio,costo) VALUES (8,4,4,2328);
INSERT INTO sala_capacitacion(num_sala,num_piso,id_edificio,costo) VALUES (8,5,5,4529);
INSERT INTO sala_capacitacion(num_sala,num_piso,id_edificio,costo) VALUES (8,6,1,2638);
INSERT INTO sala_capacitacion(num_sala,num_piso,id_edificio,costo) VALUES (8,7,2,3228);
INSERT INTO sala_capacitacion(num_sala,num_piso,id_edificio,costo) VALUES (8,8,3,4975);
INSERT INTO sala_capacitacion(num_sala,num_piso,id_edificio,costo) VALUES (8,9,4,2242);
INSERT INTO sala_capacitacion(num_sala,num_piso,id_edificio,costo) VALUES (8,10,5,2172);


INSERT INTO sala_operacion(num_sala,num_piso,id_edificio,costo) VALUES (1,1,1,3426);
INSERT INTO sala_operacion(num_sala,num_piso,id_edificio,costo) VALUES (1,2,2,2231);
INSERT INTO sala_operacion(num_sala,num_piso,id_edificio,costo) VALUES (1,3,3,2226);
INSERT INTO sala_operacion(num_sala,num_piso,id_edificio,costo) VALUES (1,4,4,4559);
INSERT INTO sala_operacion(num_sala,num_piso,id_edificio,costo) VALUES (1,5,5,3289);
INSERT INTO sala_operacion(num_sala,num_piso,id_edificio,costo) VALUES (1,6,1,4101);
INSERT INTO sala_operacion(num_sala,num_piso,id_edificio,costo) VALUES (1,7,2,2762);
INSERT INTO sala_operacion(num_sala,num_piso,id_edificio,costo) VALUES (1,8,3,3057);
INSERT INTO sala_operacion(num_sala,num_piso,id_edificio,costo) VALUES (1,9,4,2963);
INSERT INTO sala_operacion(num_sala,num_piso,id_edificio,costo) VALUES (1,10,5,2769);
INSERT INTO sala_operacion(num_sala,num_piso,id_edificio,costo) VALUES (2,1,1,4786);
INSERT INTO sala_operacion(num_sala,num_piso,id_edificio,costo) VALUES (2,2,2,4956);
INSERT INTO sala_operacion(num_sala,num_piso,id_edificio,costo) VALUES (2,3,3,2118);
INSERT INTO sala_operacion(num_sala,num_piso,id_edificio,costo) VALUES (2,4,4,4066);
INSERT INTO sala_operacion(num_sala,num_piso,id_edificio,costo) VALUES (2,5,5,4627);
INSERT INTO sala_operacion(num_sala,num_piso,id_edificio,costo) VALUES (2,6,1,4029);
INSERT INTO sala_operacion(num_sala,num_piso,id_edificio,costo) VALUES (2,7,2,4655);
INSERT INTO sala_operacion(num_sala,num_piso,id_edificio,costo) VALUES (2,8,3,3891);
INSERT INTO sala_operacion(num_sala,num_piso,id_edificio,costo) VALUES (2,9,4,2936);
INSERT INTO sala_operacion(num_sala,num_piso,id_edificio,costo) VALUES (2,10,5,4648);
INSERT INTO sala_operacion(num_sala,num_piso,id_edificio,costo) VALUES (3,1,1,2789);
INSERT INTO sala_operacion(num_sala,num_piso,id_edificio,costo) VALUES (3,2,2,2063);
INSERT INTO sala_operacion(num_sala,num_piso,id_edificio,costo) VALUES (3,3,3,3108);
INSERT INTO sala_operacion(num_sala,num_piso,id_edificio,costo) VALUES (3,4,4,3768);
INSERT INTO sala_operacion(num_sala,num_piso,id_edificio,costo) VALUES (3,5,5,4759);
INSERT INTO sala_operacion(num_sala,num_piso,id_edificio,costo) VALUES (3,6,1,2551);
INSERT INTO sala_operacion(num_sala,num_piso,id_edificio,costo) VALUES (3,7,2,2321);
INSERT INTO sala_operacion(num_sala,num_piso,id_edificio,costo) VALUES (3,8,3,4326);
INSERT INTO sala_operacion(num_sala,num_piso,id_edificio,costo) VALUES (3,9,4,4047);
INSERT INTO sala_operacion(num_sala,num_piso,id_edificio,costo) VALUES (3,10,5,3793);
INSERT INTO sala_operacion(num_sala,num_piso,id_edificio,costo) VALUES (4,1,1,2737);
INSERT INTO sala_operacion(num_sala,num_piso,id_edificio,costo) VALUES (4,2,2,3676);
INSERT INTO sala_operacion(num_sala,num_piso,id_edificio,costo) VALUES (4,3,3,3011);
INSERT INTO sala_operacion(num_sala,num_piso,id_edificio,costo) VALUES (4,4,4,4625);
INSERT INTO sala_operacion(num_sala,num_piso,id_edificio,costo) VALUES (4,5,5,3401);
INSERT INTO sala_operacion(num_sala,num_piso,id_edificio,costo) VALUES (4,6,1,2021);
INSERT INTO sala_operacion(num_sala,num_piso,id_edificio,costo) VALUES (4,7,2,2185);
INSERT INTO sala_operacion(num_sala,num_piso,id_edificio,costo) VALUES (4,8,3,4035);
INSERT INTO sala_operacion(num_sala,num_piso,id_edificio,costo) VALUES (4,9,4,2770);
INSERT INTO sala_operacion(num_sala,num_piso,id_edificio,costo) VALUES (4,10,5,3791);
INSERT INTO sala_operacion(num_sala,num_piso,id_edificio,costo) VALUES (1,4,1,3791);


INSERT INTO estacion(num_estacion,num_sala,num_piso,id_edificio,sistema_operativo) VALUES (1,1,1,1,'Windows');
INSERT INTO estacion(num_estacion,num_sala,num_piso,id_edificio,sistema_operativo) VALUES (2,2,2,2,'Linux');
INSERT INTO estacion(num_estacion,num_sala,num_piso,id_edificio,sistema_operativo) VALUES (3,3,3,3,'Linux');
INSERT INTO estacion(num_estacion,num_sala,num_piso,id_edificio,sistema_operativo) VALUES (4,4,4,4,'Windows');
INSERT INTO estacion(num_estacion,num_sala,num_piso,id_edificio,sistema_operativo) VALUES (5,5,5,5,'Linux');
INSERT INTO estacion(num_estacion,num_sala,num_piso,id_edificio,sistema_operativo) VALUES (6,6,6,1,'Windows');
INSERT INTO estacion(num_estacion,num_sala,num_piso,id_edificio,sistema_operativo) VALUES (7,7,7,2,'Linux');
INSERT INTO estacion(num_estacion,num_sala,num_piso,id_edificio,sistema_operativo) VALUES (8,8,8,3,'Linux');
INSERT INTO estacion(num_estacion,num_sala,num_piso,id_edificio,sistema_operativo) VALUES (9,1,9,4,'Windows');
INSERT INTO estacion(num_estacion,num_sala,num_piso,id_edificio,sistema_operativo) VALUES (10,2,10,5,'Windows');
INSERT INTO estacion(num_estacion,num_sala,num_piso,id_edificio,sistema_operativo) VALUES (11,3,1,1,'Linux');
INSERT INTO estacion(num_estacion,num_sala,num_piso,id_edificio,sistema_operativo) VALUES (12,4,2,2,'Windows');
INSERT INTO estacion(num_estacion,num_sala,num_piso,id_edificio,sistema_operativo) VALUES (13,5,3,3,'Linux');
INSERT INTO estacion(num_estacion,num_sala,num_piso,id_edificio,sistema_operativo) VALUES (14,6,4,4,'Windows');
INSERT INTO estacion(num_estacion,num_sala,num_piso,id_edificio,sistema_operativo) VALUES (15,7,5,5,'Windows');
INSERT INTO estacion(num_estacion,num_sala,num_piso,id_edificio,sistema_operativo) VALUES (16,8,6,1,'Linux');
INSERT INTO estacion(num_estacion,num_sala,num_piso,id_edificio,sistema_operativo) VALUES (17,1,7,2,'Windows');
INSERT INTO estacion(num_estacion,num_sala,num_piso,id_edificio,sistema_operativo) VALUES (18,2,8,3,'Linux');
INSERT INTO estacion(num_estacion,num_sala,num_piso,id_edificio,sistema_operativo) VALUES (19,3,9,4,'Linux');
INSERT INTO estacion(num_estacion,num_sala,num_piso,id_edificio,sistema_operativo) VALUES (20,4,10,5,'Windows');
INSERT INTO estacion(num_estacion,num_sala,num_piso,id_edificio,sistema_operativo) VALUES (21,5,1,1,'Linux');
INSERT INTO estacion(num_estacion,num_sala,num_piso,id_edificio,sistema_operativo) VALUES (22,6,2,2,'Windows');
INSERT INTO estacion(num_estacion,num_sala,num_piso,id_edificio,sistema_operativo) VALUES (23,7,3,3,'Linux');
INSERT INTO estacion(num_estacion,num_sala,num_piso,id_edificio,sistema_operativo) VALUES (24,8,4,4,'Linux');
INSERT INTO estacion(num_estacion,num_sala,num_piso,id_edificio,sistema_operativo) VALUES (25,1,5,5,'Windows');
INSERT INTO estacion(num_estacion,num_sala,num_piso,id_edificio,sistema_operativo) VALUES (26,2,6,1,'Linux');
INSERT INTO estacion(num_estacion,num_sala,num_piso,id_edificio,sistema_operativo) VALUES (27,3,7,2,'Linux');
INSERT INTO estacion(num_estacion,num_sala,num_piso,id_edificio,sistema_operativo) VALUES (28,4,8,3,'Windows');
INSERT INTO estacion(num_estacion,num_sala,num_piso,id_edificio,sistema_operativo) VALUES (29,5,9,4,'Linux');
INSERT INTO estacion(num_estacion,num_sala,num_piso,id_edificio,sistema_operativo) VALUES (30,6,10,5,'Linux');
INSERT INTO estacion(num_estacion,num_sala,num_piso,id_edificio,sistema_operativo) VALUES (31,7,1,1,'Windows');
INSERT INTO estacion(num_estacion,num_sala,num_piso,id_edificio,sistema_operativo) VALUES (32,8,2,2,'Windows');
INSERT INTO estacion(num_estacion,num_sala,num_piso,id_edificio,sistema_operativo) VALUES (33,1,3,3,'Windows');
INSERT INTO estacion(num_estacion,num_sala,num_piso,id_edificio,sistema_operativo) VALUES (34,2,4,4,'Linux');
INSERT INTO estacion(num_estacion,num_sala,num_piso,id_edificio,sistema_operativo) VALUES (35,3,5,5,'Linux');
INSERT INTO estacion(num_estacion,num_sala,num_piso,id_edificio,sistema_operativo) VALUES (36,4,6,1,'Linux');
INSERT INTO estacion(num_estacion,num_sala,num_piso,id_edificio,sistema_operativo) VALUES (37,5,7,2,'Windows');
INSERT INTO estacion(num_estacion,num_sala,num_piso,id_edificio,sistema_operativo) VALUES (38,6,8,3,'Windows');
INSERT INTO estacion(num_estacion,num_sala,num_piso,id_edificio,sistema_operativo) VALUES (39,7,9,4,'Windows');
INSERT INTO estacion(num_estacion,num_sala,num_piso,id_edificio,sistema_operativo) VALUES (40,8,10,5,'Windows');
INSERT INTO estacion(num_estacion,num_sala,num_piso,id_edificio,sistema_operativo) VALUES (41,1,1,1,'Linux');
INSERT INTO estacion(num_estacion,num_sala,num_piso,id_edificio,sistema_operativo) VALUES (42,2,2,2,'Linux');
INSERT INTO estacion(num_estacion,num_sala,num_piso,id_edificio,sistema_operativo) VALUES (43,3,3,3,'Windows');
INSERT INTO estacion(num_estacion,num_sala,num_piso,id_edificio,sistema_operativo) VALUES (44,4,4,4,'Linux');
INSERT INTO estacion(num_estacion,num_sala,num_piso,id_edificio,sistema_operativo) VALUES (45,5,5,5,'Linux');
INSERT INTO estacion(num_estacion,num_sala,num_piso,id_edificio,sistema_operativo) VALUES (46,6,6,1,'Windows');
INSERT INTO estacion(num_estacion,num_sala,num_piso,id_edificio,sistema_operativo) VALUES (47,7,7,2,'Linux');
INSERT INTO estacion(num_estacion,num_sala,num_piso,id_edificio,sistema_operativo) VALUES (48,8,8,3,'Windows');
INSERT INTO estacion(num_estacion,num_sala,num_piso,id_edificio,sistema_operativo) VALUES (49,1,9,4,'Linux');
INSERT INTO estacion(num_estacion,num_sala,num_piso,id_edificio,sistema_operativo) VALUES (50,2,10,5,'Windows');
INSERT INTO estacion(num_estacion,num_sala,num_piso,id_edificio,sistema_operativo) VALUES (51,3,1,1,'Windows');
INSERT INTO estacion(num_estacion,num_sala,num_piso,id_edificio,sistema_operativo) VALUES (52,4,2,2,'Windows');
INSERT INTO estacion(num_estacion,num_sala,num_piso,id_edificio,sistema_operativo) VALUES (53,5,3,3,'Linux');
INSERT INTO estacion(num_estacion,num_sala,num_piso,id_edificio,sistema_operativo) VALUES (54,6,4,4,'Windows');
INSERT INTO estacion(num_estacion,num_sala,num_piso,id_edificio,sistema_operativo) VALUES (55,7,5,5,'Windows');
INSERT INTO estacion(num_estacion,num_sala,num_piso,id_edificio,sistema_operativo) VALUES (56,8,6,1,'Linux');
INSERT INTO estacion(num_estacion,num_sala,num_piso,id_edificio,sistema_operativo) VALUES (57,1,7,2,'Linux');
INSERT INTO estacion(num_estacion,num_sala,num_piso,id_edificio,sistema_operativo) VALUES (58,2,8,3,'Linux');
INSERT INTO estacion(num_estacion,num_sala,num_piso,id_edificio,sistema_operativo) VALUES (59,3,9,4,'Linux');
INSERT INTO estacion(num_estacion,num_sala,num_piso,id_edificio,sistema_operativo) VALUES (60,4,10,5,'Windows');
INSERT INTO estacion(num_estacion,num_sala,num_piso,id_edificio,sistema_operativo) VALUES (61,5,1,1,'Linux');
INSERT INTO estacion(num_estacion,num_sala,num_piso,id_edificio,sistema_operativo) VALUES (62,6,2,2,'Windows');
INSERT INTO estacion(num_estacion,num_sala,num_piso,id_edificio,sistema_operativo) VALUES (63,7,3,3,'Windows');
INSERT INTO estacion(num_estacion,num_sala,num_piso,id_edificio,sistema_operativo) VALUES (64,8,4,4,'Linux');
INSERT INTO estacion(num_estacion,num_sala,num_piso,id_edificio,sistema_operativo) VALUES (65,1,5,5,'Linux');
INSERT INTO estacion(num_estacion,num_sala,num_piso,id_edificio,sistema_operativo) VALUES (66,2,6,1,'Linux');
INSERT INTO estacion(num_estacion,num_sala,num_piso,id_edificio,sistema_operativo) VALUES (67,3,7,2,'Windows');
INSERT INTO estacion(num_estacion,num_sala,num_piso,id_edificio,sistema_operativo) VALUES (68,4,8,3,'Linux');
INSERT INTO estacion(num_estacion,num_sala,num_piso,id_edificio,sistema_operativo) VALUES (69,5,9,4,'Linux');
INSERT INTO estacion(num_estacion,num_sala,num_piso,id_edificio,sistema_operativo) VALUES (70,6,10,5,'Windows');


INSERT INTO cliente(id_cliente,razon_social,rfc,telefono,persona_contacto,correo_contacto) VALUES (200,'Transcof','KYGI04051910QDFBKDL9',6248049235,'Philippe','prays0@cloudflare.com');
INSERT INTO cliente(id_cliente,razon_social,rfc,telefono,persona_contacto,correo_contacto) VALUES (201,'Ronstring','ZXOJ04021934MDFRGZS1',4217338164,'Shanna','sjennery1@yellowbook.com');
INSERT INTO cliente(id_cliente,razon_social,rfc,telefono,persona_contacto,correo_contacto) VALUES (202,'Asoka','MZQV08001901WDFYJCA8',8997302546,'Celestina','cmacdearmid2@washingtonpost.com');
INSERT INTO cliente(id_cliente,razon_social,rfc,telefono,persona_contacto,correo_contacto) VALUES (203,'Span','BMJQ08071926NDFRAGH8',9926809764,'Maryrose','msalandino3@elpais.com');
INSERT INTO cliente(id_cliente,razon_social,rfc,telefono,persona_contacto,correo_contacto) VALUES (204,'Zamit','LHOB08081985KDFWHRN3',2467932419,'Frederique','fkagan4@weibo.com');
INSERT INTO cliente(id_cliente,razon_social,rfc,telefono,persona_contacto,correo_contacto) VALUES (205,'Fix San','WHSD00071986KDFHJYY4',5227076909,'Rahel','rscoines5@symantec.com');
INSERT INTO cliente(id_cliente,razon_social,rfc,telefono,persona_contacto,correo_contacto) VALUES (206,'Sub-Ex','POFF03061921ADFVZHV4',5468918332,'Clarke','cbarfitt6@hubpages.com');
INSERT INTO cliente(id_cliente,razon_social,rfc,telefono,persona_contacto,correo_contacto) VALUES (207,'It','AKSN02041990IDFFXQO1',3871230452,'Brady','bkleinhandler7@360.cn');
INSERT INTO cliente(id_cliente,razon_social,rfc,telefono,persona_contacto,correo_contacto) VALUES (208,'Tresom','IECM01001905ZDFNSLY0',5698504375,'Elayne','ebowra8@theatlantic.com');
INSERT INTO cliente(id_cliente,razon_social,rfc,telefono,persona_contacto,correo_contacto) VALUES (209,'Konklux','RXDH09061936XDFFMFV7',7471019054,'Kincaid','kknowlden9@unicef.org');
INSERT INTO cliente(id_cliente,razon_social,rfc,telefono,persona_contacto,correo_contacto) VALUES (210,'Voyatouch','TVSK08011932IDFGKXF5',3313674383,'Kimberlyn','kjermana@uiuc.edu');
INSERT INTO cliente(id_cliente,razon_social,rfc,telefono,persona_contacto,correo_contacto) VALUES (211,'Home Ing','OIMT00091907UDFSJGW8',4937868919,'Micah','mvegasb@xrea.com');
INSERT INTO cliente(id_cliente,razon_social,rfc,telefono,persona_contacto,correo_contacto) VALUES (212,'Home Ing','GPNF08081950XDFHAOZ3',9312353696,'Madge','mlukovicc@apple.com');
INSERT INTO cliente(id_cliente,razon_social,rfc,telefono,persona_contacto,correo_contacto) VALUES (213,'Voyatouch','KDCH05011971GDFASYK2',3458163371,'Joya','jpatyd@goodreads.com');
INSERT INTO cliente(id_cliente,razon_social,rfc,telefono,persona_contacto,correo_contacto) VALUES (214,'Treeflex','XNOM05041989XDFTGOO0',2515187537,'Elwin','eyorathe@canalblog.com');
INSERT INTO cliente(id_cliente,razon_social,rfc,telefono,persona_contacto,correo_contacto) VALUES (215,'Zoolab','JSPW04041924EDFGWIT5',3679030372,'Garner','gyakuntsovf@digg.com');
INSERT INTO cliente(id_cliente,razon_social,rfc,telefono,persona_contacto,correo_contacto) VALUES (216,'Aerified','LNMG07021917TDFWKAN5',8646697922,'Ruddy','rcharnleyg@ehow.com');
INSERT INTO cliente(id_cliente,razon_social,rfc,telefono,persona_contacto,correo_contacto) VALUES (217,'Sub-Ex','XPCE06081951MDFOHPS2',3376616305,'Broderick','bbraidh@msn.com');
INSERT INTO cliente(id_cliente,razon_social,rfc,telefono,persona_contacto,correo_contacto) VALUES (218,'Sub-Ex','IJNJ04061955DDFVQIS9',6888377822,'Nadiya','ndenyukhini@seesaa.net');
INSERT INTO cliente(id_cliente,razon_social,rfc,telefono,persona_contacto,correo_contacto) VALUES (219,'Matsoft','BCRS01061963FDFLHPU8',4369218423,'Bird','bstjohnj@skype.com');
INSERT INTO cliente(id_cliente,razon_social,rfc,telefono,persona_contacto,correo_contacto) VALUES (220,'Mat Lam Tam','AWXR02071970TDFWYFZ0',3254966435,'Lucina','lrevancek@w3.org');
INSERT INTO cliente(id_cliente,razon_social,rfc,telefono,persona_contacto,correo_contacto) VALUES (221,'Tampflex','EDFP08031972FDFHKOJ2',5453345547,'Ashien','aboxl@symantec.com');
INSERT INTO cliente(id_cliente,razon_social,rfc,telefono,persona_contacto,correo_contacto) VALUES (222,'Quo Lux','HMDQ01001927YDFEDLX5',5413327873,'Sal','sshortom@163.com');
INSERT INTO cliente(id_cliente,razon_social,rfc,telefono,persona_contacto,correo_contacto) VALUES (223,'Subin','RMCA02001908DDFXFSQ8',2865586444,'Earle','ezanardiin@google.co.jp');
INSERT INTO cliente(id_cliente,razon_social,rfc,telefono,persona_contacto,correo_contacto) VALUES (224,'Cardguard','GBYY08011994IDFPBNU1',2938134081,'Blakeley','bkearso@devhub.com');
INSERT INTO cliente(id_cliente,razon_social,rfc,telefono,persona_contacto,correo_contacto) VALUES (225,'Sonair','DSXI02071940BDFCDZP2',6097954724,'Rafaellle','rsmalleyp@bigcartel.com');
INSERT INTO cliente(id_cliente,razon_social,rfc,telefono,persona_contacto,correo_contacto) VALUES (226,'Fintone','RMIN06031928IDFRWVT3',2153216973,'Asher','astillyq@mit.edu');
INSERT INTO cliente(id_cliente,razon_social,rfc,telefono,persona_contacto,correo_contacto) VALUES (227,'Treeflex','ESPW00011908IDFEPFX8',7657352630,'Langsdon','lmcilvorayr@jiathis.com');
INSERT INTO cliente(id_cliente,razon_social,rfc,telefono,persona_contacto,correo_contacto) VALUES (228,'Opela','PCUR09081975BDFSDEZ0',4392626920,'Eliza','ekleinerts@sogou.com');
INSERT INTO cliente(id_cliente,razon_social,rfc,telefono,persona_contacto,correo_contacto) VALUES (229,'Holdlamis','DKQR04031973KDFCBMJ8',7866586497,'Bethany','bramirot@discovery.com');
INSERT INTO cliente(id_cliente,razon_social,rfc,telefono,persona_contacto,correo_contacto) VALUES (230,'Aerified','SJHN04031951HDFCTZP8',3449374633,'Lacey','ladriaanu@businesswire.com');
INSERT INTO cliente(id_cliente,razon_social,rfc,telefono,persona_contacto,correo_contacto) VALUES (231,'Bytecard','ZTWO08071982LDFBVPT3',3301977984,'Liana','lgraynev@cdbaby.com');
INSERT INTO cliente(id_cliente,razon_social,rfc,telefono,persona_contacto,correo_contacto) VALUES (232,'Tres-Zap','DTZB05061900XDFEFIB2',1672133241,'Beth','bstowew@addtoany.com');
INSERT INTO cliente(id_cliente,razon_social,rfc,telefono,persona_contacto,correo_contacto) VALUES (233,'Daltfresh','XLXX09021970FDFLPPY9',4974518663,'Shea','sshellsheerex@examiner.com');
INSERT INTO cliente(id_cliente,razon_social,rfc,telefono,persona_contacto,correo_contacto) VALUES (234,'Tampflex','QNIF05081987KDFGNOW3',7735527209,'Rodney','rcattowy@slate.com');
INSERT INTO cliente(id_cliente,razon_social,rfc,telefono,persona_contacto,correo_contacto) VALUES (235,'Ventosanzap','XHXK08001970XDFGZMO7',5236135866,'Shadow','ssalamonz@dailymail.co.uk');
INSERT INTO cliente(id_cliente,razon_social,rfc,telefono,persona_contacto,correo_contacto) VALUES (236,'Temp','PAOZ09051992CDFNWVA0',5773061833,'Bondon','bcicccitti10@deviantart.com');
INSERT INTO cliente(id_cliente,razon_social,rfc,telefono,persona_contacto,correo_contacto) VALUES (237,'Biodex','JYYB09021973UDFOGAD2',6932245436,'Liliane','lnortheast11@google.com.hk');
INSERT INTO cliente(id_cliente,razon_social,rfc,telefono,persona_contacto,correo_contacto) VALUES (238,'Tempsoft','MXOS02081953KDFOWPK6',8832653208,'Giulia','gbracknell12@stumbleupon.com');
INSERT INTO cliente(id_cliente,razon_social,rfc,telefono,persona_contacto,correo_contacto) VALUES (239,'Ronstring','OPDK07011932VDFZMAW8',8605058379,'Meridith','mlongstaffe13@upenn.edu');
INSERT INTO cliente(id_cliente,razon_social,rfc,telefono,persona_contacto,correo_contacto) VALUES (240,'Cookley','RNLG09041917WDFZYDN5',8485616552,'Mollie','mbrannan14@admin.ch');
INSERT INTO cliente(id_cliente,razon_social,rfc,telefono,persona_contacto,correo_contacto) VALUES (241,'Alphazap','WGAO09071996XDFAGUZ8',5588194982,'Scarface','ssotheron15@salon.com');
INSERT INTO cliente(id_cliente,razon_social,rfc,telefono,persona_contacto,correo_contacto) VALUES (242,'Hatity','EDPX03041940JDFPQIS4',3388580310,'Lissa','lpiller16@chicagotribune.com');
INSERT INTO cliente(id_cliente,razon_social,rfc,telefono,persona_contacto,correo_contacto) VALUES (243,'Aerified','JFLL05071934KDFHASW1',3587509332,'Erika','ebalazot17@go.com');
INSERT INTO cliente(id_cliente,razon_social,rfc,telefono,persona_contacto,correo_contacto) VALUES (244,'Fixflex','DALB04041944RDFNKUN8',9886996170,'Woodie','wmorffew18@indiatimes.com');
INSERT INTO cliente(id_cliente,razon_social,rfc,telefono,persona_contacto,correo_contacto) VALUES (245,'Asoka','JKDE00091913MDFMKQF3',3943985907,'Viole','vkenwin19@nytimes.com');
INSERT INTO cliente(id_cliente,razon_social,rfc,telefono,persona_contacto,correo_contacto) VALUES (246,'Fix San','AKOL05041966CDFVOAY5',1185544646,'Cymbre','cthurber1a@go.com');
INSERT INTO cliente(id_cliente,razon_social,rfc,telefono,persona_contacto,correo_contacto) VALUES (247,'Alpha','GUEF04031969MDFHVYU3',1998054762,'Vite','vdressell1b@seattletimes.com');
INSERT INTO cliente(id_cliente,razon_social,rfc,telefono,persona_contacto,correo_contacto) VALUES (248,'Lotlux','SKUU00071984TDFKMWM3',3221277048,'Kelcie','khonniebal1c@ft.com');
INSERT INTO cliente(id_cliente,razon_social,rfc,telefono,persona_contacto,correo_contacto) VALUES (249,'Prodder','MQJU01001956EDFGXGG6',7994936551,'Chan','ckeel1d@jugem.jp');
INSERT INTO cliente(id_cliente,razon_social,rfc,telefono,persona_contacto,correo_contacto) VALUES (250,'Trippledex','DZAS09001911FDFCPIS3',6905483149,'Christophorus','cdevonald1e@fastcompany.com');
INSERT INTO cliente(id_cliente,razon_social,rfc,telefono,persona_contacto,correo_contacto) VALUES (251,'Zamit','AXVZ07041920EDFSMZU8',2465158485,'Jilly','jgresly1f@fda.gov');
INSERT INTO cliente(id_cliente,razon_social,rfc,telefono,persona_contacto,correo_contacto) VALUES (252,'Fix San','FKOT08051966DDFGLSC3',8035498795,'Katalin','kcaston1g@cnet.com');
INSERT INTO cliente(id_cliente,razon_social,rfc,telefono,persona_contacto,correo_contacto) VALUES (253,'It','PXQP03071941ZDFRRYU3',2387494616,'Dulci','dbotterman1h@arstechnica.com');
INSERT INTO cliente(id_cliente,razon_social,rfc,telefono,persona_contacto,correo_contacto) VALUES (254,'Asoka','OYBQ02091943ZDFPJXY9',2419850920,'Win','wmorriarty1i@instagram.com');
INSERT INTO cliente(id_cliente,razon_social,rfc,telefono,persona_contacto,correo_contacto) VALUES (255,'Duobam','CDJC03081952EDFZDPK3',9366885568,'Kessiah','kstowell1j@linkedin.com');
INSERT INTO cliente(id_cliente,razon_social,rfc,telefono,persona_contacto,correo_contacto) VALUES (256,'Andalax','KHTO01051918ADFOQDW6',2698650928,'My','mpunton1k@skyrock.com');
INSERT INTO cliente(id_cliente,razon_social,rfc,telefono,persona_contacto,correo_contacto) VALUES (257,'Zontrax','QODT01071914SDFVTYT3',6072753149,'Alena','alucia1l@ca.gov');
INSERT INTO cliente(id_cliente,razon_social,rfc,telefono,persona_contacto,correo_contacto) VALUES (258,'Flowdesk','OSEO05031980YDFLLRI4',8066040677,'Andris','achazier1m@netvibes.com');
INSERT INTO cliente(id_cliente,razon_social,rfc,telefono,persona_contacto,correo_contacto) VALUES (259,'Alphazap','CZRY08041922ODFIFOJ7',1517995696,'Ediva','eklejna1n@sfgate.com');
INSERT INTO cliente(id_cliente,razon_social,rfc,telefono,persona_contacto,correo_contacto) VALUES (260,'Rank','WHIA01071994NDFHSGN3',7566804039,'Ginger','gorro1o@mit.edu');
INSERT INTO cliente(id_cliente,razon_social,rfc,telefono,persona_contacto,correo_contacto) VALUES (261,'Konklux','UORB05011960GDFCFQA4',5345860315,'Francis','fbuy1p@smh.com.au');
INSERT INTO cliente(id_cliente,razon_social,rfc,telefono,persona_contacto,correo_contacto) VALUES (262,'Stim','WSFD01041903GDFUHKO8',2405574568,'Portia','ptheobald1q@engadget.com');
INSERT INTO cliente(id_cliente,razon_social,rfc,telefono,persona_contacto,correo_contacto) VALUES (263,'Holdlamis','KAPY04091945PDFLNCE5',6607714262,'Cathlene','cbaudy1r@uol.com.br');
INSERT INTO cliente(id_cliente,razon_social,rfc,telefono,persona_contacto,correo_contacto) VALUES (264,'Voltsillam','NKRZ07011961XDFARXB7',4577928304,'April','alindenberg1s@1688.com');
INSERT INTO cliente(id_cliente,razon_social,rfc,telefono,persona_contacto,correo_contacto) VALUES (265,'Cardify','KJDQ09031981KDFCSJA0',1624418844,'Petronella','porpwood1t@shop-pro.jp');
INSERT INTO cliente(id_cliente,razon_social,rfc,telefono,persona_contacto,correo_contacto) VALUES (266,'Stronghold','TGMJ03041988DDFMGQA2',1715082406,'Neale','ngrimsdale1u@ovh.net');
INSERT INTO cliente(id_cliente,razon_social,rfc,telefono,persona_contacto,correo_contacto) VALUES (267,'Vagram','QBRC00011905LDFKWSA3',7374920402,'Marge','mcust1v@wired.com');
INSERT INTO cliente(id_cliente,razon_social,rfc,telefono,persona_contacto,correo_contacto) VALUES (268,'Fintone','HYIJ02001986IDFQIIX8',7462587376,'Lucine','lwiggins1w@auda.org.au');
INSERT INTO cliente(id_cliente,razon_social,rfc,telefono,persona_contacto,correo_contacto) VALUES (269,'Zamit','VYAF08021966EDFMQAQ3',7378923006,'Care','cbaly1x@huffingtonpost.com');
INSERT INTO cliente(id_cliente,razon_social,rfc,telefono,persona_contacto,correo_contacto) VALUES (270,'Fixflex','YXNP00001995KDFOFPT7',6412889959,'Nata','npile1y@about.me');
INSERT INTO cliente(id_cliente,razon_social,rfc,telefono,persona_contacto,correo_contacto) VALUES (271,'Veribet','NURU08061948XDFKDVA0',4495629104,'Dario','dwestnedge1z@tinypic.com');
INSERT INTO cliente(id_cliente,razon_social,rfc,telefono,persona_contacto,correo_contacto) VALUES (272,'Trippledex','SYZQ01061948ADFSUKG0',8191734551,'Ardyce','ascryne20@linkedin.com');
INSERT INTO cliente(id_cliente,razon_social,rfc,telefono,persona_contacto,correo_contacto) VALUES (273,'Tampflex','ZTBR06051993XDFEOFA0',5092384677,'Prisca','pyallop21@wikispaces.com');
INSERT INTO cliente(id_cliente,razon_social,rfc,telefono,persona_contacto,correo_contacto) VALUES (274,'Veribet','OOLS00071912RDFJOKL9',4182828930,'Wanids','wsemrad22@netlog.com');
INSERT INTO cliente(id_cliente,razon_social,rfc,telefono,persona_contacto,correo_contacto) VALUES (275,'Asoka','EEFX01041987GDFVQHB2',3431805759,'Major','mtiddeman23@bbb.org');
INSERT INTO cliente(id_cliente,razon_social,rfc,telefono,persona_contacto,correo_contacto) VALUES (276,'Sub-Ex','CRDK01021970ADFGVXB1',2384721511,'Isahella','ichantree24@foxnews.com');
INSERT INTO cliente(id_cliente,razon_social,rfc,telefono,persona_contacto,correo_contacto) VALUES (277,'Vagram','LTKH00051929PDFNQST9',3485348747,'Yetty','ylinfitt25@mozilla.com');
INSERT INTO cliente(id_cliente,razon_social,rfc,telefono,persona_contacto,correo_contacto) VALUES (278,'Overhold','UNYW05011989GDFXXEU7',5706127858,'Marten','mfinlator26@indiegogo.com');
INSERT INTO cliente(id_cliente,razon_social,rfc,telefono,persona_contacto,correo_contacto) VALUES (279,'Aerified','UDIU09091906ADFIFXI4',6402201917,'Isobel','idyble27@washington.edu');
INSERT INTO cliente(id_cliente,razon_social,rfc,telefono,persona_contacto,correo_contacto) VALUES (280,'Konklab','VESP07031962NDFGKEN3',4047235973,'Collie','cmoston28@imageshack.us');
INSERT INTO cliente(id_cliente,razon_social,rfc,telefono,persona_contacto,correo_contacto) VALUES (281,'Asoka','ULQY04041962LDFMWHY7',3054485387,'Sindee','stwinborough29@ca.gov');
INSERT INTO cliente(id_cliente,razon_social,rfc,telefono,persona_contacto,correo_contacto) VALUES (282,'Cardify','IIXN07061994YDFEMXE3',2539624769,'Branden','bscougal2a@facebook.com');
INSERT INTO cliente(id_cliente,razon_social,rfc,telefono,persona_contacto,correo_contacto) VALUES (283,'Redhold','DDTN08061937GDFEIRC2',3331000735,'Trudy','tadriaens2b@slideshare.net');
INSERT INTO cliente(id_cliente,razon_social,rfc,telefono,persona_contacto,correo_contacto) VALUES (284,'Wrapsafe','WJER09011991CDFRNRK0',3057596009,'Shaine','smacmearty2c@whitehouse.gov');
INSERT INTO cliente(id_cliente,razon_social,rfc,telefono,persona_contacto,correo_contacto) VALUES (285,'Stronghold','UVEN08061911FDFGCAK7',5899896044,'Boot','bpadly2d@ucoz.ru');
INSERT INTO cliente(id_cliente,razon_social,rfc,telefono,persona_contacto,correo_contacto) VALUES (286,'Tin','KQAS00021966ODFRJWA3',6891389257,'Malvina','mfocke2e@unicef.org');
INSERT INTO cliente(id_cliente,razon_social,rfc,telefono,persona_contacto,correo_contacto) VALUES (287,'Flowdesk','MBMB09011909LDFYXIS4',9646767076,'Angil','asporton2f@admin.ch');
INSERT INTO cliente(id_cliente,razon_social,rfc,telefono,persona_contacto,correo_contacto) VALUES (288,'Flowdesk','QEHS01091970SDFNIQE3',5427660048,'Wendeline','wvanyashkin2g@purevolume.com');
INSERT INTO cliente(id_cliente,razon_social,rfc,telefono,persona_contacto,correo_contacto) VALUES (289,'Greenlam','RQQD09061903MDFLPHQ1',2944135480,'Massimo','mausten2h@ning.com');
INSERT INTO cliente(id_cliente,razon_social,rfc,telefono,persona_contacto,correo_contacto) VALUES (290,'Hatity','YBBM05061936TDFKMFK0',3443704974,'Basilio','bgennings2i@yale.edu');
INSERT INTO cliente(id_cliente,razon_social,rfc,telefono,persona_contacto,correo_contacto) VALUES (291,'Asoka','VBCC01001920YDFHUMO6',5692848892,'Albert','azuppa2j@blogs.com');
INSERT INTO cliente(id_cliente,razon_social,rfc,telefono,persona_contacto,correo_contacto) VALUES (292,'Y-Solowarm','LSQC01081974ZDFFSBS1',2528211318,'Dorie','dtruggian2k@goo.ne.jp');
INSERT INTO cliente(id_cliente,razon_social,rfc,telefono,persona_contacto,correo_contacto) VALUES (293,'Lotlux','BWKL04011949SDFMDBY1',4201509945,'Mallorie','mmcquaide2l@sitemeter.com');
INSERT INTO cliente(id_cliente,razon_social,rfc,telefono,persona_contacto,correo_contacto) VALUES (294,'Flexidy','SKXL01081923CDFQCVK2',1328796554,'Linnell','lstenner2m@ocn.ne.jp');
INSERT INTO cliente(id_cliente,razon_social,rfc,telefono,persona_contacto,correo_contacto) VALUES (295,'Konklab','KAUQ06001983JDFXWHT1',5588377626,'Horatia','hbamforth2n@cnn.com');
INSERT INTO cliente(id_cliente,razon_social,rfc,telefono,persona_contacto,correo_contacto) VALUES (296,'Fixflex','JBOA07031906EDFIHRK1',8421695937,'Marlowe','misacoff2o@wikimedia.org');
INSERT INTO cliente(id_cliente,razon_social,rfc,telefono,persona_contacto,correo_contacto) VALUES (297,'Trippledex','ZQGQ01091977JDFFQVU3',6851733254,'Bee','bgoodwell2p@elegantthemes.com');
INSERT INTO cliente(id_cliente,razon_social,rfc,telefono,persona_contacto,correo_contacto) VALUES (298,'Stringtough','UQNN03051924MDFPDIW0',9875210889,'Caitrin','ccordner2q@dailymotion.com');
INSERT INTO cliente(id_cliente,razon_social,rfc,telefono,persona_contacto,correo_contacto) VALUES (299,'Home Ing','NEGO04041900CDFWMZB0',6063603611,'Katinka','kmoon2r@auda.org.au');


INSERT INTO programa_curso(id_programa_curso,id_cliente,nombre,temario) VALUES (1,200,'Kids','Legal');
INSERT INTO programa_curso(id_programa_curso,id_cliente,nombre,temario) VALUES (2,201,'Books','Engineering');
INSERT INTO programa_curso(id_programa_curso,id_cliente,nombre,temario) VALUES (3,202,'Home','Research and Development');
INSERT INTO programa_curso(id_programa_curso,id_cliente,nombre,temario) VALUES (4,203,'Movies','Product Management');
INSERT INTO programa_curso(id_programa_curso,id_cliente,nombre,temario) VALUES (5,204,'Jewelry','Accounting');
INSERT INTO programa_curso(id_programa_curso,id_cliente,nombre,temario) VALUES (6,205,'Home','Services');
INSERT INTO programa_curso(id_programa_curso,id_cliente,nombre,temario) VALUES (7,206,'Kids','Sales');
INSERT INTO programa_curso(id_programa_curso,id_cliente,nombre,temario) VALUES (8,207,'Health','Research and Development');
INSERT INTO programa_curso(id_programa_curso,id_cliente,nombre,temario) VALUES (9,208,'Industrial','Research and Development');
INSERT INTO programa_curso(id_programa_curso,id_cliente,nombre,temario) VALUES (10,209,'Grocery','Business Development');
INSERT INTO programa_curso(id_programa_curso,id_cliente,nombre,temario) VALUES (11,210,'Kids','Accounting');
INSERT INTO programa_curso(id_programa_curso,id_cliente,nombre,temario) VALUES (12,211,'Music','Business Development');
INSERT INTO programa_curso(id_programa_curso,id_cliente,nombre,temario) VALUES (13,212,'Jewelry','Engineering');
INSERT INTO programa_curso(id_programa_curso,id_cliente,nombre,temario) VALUES (14,213,'Kids','Legal');
INSERT INTO programa_curso(id_programa_curso,id_cliente,nombre,temario) VALUES (15,214,'Health','Legal');
INSERT INTO programa_curso(id_programa_curso,id_cliente,nombre,temario) VALUES (16,215,'Movies','Services');
INSERT INTO programa_curso(id_programa_curso,id_cliente,nombre,temario) VALUES (17,216,'Computers','Engineering');
INSERT INTO programa_curso(id_programa_curso,id_cliente,nombre,temario) VALUES (18,217,'Games','Services');
INSERT INTO programa_curso(id_programa_curso,id_cliente,nombre,temario) VALUES (19,218,'Grocery','Marketing');
INSERT INTO programa_curso(id_programa_curso,id_cliente,nombre,temario) VALUES (20,219,'Automotive','Accounting');
INSERT INTO programa_curso(id_programa_curso,id_cliente,nombre,temario) VALUES (21,220,'Home','Accounting');
INSERT INTO programa_curso(id_programa_curso,id_cliente,nombre,temario) VALUES (22,221,'Beauty','Business Development');
INSERT INTO programa_curso(id_programa_curso,id_cliente,nombre,temario) VALUES (23,222,'Automotive','Product Management');
INSERT INTO programa_curso(id_programa_curso,id_cliente,nombre,temario) VALUES (24,223,'Jewelry','Sales');
INSERT INTO programa_curso(id_programa_curso,id_cliente,nombre,temario) VALUES (25,224,'Beauty','Sales');
INSERT INTO programa_curso(id_programa_curso,id_cliente,nombre,temario) VALUES (26,225,'Computers','Human Resources');
INSERT INTO programa_curso(id_programa_curso,id_cliente,nombre,temario) VALUES (27,226,'Computers','Accounting');
INSERT INTO programa_curso(id_programa_curso,id_cliente,nombre,temario) VALUES (28,227,'Games','Research and Development');
INSERT INTO programa_curso(id_programa_curso,id_cliente,nombre,temario) VALUES (29,228,'Games','Research and Development');
INSERT INTO programa_curso(id_programa_curso,id_cliente,nombre,temario) VALUES (30,229,'Computers','Marketing');
INSERT INTO programa_curso(id_programa_curso,id_cliente,nombre,temario) VALUES (31,230,'Music','Product Management');
INSERT INTO programa_curso(id_programa_curso,id_cliente,nombre,temario) VALUES (32,231,'Home','Services');
INSERT INTO programa_curso(id_programa_curso,id_cliente,nombre,temario) VALUES (33,232,'Clothing','Research and Development');
INSERT INTO programa_curso(id_programa_curso,id_cliente,nombre,temario) VALUES (34,233,'Health','Services');
INSERT INTO programa_curso(id_programa_curso,id_cliente,nombre,temario) VALUES (35,234,'Toys','Support');
INSERT INTO programa_curso(id_programa_curso,id_cliente,nombre,temario) VALUES (36,235,'Kids','Support');
INSERT INTO programa_curso(id_programa_curso,id_cliente,nombre,temario) VALUES (37,236,'Beauty','Business Development');
INSERT INTO programa_curso(id_programa_curso,id_cliente,nombre,temario) VALUES (38,237,'Music','Training');
INSERT INTO programa_curso(id_programa_curso,id_cliente,nombre,temario) VALUES (39,238,'Toys','Research and Development');
INSERT INTO programa_curso(id_programa_curso,id_cliente,nombre,temario) VALUES (40,239,'Shoes','Sales');


INSERT INTO curso(id_curso,id_programa_curso,id_cliente,modalidad) VALUES (1,1,200,'online');
INSERT INTO curso(id_curso,id_programa_curso,id_cliente,modalidad) VALUES (2,2,201,'presencial');
INSERT INTO curso(id_curso,id_programa_curso,id_cliente,modalidad) VALUES (3,3,202,'online');
INSERT INTO curso(id_curso,id_programa_curso,id_cliente,modalidad) VALUES (4,4,203,'online');
INSERT INTO curso(id_curso,id_programa_curso,id_cliente,modalidad) VALUES (5,5,204,'presencial');
INSERT INTO curso(id_curso,id_programa_curso,id_cliente,modalidad) VALUES (6,6,205,'online');
INSERT INTO curso(id_curso,id_programa_curso,id_cliente,modalidad) VALUES (7,7,206,'online');
INSERT INTO curso(id_curso,id_programa_curso,id_cliente,modalidad) VALUES (8,8,207,'presencial');
INSERT INTO curso(id_curso,id_programa_curso,id_cliente,modalidad) VALUES (9,9,208,'online');
INSERT INTO curso(id_curso,id_programa_curso,id_cliente,modalidad) VALUES (10,10,209,'presencial');
INSERT INTO curso(id_curso,id_programa_curso,id_cliente,modalidad) VALUES (11,11,210,'online');
INSERT INTO curso(id_curso,id_programa_curso,id_cliente,modalidad) VALUES (12,12,211,'presencial');
INSERT INTO curso(id_curso,id_programa_curso,id_cliente,modalidad) VALUES (13,13,212,'presencial');
INSERT INTO curso(id_curso,id_programa_curso,id_cliente,modalidad) VALUES (14,14,213,'online');
INSERT INTO curso(id_curso,id_programa_curso,id_cliente,modalidad) VALUES (15,15,214,'online');
INSERT INTO curso(id_curso,id_programa_curso,id_cliente,modalidad) VALUES (16,16,215,'presencial');
INSERT INTO curso(id_curso,id_programa_curso,id_cliente,modalidad) VALUES (17,17,216,'online');
INSERT INTO curso(id_curso,id_programa_curso,id_cliente,modalidad) VALUES (18,18,217,'presencial');
INSERT INTO curso(id_curso,id_programa_curso,id_cliente,modalidad) VALUES (19,19,218,'online');
INSERT INTO curso(id_curso,id_programa_curso,id_cliente,modalidad) VALUES (20,20,219,'presencial');
INSERT INTO curso(id_curso,id_programa_curso,id_cliente,modalidad) VALUES (21,21,220,'online');
INSERT INTO curso(id_curso,id_programa_curso,id_cliente,modalidad) VALUES (22,22,221,'online');
INSERT INTO curso(id_curso,id_programa_curso,id_cliente,modalidad) VALUES (23,23,222,'presencial');
INSERT INTO curso(id_curso,id_programa_curso,id_cliente,modalidad) VALUES (24,24,223,'online');
INSERT INTO curso(id_curso,id_programa_curso,id_cliente,modalidad) VALUES (25,25,224,'online');
INSERT INTO curso(id_curso,id_programa_curso,id_cliente,modalidad) VALUES (26,26,225,'online');
INSERT INTO curso(id_curso,id_programa_curso,id_cliente,modalidad) VALUES (27,27,226,'online');
INSERT INTO curso(id_curso,id_programa_curso,id_cliente,modalidad) VALUES (28,28,227,'presencial');
INSERT INTO curso(id_curso,id_programa_curso,id_cliente,modalidad) VALUES (29,29,228,'online');
INSERT INTO curso(id_curso,id_programa_curso,id_cliente,modalidad) VALUES (30,30,229,'online');
INSERT INTO curso(id_curso,id_programa_curso,id_cliente,modalidad) VALUES (31,31,230,'online');
INSERT INTO curso(id_curso,id_programa_curso,id_cliente,modalidad) VALUES (32,32,231,'presencial');
INSERT INTO curso(id_curso,id_programa_curso,id_cliente,modalidad) VALUES (33,33,232,'online');
INSERT INTO curso(id_curso,id_programa_curso,id_cliente,modalidad) VALUES (34,34,233,'online');
INSERT INTO curso(id_curso,id_programa_curso,id_cliente,modalidad) VALUES (35,35,234,'online');
INSERT INTO curso(id_curso,id_programa_curso,id_cliente,modalidad) VALUES (36,36,235,'presencial');
INSERT INTO curso(id_curso,id_programa_curso,id_cliente,modalidad) VALUES (37,37,236,'online');
INSERT INTO curso(id_curso,id_programa_curso,id_cliente,modalidad) VALUES (38,38,237,'online');
INSERT INTO curso(id_curso,id_programa_curso,id_cliente,modalidad) VALUES (39,39,238,'presencial');
INSERT INTO curso(id_curso,id_programa_curso,id_cliente,modalidad) VALUES (40,40,239,'online');

INSERT INTO agente(id_empleado,id_curso,id_programa_curso,id_cliente,id_edificio,num_piso,nombre,apellido_paterno,apellido_materno,calle,cp,num_exterior,fecha_nacimiento,curp,correo_electronico,telefono,fotografia_archivo,pasar_piso) VALUES (1,1,1,200,1,1,'Pail','Dallywater','MacMeeking','Buhler',10,963,'1970-07-15','XHYM07021928ADFMYTT9','pmacmeeking0@livejournal.com',3015881146,'1912994777.jpg','true');
INSERT INTO agente(id_empleado,id_curso,id_programa_curso,id_cliente,id_edificio,num_piso,nombre,apellido_paterno,apellido_materno,calle,cp,num_exterior,fecha_nacimiento,curp,correo_electronico,telefono,fotografia_archivo,pasar_piso) VALUES (2,2,2,201,2,1,'Bernita','Hayball','Tamblingson','Macpherson',5,5,'1968-02-10','KGHR00041974FDFOBFG3','btamblingson1@blog.com',6204343595,'2632732964.jpg','false');
INSERT INTO agente(id_empleado,id_curso,id_programa_curso,id_cliente,id_edificio,num_piso,nombre,apellido_paterno,apellido_materno,calle,cp,num_exterior,fecha_nacimiento,curp,correo_electronico,telefono,fotografia_archivo,pasar_piso) VALUES (3,3,3,202,3,1,'Urbano','Spurier','Riddoch','Becker',33202,458,'1943-04-12','ZFQO01081948DDFIXVY9','uriddoch2@seattletimes.com',4823658359,'7746610709.jpg','true');
INSERT INTO agente(id_empleado,id_curso,id_programa_curso,id_cliente,id_edificio,num_piso,nombre,apellido_paterno,apellido_materno,calle,cp,num_exterior,fecha_nacimiento,curp,correo_electronico,telefono,fotografia_archivo,pasar_piso) VALUES (4,4,4,203,4,1,'Hyacinthie','Dashwood','Routledge','Sunnyside',4,9,'1992-06-01','NSFQ02041952EDFMDNG3','hroutledge3@hc360.com',3265142957,'4542400509.jpg','true');
INSERT INTO agente(id_empleado,id_curso,id_programa_curso,id_cliente,id_edificio,num_piso,nombre,apellido_paterno,apellido_materno,calle,cp,num_exterior,fecha_nacimiento,curp,correo_electronico,telefono,fotografia_archivo,pasar_piso) VALUES (5,5,5,204,5,1,'Birgitta','Winchcum','Andrys','Jenna',3281,94602,'1985-03-18','NYHP04041965NDFYUBX7','bandrys4@netlog.com',9761609426,'7987947958.jpg','false');
INSERT INTO agente(id_empleado,id_curso,id_programa_curso,id_cliente,id_edificio,num_piso,nombre,apellido_paterno,apellido_materno,calle,cp,num_exterior,fecha_nacimiento,curp,correo_electronico,telefono,fotografia_archivo,pasar_piso) VALUES (6,6,6,205,1,2,'Calhoun','Perrott','Alwen','Kensington',5,697,'1963-10-31','OTKF08051992WDFNJQP4','calwen5@macromedia.com',4876715032,'4051097321.jpg','true');
INSERT INTO agente(id_empleado,id_curso,id_programa_curso,id_cliente,id_edificio,num_piso,nombre,apellido_paterno,apellido_materno,calle,cp,num_exterior,fecha_nacimiento,curp,correo_electronico,telefono,fotografia_archivo,pasar_piso) VALUES (7,7,7,206,2,2,'Priscella','Lyford','Blincowe','Fuller',8456,700,'1973-07-21','WGOO02031958VDFJKJE8','pblincowe6@fda.gov',3244348068,'0213070329.jpg','false');
INSERT INTO agente(id_empleado,id_curso,id_programa_curso,id_cliente,id_edificio,num_piso,nombre,apellido_paterno,apellido_materno,calle,cp,num_exterior,fecha_nacimiento,curp,correo_electronico,telefono,fotografia_archivo,pasar_piso) VALUES (8,8,8,207,3,2,'Farrel','Domengue','Kamien','Texas',045,3831,'1978-03-03','PABS04041925KDFLVQH7','fkamien7@istockphoto.com',3835134010,'3957079860.jpg','false');
INSERT INTO agente(id_empleado,id_curso,id_programa_curso,id_cliente,id_edificio,num_piso,nombre,apellido_paterno,apellido_materno,calle,cp,num_exterior,fecha_nacimiento,curp,correo_electronico,telefono,fotografia_archivo,pasar_piso) VALUES (9,9,9,208,4,2,'Marchelle','Hazlegrove','Blancowe','5th',27669,7,'1959-12-04','QCRW09051952KDFGDCX2','mblancowe8@abc.net.au',3547713967,'5101874734.jpg','false');
INSERT INTO agente(id_empleado,id_curso,id_programa_curso,id_cliente,id_edificio,num_piso,nombre,apellido_paterno,apellido_materno,calle,cp,num_exterior,fecha_nacimiento,curp,correo_electronico,telefono,fotografia_archivo,pasar_piso) VALUES (10,10,10,209,5,2,'Nap','Easterbrook','Barwick','Mayer',0461,40199,'1966-04-27','QHHK00051930FDFRJGX0','nbarwick9@networkadvertising.org',6485805399,'3061518143.jpg','false');
INSERT INTO agente(id_empleado,id_curso,id_programa_curso,id_cliente,id_edificio,num_piso,nombre,apellido_paterno,apellido_materno,calle,cp,num_exterior,fecha_nacimiento,curp,correo_electronico,telefono,fotografia_archivo,pasar_piso) VALUES (11,11,11,210,1,3,'Jean','Huscroft','Claiton','Northview',0887,4213,'1987-07-08','MTBJ03051985CDFUMLO6','jclaitona@timesonline.co.uk',2287656284,'8076496978.jpg','true');
INSERT INTO agente(id_empleado,id_curso,id_programa_curso,id_cliente,id_edificio,num_piso,nombre,apellido_paterno,apellido_materno,calle,cp,num_exterior,fecha_nacimiento,curp,correo_electronico,telefono,fotografia_archivo,pasar_piso) VALUES (12,12,12,211,2,3,'Merrie','Nazareth','Heinemann','High Crossing',4946,09,'2002-10-10','IIIY06041997SDFOYOA3','mheinemannb@google.it',6542862043,'4161485374.jpg','true');
INSERT INTO agente(id_empleado,id_curso,id_programa_curso,id_cliente,id_edificio,num_piso,nombre,apellido_paterno,apellido_materno,calle,cp,num_exterior,fecha_nacimiento,curp,correo_electronico,telefono,fotografia_archivo,pasar_piso) VALUES (13,13,13,212,3,3,'Margret','Dewi','Bergeon','Village',4969,83180,'1983-11-12','SCXY00071901PDFEBPK7','mbergeonc@homestead.com',3144161200,'0005561583.jpg','false');
INSERT INTO agente(id_empleado,id_curso,id_programa_curso,id_cliente,id_edificio,num_piso,nombre,apellido_paterno,apellido_materno,calle,cp,num_exterior,fecha_nacimiento,curp,correo_electronico,telefono,fotografia_archivo,pasar_piso) VALUES (14,14,14,213,4,3,'Christoph','Pervew','Skacel','Kipling',57,924,'1949-08-22','ZLTN08021930MDFAJLC7','cskaceld@dailymotion.com',4963241266,'3763735262.jpg','false');
INSERT INTO agente(id_empleado,id_curso,id_programa_curso,id_cliente,id_edificio,num_piso,nombre,apellido_paterno,apellido_materno,calle,cp,num_exterior,fecha_nacimiento,curp,correo_electronico,telefono,fotografia_archivo,pasar_piso) VALUES (15,15,15,214,5,3,'Jilly','Tummond','Esome','Grasskamp',28316,94873,'1977-04-10','QLNP08031907YDFPPEV2','jesomee@reference.com',2999810157,'9659146608.jpg','true');
INSERT INTO agente(id_empleado,id_curso,id_programa_curso,id_cliente,id_edificio,num_piso,nombre,apellido_paterno,apellido_materno,calle,cp,num_exterior,fecha_nacimiento,curp,correo_electronico,telefono,fotografia_archivo,pasar_piso) VALUES (16,16,16,215,1,4,'Debby','Rydeard','Studeart','Moose',45,614,'1965-01-22','YTPN09021980UDFGGOW3','dstudeartf@edublogs.org',5811899929,'0908620213.jpg','false');
INSERT INTO agente(id_empleado,id_curso,id_programa_curso,id_cliente,id_edificio,num_piso,nombre,apellido_paterno,apellido_materno,calle,cp,num_exterior,fecha_nacimiento,curp,correo_electronico,telefono,fotografia_archivo,pasar_piso) VALUES (17,17,17,216,2,4,'Alphonso','Lainton','Monro','Lighthouse Bay',1943,163,'1965-03-14','KGYD07011971EDFNTIY0','amonrog@vkontakte.ru',3436208599,'8337441529.jpg','true');
INSERT INTO agente(id_empleado,id_curso,id_programa_curso,id_cliente,id_edificio,num_piso,nombre,apellido_paterno,apellido_materno,calle,cp,num_exterior,fecha_nacimiento,curp,correo_electronico,telefono,fotografia_archivo,pasar_piso) VALUES (18,18,18,217,3,4,'Jeremiah','Spir','Gilroy','Anthes',8234,53,'2001-06-17','CBIL07081997TDFZQOE1','jgilroyh@odnoklassniki.ru',5516008449,'0672256916.jpg','false');
INSERT INTO agente(id_empleado,id_curso,id_programa_curso,id_cliente,id_edificio,num_piso,nombre,apellido_paterno,apellido_materno,calle,cp,num_exterior,fecha_nacimiento,curp,correo_electronico,telefono,fotografia_archivo,pasar_piso) VALUES (19,19,19,218,4,4,'Chevy','Langcaster','Laborda','Corben',277,6537,'1980-03-31','IHOU01081922GDFTOOO6','clabordai@microsoft.com',2555652993,'3635234041.jpg','true');
INSERT INTO agente(id_empleado,id_curso,id_programa_curso,id_cliente,id_edificio,num_piso,nombre,apellido_paterno,apellido_materno,calle,cp,num_exterior,fecha_nacimiento,curp,correo_electronico,telefono,fotografia_archivo,pasar_piso) VALUES (20,20,20,219,5,4,'Arv','McNeilley','Attenbarrow','Texas',97328,13,'1943-05-26','RFRZ04021966FDFXDNR6','aattenbarrowj@dion.ne.jp',7654959473,'7770283325.jpg','true');
INSERT INTO agente(id_empleado,id_curso,id_programa_curso,id_cliente,id_edificio,num_piso,nombre,apellido_paterno,apellido_materno,calle,cp,num_exterior,fecha_nacimiento,curp,correo_electronico,telefono,fotografia_archivo,pasar_piso) VALUES (21,21,21,220,1,5,'Giuseppe','Paskerful','Fernando','Bonner',7682,42145,'1952-11-20','QIHY03011987DDFJJAM8','gfernandok@ibm.com',3421839171,'3649798023.jpg','true');
INSERT INTO agente(id_empleado,id_curso,id_programa_curso,id_cliente,id_edificio,num_piso,nombre,apellido_paterno,apellido_materno,calle,cp,num_exterior,fecha_nacimiento,curp,correo_electronico,telefono,fotografia_archivo,pasar_piso) VALUES (22,22,22,221,2,5,'Dorothy','Meale','Camp','New Castle',183,219,'1967-06-20','EUVL07001950GDFXXNK2','dcampl@kickstarter.com',7564570551,'0260441913.jpg','true');
INSERT INTO agente(id_empleado,id_curso,id_programa_curso,id_cliente,id_edificio,num_piso,nombre,apellido_paterno,apellido_materno,calle,cp,num_exterior,fecha_nacimiento,curp,correo_electronico,telefono,fotografia_archivo,pasar_piso) VALUES (23,23,23,222,3,5,'Franky','Ruskin','Ollis','1st',2851,57,'1956-11-23','HAIA01061945BDFGOLF9','follism@tripadvisor.com',4123457638,'4410002505.jpg','true');
INSERT INTO agente(id_empleado,id_curso,id_programa_curso,id_cliente,id_edificio,num_piso,nombre,apellido_paterno,apellido_materno,calle,cp,num_exterior,fecha_nacimiento,curp,correo_electronico,telefono,fotografia_archivo,pasar_piso) VALUES (24,24,24,223,4,5,'Eveleen','Concannon','Ashall','Basil',3,54902,'1952-03-18','DPFU01011949LDFLZBK3','eashalln@mozilla.com',6206563958,'2677345047.jpg','false');
INSERT INTO agente(id_empleado,id_curso,id_programa_curso,id_cliente,id_edificio,num_piso,nombre,apellido_paterno,apellido_materno,calle,cp,num_exterior,fecha_nacimiento,curp,correo_electronico,telefono,fotografia_archivo,pasar_piso) VALUES (25,25,25,224,5,5,'Rozalie','Ivchenko','Ranstead','Montana',446,5305,'1960-12-30','IFOL08011969QDFTBPC0','rransteado@e-recht24.de',4798375354,'1810929228.jpg','false');


INSERT INTO entrenador(id_empleado,num_piso,id_edificio,nombre,apellido_paterno,apellido_materno,calle,cp,num_exterior,fecha_nacimiento,curp,correo_electronico,telefono,fotografia_archivo,fecha_ingresado,numero_seguridad_social) VALUES (26,1,1,'Tomasine','Folks','Chaulk','Lawn',79962,67,'1944-01-30','ACZB05001949CDFCVFL3','tchaulk0@webeden.co.uk',4619756218,'3395398758.jpg','2022-02-18',20);
INSERT INTO entrenador(id_empleado,num_piso,id_edificio,nombre,apellido_paterno,apellido_materno,calle,cp,num_exterior,fecha_nacimiento,curp,correo_electronico,telefono,fotografia_archivo,fecha_ingresado,numero_seguridad_social) VALUES (27,1,2,'Minnnie','Stangroom','Ferraron','Colorado',43,36,'1984-08-09','MSHK00091973QDFSHQH5','mferraron1@furl.net',9882104720,'5667201375.jpg','2022-10-29',80998);
INSERT INTO entrenador(id_empleado,num_piso,id_edificio,nombre,apellido_paterno,apellido_materno,calle,cp,num_exterior,fecha_nacimiento,curp,correo_electronico,telefono,fotografia_archivo,fecha_ingresado,numero_seguridad_social) VALUES (28,1,3,'Caprice','Battelle','Stollenberg','Redwing',31,45166,'1957-09-29','MUDY08081967VDFTYZU2','cstollenberg2@flickr.com',6003182600,'6197462260.jpg','2022-04-28',9822);
INSERT INTO entrenador(id_empleado,num_piso,id_edificio,nombre,apellido_paterno,apellido_materno,calle,cp,num_exterior,fecha_nacimiento,curp,correo_electronico,telefono,fotografia_archivo,fecha_ingresado,numero_seguridad_social) VALUES (29,1,4,'Susannah','Cornfoot','Yarn','Sutteridge',852,71261,'1981-09-11','GXID02011990NDFTTZQ5','syarn3@cbslocal.com',6678270193,'7563476326.jpg','2022-08-25',63);
INSERT INTO entrenador(id_empleado,num_piso,id_edificio,nombre,apellido_paterno,apellido_materno,calle,cp,num_exterior,fecha_nacimiento,curp,correo_electronico,telefono,fotografia_archivo,fecha_ingresado,numero_seguridad_social) VALUES (30,1,5,'Katerina','Glandon','Lowmass','Fieldstone',506,7284,'1965-02-12','NVRS06051950PDFDHVP1','klowmass4@indiatimes.com',8801171041,'4390819152.jpg','2022-03-11',0);
INSERT INTO entrenador(id_empleado,num_piso,id_edificio,nombre,apellido_paterno,apellido_materno,calle,cp,num_exterior,fecha_nacimiento,curp,correo_electronico,telefono,fotografia_archivo,fecha_ingresado,numero_seguridad_social) VALUES (31,2,1,'Boone','Grzeszczak','Charke','Morning',98995,7174,'2000-02-07','CVVK06091982ZDFBRVV6','bcharke5@google.nl',5864024239,'5638634231.jpg','2022-05-03',3690);
INSERT INTO entrenador(id_empleado,num_piso,id_edificio,nombre,apellido_paterno,apellido_materno,calle,cp,num_exterior,fecha_nacimiento,curp,correo_electronico,telefono,fotografia_archivo,fecha_ingresado,numero_seguridad_social) VALUES (32,2,2,'Aguistin','Westley','Besset','Armistice',38534,20209,'1946-04-13','HASV03071919LDFSTNN9','abesset6@fc2.com',4473482846,'9099136007.jpg','2022-05-11',862);
INSERT INTO entrenador(id_empleado,num_piso,id_edificio,nombre,apellido_paterno,apellido_materno,calle,cp,num_exterior,fecha_nacimiento,curp,correo_electronico,telefono,fotografia_archivo,fecha_ingresado,numero_seguridad_social) VALUES (33,2,3,'Andrei','Le Jean','Franies','Shelley',7142,3,'1942-10-22','TIPM06051963JDFVWXF4','afranies7@blogtalkradio.com',5505866783,'3294501827.jpg','2022-04-20',9);
INSERT INTO entrenador(id_empleado,num_piso,id_edificio,nombre,apellido_paterno,apellido_materno,calle,cp,num_exterior,fecha_nacimiento,curp,correo_electronico,telefono,fotografia_archivo,fecha_ingresado,numero_seguridad_social) VALUES (34,2,4,'Woodman','Carnew','Bengall','Lake View',9611,580,'1944-01-23','RYRG07051966NDFNZOZ3','wbengall8@bizjournals.com',9671424822,'4980712387.jpg','2022-05-28',8336);
INSERT INTO entrenador(id_empleado,num_piso,id_edificio,nombre,apellido_paterno,apellido_materno,calle,cp,num_exterior,fecha_nacimiento,curp,correo_electronico,telefono,fotografia_archivo,fecha_ingresado,numero_seguridad_social) VALUES (35,2,5,'Mile','Loiterton','Greydon','Lake View',3305,98,'1956-03-15','RPKS07001934ADFXTNL5','mgreydon9@narod.ru',9322437384,'9503159279.jpg','2022-01-13',171);
INSERT INTO entrenador(id_empleado,num_piso,id_edificio,nombre,apellido_paterno,apellido_materno,calle,cp,num_exterior,fecha_nacimiento,curp,correo_electronico,telefono,fotografia_archivo,fecha_ingresado,numero_seguridad_social) VALUES (36,3,1,'Nady','Swindin','Haggath','Porter',51,22031,'1952-01-02','BQLN04011961SDFSBUE5','nhaggatha@about.me',5618445598,'4906556863.jpg','2021-12-06',24);
INSERT INTO entrenador(id_empleado,num_piso,id_edificio,nombre,apellido_paterno,apellido_materno,calle,cp,num_exterior,fecha_nacimiento,curp,correo_electronico,telefono,fotografia_archivo,fecha_ingresado,numero_seguridad_social) VALUES (37,3,2,'Willard','Ismail','Drury','Welch',48,78,'1998-06-21','TWGC01011978YDFOCDF3','wdruryb@fc2.com',9622889632,'0851835502.jpg','2021-12-08',98);
INSERT INTO entrenador(id_empleado,num_piso,id_edificio,nombre,apellido_paterno,apellido_materno,calle,cp,num_exterior,fecha_nacimiento,curp,correo_electronico,telefono,fotografia_archivo,fecha_ingresado,numero_seguridad_social) VALUES (38,3,3,'Mella','Churms','Demead','Prentice',3107,932,'1955-02-05','LYYG03031962FDFGASK0','mdemeadc@edublogs.org',1113214906,'3684109176.jpg','2022-04-08',09117);
INSERT INTO entrenador(id_empleado,num_piso,id_edificio,nombre,apellido_paterno,apellido_materno,calle,cp,num_exterior,fecha_nacimiento,curp,correo_electronico,telefono,fotografia_archivo,fecha_ingresado,numero_seguridad_social) VALUES (39,3,4,'Ignatius','Lunam','Weatherell','Colorado',8644,69,'1993-06-06','ITEN04021962ODFVLMF1','iweatherelld@elegantthemes.com',3418962606,'7426250002.jpg','2022-08-26',946);
INSERT INTO entrenador(id_empleado,num_piso,id_edificio,nombre,apellido_paterno,apellido_materno,calle,cp,num_exterior,fecha_nacimiento,curp,correo_electronico,telefono,fotografia_archivo,fecha_ingresado,numero_seguridad_social) VALUES (40,3,5,'Consuelo','Duckerin','Leban','Esch',75118,241,'1979-01-08','QWVM01061967XDFIXGS1','clebane@cocolog-nifty.com',9999472695,'0544522760.jpg','2022-01-26',9);
INSERT INTO entrenador(id_empleado,num_piso,id_edificio,nombre,apellido_paterno,apellido_materno,calle,cp,num_exterior,fecha_nacimiento,curp,correo_electronico,telefono,fotografia_archivo,fecha_ingresado,numero_seguridad_social) VALUES (41,4,1,'Iver','Andrelli','Strode','Scofield',0150,108,'1983-08-28','HKYH04061973EDFKZMW6','istrodef@columbia.edu',2708795761,'1406445345.jpg','2022-03-27',02);
INSERT INTO entrenador(id_empleado,num_piso,id_edificio,nombre,apellido_paterno,apellido_materno,calle,cp,num_exterior,fecha_nacimiento,curp,correo_electronico,telefono,fotografia_archivo,fecha_ingresado,numero_seguridad_social) VALUES (42,4,2,'Izak','Pelchat','Capron','Superior',7,054,'1961-03-13','NQWQ09031954BDFOFMZ9','icaprong@cam.ac.uk',6391767870,'8303635471.jpg','2022-06-08',64);
INSERT INTO entrenador(id_empleado,num_piso,id_edificio,nombre,apellido_paterno,apellido_materno,calle,cp,num_exterior,fecha_nacimiento,curp,correo_electronico,telefono,fotografia_archivo,fecha_ingresado,numero_seguridad_social) VALUES (43,4,3,'Marthena','Willoughby','Ausiello','Messerschmidt',5,6,'1972-07-04','LROP08021944EDFURMF0','mausielloh@t-online.de',7236316079,'4190443387.jpg','2022-05-01',09780);
INSERT INTO entrenador(id_empleado,num_piso,id_edificio,nombre,apellido_paterno,apellido_materno,calle,cp,num_exterior,fecha_nacimiento,curp,correo_electronico,telefono,fotografia_archivo,fecha_ingresado,numero_seguridad_social) VALUES (44,4,4,'Eloise','Bilsborrow','Dunseith','Dovetail',4229,670,'1957-04-30','OYRQ02051981XDFBNUF5','edunseithi@fema.gov',8864222296,'1216047502.jpg','2022-05-23',94);
INSERT INTO entrenador(id_empleado,num_piso,id_edificio,nombre,apellido_paterno,apellido_materno,calle,cp,num_exterior,fecha_nacimiento,curp,correo_electronico,telefono,fotografia_archivo,fecha_ingresado,numero_seguridad_social) VALUES (45,4,5,'Ax','Fockes','Theodore','Fulton',0,2304,'1962-11-01','LDKZ08031956CDFPPVT6','atheodorej@hp.com',4616774606,'0370661253.jpg','2022-11-15',4);
INSERT INTO entrenador(id_empleado,num_piso,id_edificio,nombre,apellido_paterno,apellido_materno,calle,cp,num_exterior,fecha_nacimiento,curp,correo_electronico,telefono,fotografia_archivo,fecha_ingresado,numero_seguridad_social) VALUES (46,5,1,'Erasmus','Henrie','Franzonello','Division',67,9,'1974-07-09','OYGF09021933UDFGSCK1','efranzonellok@mediafire.com',7497888741,'0002936111.jpg','2022-05-14',549);
INSERT INTO entrenador(id_empleado,num_piso,id_edificio,nombre,apellido_paterno,apellido_materno,calle,cp,num_exterior,fecha_nacimiento,curp,correo_electronico,telefono,fotografia_archivo,fecha_ingresado,numero_seguridad_social) VALUES (47,5,2,'Minne','Tomblett','O''Leagham','Red Cloud',167,4456,'1964-11-22','CCBI07011947KDFDFVO6','moleaghaml@yandex.ru',6862502608,'6738205991.jpg','2022-04-30',7288);
INSERT INTO entrenador(id_empleado,num_piso,id_edificio,nombre,apellido_paterno,apellido_materno,calle,cp,num_exterior,fecha_nacimiento,curp,correo_electronico,telefono,fotografia_archivo,fecha_ingresado,numero_seguridad_social) VALUES (48,5,3,'Hunter','Maypowder','Roistone','Schlimgen',6217,44379,'1962-01-23','DFCJ06071937EDFGEFP7','hroistonem@prlog.org',7186255116,'6651993217.jpg','2022-04-17',78774);
INSERT INTO entrenador(id_empleado,num_piso,id_edificio,nombre,apellido_paterno,apellido_materno,calle,cp,num_exterior,fecha_nacimiento,curp,correo_electronico,telefono,fotografia_archivo,fecha_ingresado,numero_seguridad_social) VALUES (49,5,4,'Leopold','Arnason','Hawgood','Park Meadow',67224,1371,'1952-05-16','DRPM03061942KDFIHZF4','lhawgoodn@amazon.com',5821120840,'0758120110.jpg','2022-08-18',91);
INSERT INTO entrenador(id_empleado,num_piso,id_edificio,nombre,apellido_paterno,apellido_materno,calle,cp,num_exterior,fecha_nacimiento,curp,correo_electronico,telefono,fotografia_archivo,fecha_ingresado,numero_seguridad_social) VALUES (50,5,5,'Karissa','Bartol','Dyter','Lien',09869,928,'1987-03-23','EYON01011972UDFISRA4','kdytero@vkontakte.ru',6109106371,'0982398766.jpg','2022-04-24',6);


INSERT INTO faltar(id_empleado,id_curso,id_programa_curso,id_cliente,fecha) VALUES (1,1,1,200,'2022-03-24');
INSERT INTO faltar(id_empleado,id_curso,id_programa_curso,id_cliente,fecha) VALUES (2,2,2,201,'2021-12-11');
INSERT INTO faltar(id_empleado,id_curso,id_programa_curso,id_cliente,fecha) VALUES (3,3,3,202,'2022-07-16');
INSERT INTO faltar(id_empleado,id_curso,id_programa_curso,id_cliente,fecha) VALUES (4,4,4,203,'2022-09-21');
INSERT INTO faltar(id_empleado,id_curso,id_programa_curso,id_cliente,fecha) VALUES (5,5,5,204,'2022-03-17');
INSERT INTO faltar(id_empleado,id_curso,id_programa_curso,id_cliente,fecha) VALUES (6,6,6,205,'2022-02-08');
INSERT INTO faltar(id_empleado,id_curso,id_programa_curso,id_cliente,fecha) VALUES (7,7,7,206,'2022-11-11');
INSERT INTO faltar(id_empleado,id_curso,id_programa_curso,id_cliente,fecha) VALUES (8,8,8,207,'2022-09-12');
INSERT INTO faltar(id_empleado,id_curso,id_programa_curso,id_cliente,fecha) VALUES (9,9,9,208,'2022-09-22');
INSERT INTO faltar(id_empleado,id_curso,id_programa_curso,id_cliente,fecha) VALUES (10,10,10,209,'2022-06-10');
INSERT INTO faltar(id_empleado,id_curso,id_programa_curso,id_cliente,fecha) VALUES (11,11,11,210,'2022-05-24');
INSERT INTO faltar(id_empleado,id_curso,id_programa_curso,id_cliente,fecha) VALUES (12,12,12,211,'2022-07-22');
INSERT INTO faltar(id_empleado,id_curso,id_programa_curso,id_cliente,fecha) VALUES (13,13,13,212,'2022-08-05');
INSERT INTO faltar(id_empleado,id_curso,id_programa_curso,id_cliente,fecha) VALUES (14,14,14,213,'2022-07-09');
INSERT INTO faltar(id_empleado,id_curso,id_programa_curso,id_cliente,fecha) VALUES (15,15,15,214,'2022-10-09');
INSERT INTO faltar(id_empleado,id_curso,id_programa_curso,id_cliente,fecha) VALUES (16,16,16,215,'2021-12-13');
INSERT INTO faltar(id_empleado,id_curso,id_programa_curso,id_cliente,fecha) VALUES (17,17,17,216,'2022-05-18');
INSERT INTO faltar(id_empleado,id_curso,id_programa_curso,id_cliente,fecha) VALUES (18,18,18,217,'2022-04-25');
INSERT INTO faltar(id_empleado,id_curso,id_programa_curso,id_cliente,fecha) VALUES (19,19,19,218,'2022-09-03');
INSERT INTO faltar(id_empleado,id_curso,id_programa_curso,id_cliente,fecha) VALUES (20,20,20,219,'2022-06-01');
INSERT INTO faltar(id_empleado,id_curso,id_programa_curso,id_cliente,fecha) VALUES (21,21,21,220,'2021-12-15');
INSERT INTO faltar(id_empleado,id_curso,id_programa_curso,id_cliente,fecha) VALUES (22,22,22,221,'2022-04-18');
INSERT INTO faltar(id_empleado,id_curso,id_programa_curso,id_cliente,fecha) VALUES (23,23,23,222,'2022-08-09');
INSERT INTO faltar(id_empleado,id_curso,id_programa_curso,id_cliente,fecha) VALUES (24,24,24,223,'2022-12-02');
INSERT INTO faltar(id_empleado,id_curso,id_programa_curso,id_cliente,fecha) VALUES (25,25,25,224,'2022-05-01');
INSERT INTO faltar(id_empleado,id_curso,id_programa_curso,id_cliente,fecha) VALUES (1,26,26,225,'2022-07-10');
INSERT INTO faltar(id_empleado,id_curso,id_programa_curso,id_cliente,fecha) VALUES (2,27,27,226,'2022-08-11');
INSERT INTO faltar(id_empleado,id_curso,id_programa_curso,id_cliente,fecha) VALUES (3,28,28,227,'2021-12-14');
INSERT INTO faltar(id_empleado,id_curso,id_programa_curso,id_cliente,fecha) VALUES (4,29,29,228,'2022-10-21');
INSERT INTO faltar(id_empleado,id_curso,id_programa_curso,id_cliente,fecha) VALUES (5,30,30,229,'2022-08-21');
INSERT INTO faltar(id_empleado,id_curso,id_programa_curso,id_cliente,fecha) VALUES (6,31,31,230,'2022-10-04');
INSERT INTO faltar(id_empleado,id_curso,id_programa_curso,id_cliente,fecha) VALUES (7,32,32,231,'2022-06-10');
INSERT INTO faltar(id_empleado,id_curso,id_programa_curso,id_cliente,fecha) VALUES (8,33,33,232,'2022-11-30');
INSERT INTO faltar(id_empleado,id_curso,id_programa_curso,id_cliente,fecha) VALUES (9,34,34,233,'2022-08-16');
INSERT INTO faltar(id_empleado,id_curso,id_programa_curso,id_cliente,fecha) VALUES (10,35,35,234,'2022-02-20');
INSERT INTO faltar(id_empleado,id_curso,id_programa_curso,id_cliente,fecha) VALUES (11,36,36,235,'2022-01-24');
INSERT INTO faltar(id_empleado,id_curso,id_programa_curso,id_cliente,fecha) VALUES (12,37,37,236,'2022-06-12');
INSERT INTO faltar(id_empleado,id_curso,id_programa_curso,id_cliente,fecha) VALUES (13,38,38,237,'2022-02-13');
INSERT INTO faltar(id_empleado,id_curso,id_programa_curso,id_cliente,fecha) VALUES (14,39,39,238,'2022-03-23');
INSERT INTO faltar(id_empleado,id_curso,id_programa_curso,id_cliente,fecha) VALUES (15,40,40,239,'2021-12-20');


INSERT INTO evaluar(id_empleado,id_curso,id_programa_curso,id_cliente,calificacion) VALUES (1,1,1,200,9);
INSERT INTO evaluar(id_empleado,id_curso,id_programa_curso,id_cliente,calificacion) VALUES (2,2,2,201,8);
INSERT INTO evaluar(id_empleado,id_curso,id_programa_curso,id_cliente,calificacion) VALUES (3,3,3,202,10);
INSERT INTO evaluar(id_empleado,id_curso,id_programa_curso,id_cliente,calificacion) VALUES (4,4,4,203,10);
INSERT INTO evaluar(id_empleado,id_curso,id_programa_curso,id_cliente,calificacion) VALUES (5,5,5,204,10);
INSERT INTO evaluar(id_empleado,id_curso,id_programa_curso,id_cliente,calificacion) VALUES (6,6,6,205,8);
INSERT INTO evaluar(id_empleado,id_curso,id_programa_curso,id_cliente,calificacion) VALUES (7,7,7,206,10);
INSERT INTO evaluar(id_empleado,id_curso,id_programa_curso,id_cliente,calificacion) VALUES (8,8,8,207,10);
INSERT INTO evaluar(id_empleado,id_curso,id_programa_curso,id_cliente,calificacion) VALUES (9,9,9,208,9);
INSERT INTO evaluar(id_empleado,id_curso,id_programa_curso,id_cliente,calificacion) VALUES (10,10,10,209,8);
INSERT INTO evaluar(id_empleado,id_curso,id_programa_curso,id_cliente,calificacion) VALUES (11,11,11,210,9);
INSERT INTO evaluar(id_empleado,id_curso,id_programa_curso,id_cliente,calificacion) VALUES (12,12,12,211,8);
INSERT INTO evaluar(id_empleado,id_curso,id_programa_curso,id_cliente,calificacion) VALUES (13,13,13,212,10);
INSERT INTO evaluar(id_empleado,id_curso,id_programa_curso,id_cliente,calificacion) VALUES (14,14,14,213,8);
INSERT INTO evaluar(id_empleado,id_curso,id_programa_curso,id_cliente,calificacion) VALUES (15,15,15,214,8);
INSERT INTO evaluar(id_empleado,id_curso,id_programa_curso,id_cliente,calificacion) VALUES (16,16,16,215,8);
INSERT INTO evaluar(id_empleado,id_curso,id_programa_curso,id_cliente,calificacion) VALUES (17,17,17,216,8);
INSERT INTO evaluar(id_empleado,id_curso,id_programa_curso,id_cliente,calificacion) VALUES (18,18,18,217,8);
INSERT INTO evaluar(id_empleado,id_curso,id_programa_curso,id_cliente,calificacion) VALUES (19,19,19,218,9);
INSERT INTO evaluar(id_empleado,id_curso,id_programa_curso,id_cliente,calificacion) VALUES (20,20,20,219,10);
INSERT INTO evaluar(id_empleado,id_curso,id_programa_curso,id_cliente,calificacion) VALUES (21,21,21,220,8);
INSERT INTO evaluar(id_empleado,id_curso,id_programa_curso,id_cliente,calificacion) VALUES (22,22,22,221,10);
INSERT INTO evaluar(id_empleado,id_curso,id_programa_curso,id_cliente,calificacion) VALUES (23,23,23,222,10);
INSERT INTO evaluar(id_empleado,id_curso,id_programa_curso,id_cliente,calificacion) VALUES (24,24,24,223,9);
INSERT INTO evaluar(id_empleado,id_curso,id_programa_curso,id_cliente,calificacion) VALUES (25,25,25,224,8);


INSERT INTO impartir(id_empleado,id_curso,id_programa_curso,id_cliente) VALUES (26,1,1,200);
INSERT INTO impartir(id_empleado,id_curso,id_programa_curso,id_cliente) VALUES (27,2,2,201);
INSERT INTO impartir(id_empleado,id_curso,id_programa_curso,id_cliente) VALUES (28,3,3,202);
INSERT INTO impartir(id_empleado,id_curso,id_programa_curso,id_cliente) VALUES (29,4,4,203);
INSERT INTO impartir(id_empleado,id_curso,id_programa_curso,id_cliente) VALUES (30,5,5,204);
INSERT INTO impartir(id_empleado,id_curso,id_programa_curso,id_cliente) VALUES (31,6,6,205);
INSERT INTO impartir(id_empleado,id_curso,id_programa_curso,id_cliente) VALUES (32,7,7,206);
INSERT INTO impartir(id_empleado,id_curso,id_programa_curso,id_cliente) VALUES (33,8,8,207);
INSERT INTO impartir(id_empleado,id_curso,id_programa_curso,id_cliente) VALUES (34,9,9,208);
INSERT INTO impartir(id_empleado,id_curso,id_programa_curso,id_cliente) VALUES (35,10,10,209);
INSERT INTO impartir(id_empleado,id_curso,id_programa_curso,id_cliente) VALUES (36,11,11,210);
INSERT INTO impartir(id_empleado,id_curso,id_programa_curso,id_cliente) VALUES (37,12,12,211);
INSERT INTO impartir(id_empleado,id_curso,id_programa_curso,id_cliente) VALUES (38,13,13,212);
INSERT INTO impartir(id_empleado,id_curso,id_programa_curso,id_cliente) VALUES (39,14,14,213);
INSERT INTO impartir(id_empleado,id_curso,id_programa_curso,id_cliente) VALUES (40,15,15,214);
INSERT INTO impartir(id_empleado,id_curso,id_programa_curso,id_cliente) VALUES (41,16,16,215);
INSERT INTO impartir(id_empleado,id_curso,id_programa_curso,id_cliente) VALUES (42,17,17,216);
INSERT INTO impartir(id_empleado,id_curso,id_programa_curso,id_cliente) VALUES (43,18,18,217);
INSERT INTO impartir(id_empleado,id_curso,id_programa_curso,id_cliente) VALUES (44,19,19,218);
INSERT INTO impartir(id_empleado,id_curso,id_programa_curso,id_cliente) VALUES (45,20,20,219);
INSERT INTO impartir(id_empleado,id_curso,id_programa_curso,id_cliente) VALUES (46,21,21,220);
INSERT INTO impartir(id_empleado,id_curso,id_programa_curso,id_cliente) VALUES (47,22,22,221);
INSERT INTO impartir(id_empleado,id_curso,id_programa_curso,id_cliente) VALUES (48,23,23,222);
INSERT INTO impartir(id_empleado,id_curso,id_programa_curso,id_cliente) VALUES (49,24,24,223);
INSERT INTO impartir(id_empleado,id_curso,id_programa_curso,id_cliente) VALUES (50,25,25,224);
INSERT INTO impartir(id_empleado,id_curso,id_programa_curso,id_cliente) VALUES (26,26,26,225);
INSERT INTO impartir(id_empleado,id_curso,id_programa_curso,id_cliente) VALUES (27,27,27,226);
INSERT INTO impartir(id_empleado,id_curso,id_programa_curso,id_cliente) VALUES (28,28,28,227);
INSERT INTO impartir(id_empleado,id_curso,id_programa_curso,id_cliente) VALUES (29,29,29,228);
INSERT INTO impartir(id_empleado,id_curso,id_programa_curso,id_cliente) VALUES (30,30,30,229);
INSERT INTO impartir(id_empleado,id_curso,id_programa_curso,id_cliente) VALUES (31,31,31,230);
INSERT INTO impartir(id_empleado,id_curso,id_programa_curso,id_cliente) VALUES (32,32,32,231);
INSERT INTO impartir(id_empleado,id_curso,id_programa_curso,id_cliente) VALUES (33,33,33,232);
INSERT INTO impartir(id_empleado,id_curso,id_programa_curso,id_cliente) VALUES (34,34,34,233);
INSERT INTO impartir(id_empleado,id_curso,id_programa_curso,id_cliente) VALUES (35,35,35,234);
INSERT INTO impartir(id_empleado,id_curso,id_programa_curso,id_cliente) VALUES (36,36,36,235);
INSERT INTO impartir(id_empleado,id_curso,id_programa_curso,id_cliente) VALUES (37,37,37,236);
INSERT INTO impartir(id_empleado,id_curso,id_programa_curso,id_cliente) VALUES (38,38,38,237);
INSERT INTO impartir(id_empleado,id_curso,id_programa_curso,id_cliente) VALUES (39,39,39,238);
INSERT INTO impartir(id_empleado,id_curso,id_programa_curso,id_cliente) VALUES (40,40,40,239);

INSERT INTO accesorio(id_accesorio,num_estacion,num_sala,num_piso,id_edificio,tipo) VALUES (1,1,1,1,1,'teclado');
INSERT INTO accesorio(id_accesorio,num_estacion,num_sala,num_piso,id_edificio,tipo) VALUES (2,2,2,2,2,'mouse');
INSERT INTO accesorio(id_accesorio,num_estacion,num_sala,num_piso,id_edificio,tipo) VALUES (3,3,3,3,3,'teclado');
INSERT INTO accesorio(id_accesorio,num_estacion,num_sala,num_piso,id_edificio,tipo) VALUES (4,4,4,4,4,'headset');
INSERT INTO accesorio(id_accesorio,num_estacion,num_sala,num_piso,id_edificio,tipo) VALUES (5,5,5,5,5,'headset');
INSERT INTO accesorio(id_accesorio,num_estacion,num_sala,num_piso,id_edificio,tipo) VALUES (6,6,6,6,1,'headset');
INSERT INTO accesorio(id_accesorio,num_estacion,num_sala,num_piso,id_edificio,tipo) VALUES (7,7,7,7,2,'mouse');
INSERT INTO accesorio(id_accesorio,num_estacion,num_sala,num_piso,id_edificio,tipo) VALUES (8,8,8,8,3,'teclado');
INSERT INTO accesorio(id_accesorio,num_estacion,num_sala,num_piso,id_edificio,tipo) VALUES (9,9,1,9,4,'teclado');
INSERT INTO accesorio(id_accesorio,num_estacion,num_sala,num_piso,id_edificio,tipo) VALUES (10,10,2,10,5,'mouse');
INSERT INTO accesorio(id_accesorio,num_estacion,num_sala,num_piso,id_edificio,tipo) VALUES (11,11,3,1,1,'headset');
INSERT INTO accesorio(id_accesorio,num_estacion,num_sala,num_piso,id_edificio,tipo) VALUES (12,12,4,2,2,'mouse');
INSERT INTO accesorio(id_accesorio,num_estacion,num_sala,num_piso,id_edificio,tipo) VALUES (13,13,5,3,3,'mouse');
INSERT INTO accesorio(id_accesorio,num_estacion,num_sala,num_piso,id_edificio,tipo) VALUES (14,14,6,4,4,'teclado');
INSERT INTO accesorio(id_accesorio,num_estacion,num_sala,num_piso,id_edificio,tipo) VALUES (15,15,7,5,5,'mouse');
INSERT INTO accesorio(id_accesorio,num_estacion,num_sala,num_piso,id_edificio,tipo) VALUES (16,16,8,6,1,'teclado');
INSERT INTO accesorio(id_accesorio,num_estacion,num_sala,num_piso,id_edificio,tipo) VALUES (17,17,1,7,2,'headset');
INSERT INTO accesorio(id_accesorio,num_estacion,num_sala,num_piso,id_edificio,tipo) VALUES (18,18,2,8,3,'headset');
INSERT INTO accesorio(id_accesorio,num_estacion,num_sala,num_piso,id_edificio,tipo) VALUES (19,19,3,9,4,'mouse');
INSERT INTO accesorio(id_accesorio,num_estacion,num_sala,num_piso,id_edificio,tipo) VALUES (20,20,4,10,5,'headset');
INSERT INTO accesorio(id_accesorio,num_estacion,num_sala,num_piso,id_edificio,tipo) VALUES (21,21,5,1,1,'teclado');
INSERT INTO accesorio(id_accesorio,num_estacion,num_sala,num_piso,id_edificio,tipo) VALUES (22,22,6,2,2,'mouse');
INSERT INTO accesorio(id_accesorio,num_estacion,num_sala,num_piso,id_edificio,tipo) VALUES (23,23,7,3,3,'headset');
INSERT INTO accesorio(id_accesorio,num_estacion,num_sala,num_piso,id_edificio,tipo) VALUES (24,24,8,4,4,'teclado');
INSERT INTO accesorio(id_accesorio,num_estacion,num_sala,num_piso,id_edificio,tipo) VALUES (25,25,1,5,5,'teclado');
INSERT INTO accesorio(id_accesorio,num_estacion,num_sala,num_piso,id_edificio,tipo) VALUES (26,26,2,6,1,'mouse');
INSERT INTO accesorio(id_accesorio,num_estacion,num_sala,num_piso,id_edificio,tipo) VALUES (27,27,3,7,2,'teclado');
INSERT INTO accesorio(id_accesorio,num_estacion,num_sala,num_piso,id_edificio,tipo) VALUES (28,28,4,8,3,'teclado');
INSERT INTO accesorio(id_accesorio,num_estacion,num_sala,num_piso,id_edificio,tipo) VALUES (29,29,5,9,4,'teclado');
INSERT INTO accesorio(id_accesorio,num_estacion,num_sala,num_piso,id_edificio,tipo) VALUES (30,30,6,10,5,'teclado');
INSERT INTO accesorio(id_accesorio,num_estacion,num_sala,num_piso,id_edificio,tipo) VALUES (31,31,7,1,1,'headset');
INSERT INTO accesorio(id_accesorio,num_estacion,num_sala,num_piso,id_edificio,tipo) VALUES (32,32,8,2,2,'teclado');
INSERT INTO accesorio(id_accesorio,num_estacion,num_sala,num_piso,id_edificio,tipo) VALUES (33,33,1,3,3,'teclado');
INSERT INTO accesorio(id_accesorio,num_estacion,num_sala,num_piso,id_edificio,tipo) VALUES (34,34,2,4,4,'headset');
INSERT INTO accesorio(id_accesorio,num_estacion,num_sala,num_piso,id_edificio,tipo) VALUES (35,35,3,5,5,'teclado');
INSERT INTO accesorio(id_accesorio,num_estacion,num_sala,num_piso,id_edificio,tipo) VALUES (36,36,4,6,1,'headset');
INSERT INTO accesorio(id_accesorio,num_estacion,num_sala,num_piso,id_edificio,tipo) VALUES (37,37,5,7,2,'teclado');
INSERT INTO accesorio(id_accesorio,num_estacion,num_sala,num_piso,id_edificio,tipo) VALUES (38,38,6,8,3,'mouse');
INSERT INTO accesorio(id_accesorio,num_estacion,num_sala,num_piso,id_edificio,tipo) VALUES (39,39,7,9,4,'mouse');
INSERT INTO accesorio(id_accesorio,num_estacion,num_sala,num_piso,id_edificio,tipo) VALUES (40,40,8,10,5,'mouse');
INSERT INTO accesorio(id_accesorio,num_estacion,num_sala,num_piso,id_edificio,tipo) VALUES (41,41,1,1,1,'headset');
INSERT INTO accesorio(id_accesorio,num_estacion,num_sala,num_piso,id_edificio,tipo) VALUES (42,42,2,2,2,'teclado');
INSERT INTO accesorio(id_accesorio,num_estacion,num_sala,num_piso,id_edificio,tipo) VALUES (43,43,3,3,3,'headset');
INSERT INTO accesorio(id_accesorio,num_estacion,num_sala,num_piso,id_edificio,tipo) VALUES (44,44,4,4,4,'mouse');
INSERT INTO accesorio(id_accesorio,num_estacion,num_sala,num_piso,id_edificio,tipo) VALUES (45,45,5,5,5,'teclado');
INSERT INTO accesorio(id_accesorio,num_estacion,num_sala,num_piso,id_edificio,tipo) VALUES (46,46,6,6,1,'headset');
INSERT INTO accesorio(id_accesorio,num_estacion,num_sala,num_piso,id_edificio,tipo) VALUES (47,47,7,7,2,'headset');
INSERT INTO accesorio(id_accesorio,num_estacion,num_sala,num_piso,id_edificio,tipo) VALUES (48,48,8,8,3,'teclado');
INSERT INTO accesorio(id_accesorio,num_estacion,num_sala,num_piso,id_edificio,tipo) VALUES (49,49,1,9,4,'headset');
INSERT INTO accesorio(id_accesorio,num_estacion,num_sala,num_piso,id_edificio,tipo) VALUES (50,50,2,10,5,'mouse');
INSERT INTO accesorio(id_accesorio,num_estacion,num_sala,num_piso,id_edificio,tipo) VALUES (51,51,3,1,1,'mouse');
INSERT INTO accesorio(id_accesorio,num_estacion,num_sala,num_piso,id_edificio,tipo) VALUES (52,52,4,2,2,'headset');
INSERT INTO accesorio(id_accesorio,num_estacion,num_sala,num_piso,id_edificio,tipo) VALUES (53,53,5,3,3,'headset');
INSERT INTO accesorio(id_accesorio,num_estacion,num_sala,num_piso,id_edificio,tipo) VALUES (54,54,6,4,4,'headset');
INSERT INTO accesorio(id_accesorio,num_estacion,num_sala,num_piso,id_edificio,tipo) VALUES (55,55,7,5,5,'teclado');
INSERT INTO accesorio(id_accesorio,num_estacion,num_sala,num_piso,id_edificio,tipo) VALUES (56,56,8,6,1,'teclado');
INSERT INTO accesorio(id_accesorio,num_estacion,num_sala,num_piso,id_edificio,tipo) VALUES (57,57,1,7,2,'headset');
INSERT INTO accesorio(id_accesorio,num_estacion,num_sala,num_piso,id_edificio,tipo) VALUES (58,58,2,8,3,'mouse');
INSERT INTO accesorio(id_accesorio,num_estacion,num_sala,num_piso,id_edificio,tipo) VALUES (59,59,3,9,4,'teclado');
INSERT INTO accesorio(id_accesorio,num_estacion,num_sala,num_piso,id_edificio,tipo) VALUES (60,60,4,10,5,'teclado');
INSERT INTO accesorio(id_accesorio,num_estacion,num_sala,num_piso,id_edificio,tipo) VALUES (61,61,5,1,1,'teclado');
INSERT INTO accesorio(id_accesorio,num_estacion,num_sala,num_piso,id_edificio,tipo) VALUES (62,62,6,2,2,'mouse');
INSERT INTO accesorio(id_accesorio,num_estacion,num_sala,num_piso,id_edificio,tipo) VALUES (63,63,7,3,3,'headset');
INSERT INTO accesorio(id_accesorio,num_estacion,num_sala,num_piso,id_edificio,tipo) VALUES (64,64,8,4,4,'teclado');
INSERT INTO accesorio(id_accesorio,num_estacion,num_sala,num_piso,id_edificio,tipo) VALUES (65,65,1,5,5,'headset');
INSERT INTO accesorio(id_accesorio,num_estacion,num_sala,num_piso,id_edificio,tipo) VALUES (66,66,2,6,1,'mouse');
INSERT INTO accesorio(id_accesorio,num_estacion,num_sala,num_piso,id_edificio,tipo) VALUES (67,67,3,7,2,'mouse');
INSERT INTO accesorio(id_accesorio,num_estacion,num_sala,num_piso,id_edificio,tipo) VALUES (68,68,4,8,3,'teclado');
INSERT INTO accesorio(id_accesorio,num_estacion,num_sala,num_piso,id_edificio,tipo) VALUES (69,69,5,9,4,'headset');
INSERT INTO accesorio(id_accesorio,num_estacion,num_sala,num_piso,id_edificio,tipo) VALUES (70,70,6,10,5,'headset');
INSERT INTO accesorio(id_accesorio,num_estacion,num_sala,num_piso,id_edificio,tipo) VALUES (71,1,1,1,1,'mouse');
INSERT INTO accesorio(id_accesorio,num_estacion,num_sala,num_piso,id_edificio,tipo) VALUES (72,2,2,2,2,'mouse');
INSERT INTO accesorio(id_accesorio,num_estacion,num_sala,num_piso,id_edificio,tipo) VALUES (73,3,3,3,3,'mouse');
INSERT INTO accesorio(id_accesorio,num_estacion,num_sala,num_piso,id_edificio,tipo) VALUES (74,4,4,4,4,'headset');
INSERT INTO accesorio(id_accesorio,num_estacion,num_sala,num_piso,id_edificio,tipo) VALUES (75,5,5,5,5,'headset');
INSERT INTO accesorio(id_accesorio,num_estacion,num_sala,num_piso,id_edificio,tipo) VALUES (76,6,6,6,1,'mouse');
INSERT INTO accesorio(id_accesorio,num_estacion,num_sala,num_piso,id_edificio,tipo) VALUES (77,7,7,7,2,'mouse');
INSERT INTO accesorio(id_accesorio,num_estacion,num_sala,num_piso,id_edificio,tipo) VALUES (78,8,8,8,3,'mouse');
INSERT INTO accesorio(id_accesorio,num_estacion,num_sala,num_piso,id_edificio,tipo) VALUES (79,9,1,9,4,'teclado');
INSERT INTO accesorio(id_accesorio,num_estacion,num_sala,num_piso,id_edificio,tipo) VALUES (80,10,2,10,5,'mouse');

INSERT INTO reservacion_operaciones(id_reservacion_operaciones,num_sala,num_piso,id_edificio,sistema_operativo) VALUES (1,1,1,1,'Windows');
INSERT INTO reservacion_operaciones(id_reservacion_operaciones,num_sala,num_piso,id_edificio,sistema_operativo) VALUES (2,1,2,2,'Linux');
INSERT INTO reservacion_operaciones(id_reservacion_operaciones,num_sala,num_piso,id_edificio,sistema_operativo) VALUES (3,1,3,3,'Linux');
INSERT INTO reservacion_operaciones(id_reservacion_operaciones,num_sala,num_piso,id_edificio,sistema_operativo) VALUES (4,1,4,4,'Windows');
INSERT INTO reservacion_operaciones(id_reservacion_operaciones,num_sala,num_piso,id_edificio,sistema_operativo) VALUES (5,1,5,5,'Linux');
INSERT INTO reservacion_operaciones(id_reservacion_operaciones,num_sala,num_piso,id_edificio,sistema_operativo) VALUES (6,1,6,1,'Windows');
INSERT INTO reservacion_operaciones(id_reservacion_operaciones,num_sala,num_piso,id_edificio,sistema_operativo) VALUES (7,1,7,2,'Windows');
INSERT INTO reservacion_operaciones(id_reservacion_operaciones,num_sala,num_piso,id_edificio,sistema_operativo) VALUES (8,1,8,3,'Linux');
INSERT INTO reservacion_operaciones(id_reservacion_operaciones,num_sala,num_piso,id_edificio,sistema_operativo) VALUES (9,1,9,4,'Linux');
INSERT INTO reservacion_operaciones(id_reservacion_operaciones,num_sala,num_piso,id_edificio,sistema_operativo) VALUES (10,1,10,5,'Windows');
INSERT INTO reservacion_operaciones(id_reservacion_operaciones,num_sala,num_piso,id_edificio,sistema_operativo) VALUES (11,2,1,1,'Windows');
INSERT INTO reservacion_operaciones(id_reservacion_operaciones,num_sala,num_piso,id_edificio,sistema_operativo) VALUES (12,2,2,2,'Windows');
INSERT INTO reservacion_operaciones(id_reservacion_operaciones,num_sala,num_piso,id_edificio,sistema_operativo) VALUES (13,2,3,3,'Linux');
INSERT INTO reservacion_operaciones(id_reservacion_operaciones,num_sala,num_piso,id_edificio,sistema_operativo) VALUES (14,2,4,4,'Linux');
INSERT INTO reservacion_operaciones(id_reservacion_operaciones,num_sala,num_piso,id_edificio,sistema_operativo) VALUES (15,2,5,5,'Linux');
INSERT INTO reservacion_operaciones(id_reservacion_operaciones,num_sala,num_piso,id_edificio,sistema_operativo) VALUES (16,2,6,1,'Linux');
INSERT INTO reservacion_operaciones(id_reservacion_operaciones,num_sala,num_piso,id_edificio,sistema_operativo) VALUES (17,2,7,2,'Linux');
INSERT INTO reservacion_operaciones(id_reservacion_operaciones,num_sala,num_piso,id_edificio,sistema_operativo) VALUES (18,2,8,3,'Windows');
INSERT INTO reservacion_operaciones(id_reservacion_operaciones,num_sala,num_piso,id_edificio,sistema_operativo) VALUES (19,2,9,4,'Linux');
INSERT INTO reservacion_operaciones(id_reservacion_operaciones,num_sala,num_piso,id_edificio,sistema_operativo) VALUES (20,2,10,5,'Windows');
INSERT INTO reservacion_operaciones(id_reservacion_operaciones,num_sala,num_piso,id_edificio,sistema_operativo) VALUES (21,3,1,1,'Linux');
INSERT INTO reservacion_operaciones(id_reservacion_operaciones,num_sala,num_piso,id_edificio,sistema_operativo) VALUES (22,3,2,2,'Windows');
INSERT INTO reservacion_operaciones(id_reservacion_operaciones,num_sala,num_piso,id_edificio,sistema_operativo) VALUES (23,3,3,3,'Linux');
INSERT INTO reservacion_operaciones(id_reservacion_operaciones,num_sala,num_piso,id_edificio,sistema_operativo) VALUES (24,3,4,4,'Linux');
INSERT INTO reservacion_operaciones(id_reservacion_operaciones,num_sala,num_piso,id_edificio,sistema_operativo) VALUES (25,3,5,5,'Linux');
INSERT INTO reservacion_operaciones(id_reservacion_operaciones,num_sala,num_piso,id_edificio,sistema_operativo) VALUES (26,3,6,1,'Windows');
INSERT INTO reservacion_operaciones(id_reservacion_operaciones,num_sala,num_piso,id_edificio,sistema_operativo) VALUES (27,3,7,2,'Windows');
INSERT INTO reservacion_operaciones(id_reservacion_operaciones,num_sala,num_piso,id_edificio,sistema_operativo) VALUES (28,3,8,3,'Windows');
INSERT INTO reservacion_operaciones(id_reservacion_operaciones,num_sala,num_piso,id_edificio,sistema_operativo) VALUES (29,3,9,4,'Windows');
INSERT INTO reservacion_operaciones(id_reservacion_operaciones,num_sala,num_piso,id_edificio,sistema_operativo) VALUES (30,3,10,5,'Linux');

INSERT INTO fecha_reservacion_operaciones(id_reservacion_operaciones,num_sala,num_piso,id_edificio,fecha) VALUES (1,1,1,1,'2022-02-21');
INSERT INTO fecha_reservacion_operaciones(id_reservacion_operaciones,num_sala,num_piso,id_edificio,fecha) VALUES (2,1,2,2,'2022-08-15');
INSERT INTO fecha_reservacion_operaciones(id_reservacion_operaciones,num_sala,num_piso,id_edificio,fecha) VALUES (3,1,3,3,'2022-09-19');
INSERT INTO fecha_reservacion_operaciones(id_reservacion_operaciones,num_sala,num_piso,id_edificio,fecha) VALUES (4,1,4,4,'2022-05-23');
INSERT INTO fecha_reservacion_operaciones(id_reservacion_operaciones,num_sala,num_piso,id_edificio,fecha) VALUES (5,1,5,5,'2022-03-25');
INSERT INTO fecha_reservacion_operaciones(id_reservacion_operaciones,num_sala,num_piso,id_edificio,fecha) VALUES (6,1,6,1,'2022-06-05');
INSERT INTO fecha_reservacion_operaciones(id_reservacion_operaciones,num_sala,num_piso,id_edificio,fecha) VALUES (7,1,7,2,'2022-02-04');
INSERT INTO fecha_reservacion_operaciones(id_reservacion_operaciones,num_sala,num_piso,id_edificio,fecha) VALUES (8,1,8,3,'2022-07-10');
INSERT INTO fecha_reservacion_operaciones(id_reservacion_operaciones,num_sala,num_piso,id_edificio,fecha) VALUES (9,1,9,4,'2022-08-31');
INSERT INTO fecha_reservacion_operaciones(id_reservacion_operaciones,num_sala,num_piso,id_edificio,fecha) VALUES (10,1,10,5,'2022-11-16');
INSERT INTO fecha_reservacion_operaciones(id_reservacion_operaciones,num_sala,num_piso,id_edificio,fecha) VALUES (11,2,1,1,'2022-10-02');
INSERT INTO fecha_reservacion_operaciones(id_reservacion_operaciones,num_sala,num_piso,id_edificio,fecha) VALUES (12,2,2,2,'2022-02-26');
INSERT INTO fecha_reservacion_operaciones(id_reservacion_operaciones,num_sala,num_piso,id_edificio,fecha) VALUES (13,2,3,3,'2022-03-19');
INSERT INTO fecha_reservacion_operaciones(id_reservacion_operaciones,num_sala,num_piso,id_edificio,fecha) VALUES (14,2,4,4,'2022-12-02');
INSERT INTO fecha_reservacion_operaciones(id_reservacion_operaciones,num_sala,num_piso,id_edificio,fecha) VALUES (15,2,5,5,'2022-03-12');
INSERT INTO fecha_reservacion_operaciones(id_reservacion_operaciones,num_sala,num_piso,id_edificio,fecha) VALUES (16,2,6,1,'2022-06-10');
INSERT INTO fecha_reservacion_operaciones(id_reservacion_operaciones,num_sala,num_piso,id_edificio,fecha) VALUES (17,2,7,2,'2022-09-21');
INSERT INTO fecha_reservacion_operaciones(id_reservacion_operaciones,num_sala,num_piso,id_edificio,fecha) VALUES (18,2,8,3,'2022-06-15');
INSERT INTO fecha_reservacion_operaciones(id_reservacion_operaciones,num_sala,num_piso,id_edificio,fecha) VALUES (19,2,9,4,'2022-09-10');
INSERT INTO fecha_reservacion_operaciones(id_reservacion_operaciones,num_sala,num_piso,id_edificio,fecha) VALUES (20,2,10,5,'2022-11-08');
INSERT INTO fecha_reservacion_operaciones(id_reservacion_operaciones,num_sala,num_piso,id_edificio,fecha) VALUES (21,3,1,1,'2022-04-27');
INSERT INTO fecha_reservacion_operaciones(id_reservacion_operaciones,num_sala,num_piso,id_edificio,fecha) VALUES (22,3,2,2,'2022-08-23');
INSERT INTO fecha_reservacion_operaciones(id_reservacion_operaciones,num_sala,num_piso,id_edificio,fecha) VALUES (23,3,3,3,'2022-05-09');
INSERT INTO fecha_reservacion_operaciones(id_reservacion_operaciones,num_sala,num_piso,id_edificio,fecha) VALUES (24,3,4,4,'2022-05-11');
INSERT INTO fecha_reservacion_operaciones(id_reservacion_operaciones,num_sala,num_piso,id_edificio,fecha) VALUES (25,3,5,5,'2022-06-18');
INSERT INTO fecha_reservacion_operaciones(id_reservacion_operaciones,num_sala,num_piso,id_edificio,fecha) VALUES (26,3,6,1,'2022-05-12');
INSERT INTO fecha_reservacion_operaciones(id_reservacion_operaciones,num_sala,num_piso,id_edificio,fecha) VALUES (27,3,7,2,'2022-08-10');
INSERT INTO fecha_reservacion_operaciones(id_reservacion_operaciones,num_sala,num_piso,id_edificio,fecha) VALUES (28,3,8,3,'2022-11-18');
INSERT INTO fecha_reservacion_operaciones(id_reservacion_operaciones,num_sala,num_piso,id_edificio,fecha) VALUES (29,3,9,4,'2022-04-24');
INSERT INTO fecha_reservacion_operaciones(id_reservacion_operaciones,num_sala,num_piso,id_edificio,fecha) VALUES (30,3,10,5,'2022-11-17');
INSERT INTO fecha_reservacion_operaciones(id_reservacion_operaciones,num_sala,num_piso,id_edificio,fecha) VALUES (1,1,1,1,'2022-09-07');
INSERT INTO fecha_reservacion_operaciones(id_reservacion_operaciones,num_sala,num_piso,id_edificio,fecha) VALUES (2,1,2,2,'2022-05-05');
INSERT INTO fecha_reservacion_operaciones(id_reservacion_operaciones,num_sala,num_piso,id_edificio,fecha) VALUES (3,1,3,3,'2022-10-30');
INSERT INTO fecha_reservacion_operaciones(id_reservacion_operaciones,num_sala,num_piso,id_edificio,fecha) VALUES (4,1,4,4,'2022-07-16');
INSERT INTO fecha_reservacion_operaciones(id_reservacion_operaciones,num_sala,num_piso,id_edificio,fecha) VALUES (5,1,5,5,'2022-10-16');
INSERT INTO fecha_reservacion_operaciones(id_reservacion_operaciones,num_sala,num_piso,id_edificio,fecha) VALUES (6,1,6,1,'2022-08-14');
INSERT INTO fecha_reservacion_operaciones(id_reservacion_operaciones,num_sala,num_piso,id_edificio,fecha) VALUES (7,1,7,2,'2022-05-05');
INSERT INTO fecha_reservacion_operaciones(id_reservacion_operaciones,num_sala,num_piso,id_edificio,fecha) VALUES (8,1,8,3,'2022-09-28');
INSERT INTO fecha_reservacion_operaciones(id_reservacion_operaciones,num_sala,num_piso,id_edificio,fecha) VALUES (9,1,9,4,'2022-10-06');
INSERT INTO fecha_reservacion_operaciones(id_reservacion_operaciones,num_sala,num_piso,id_edificio,fecha) VALUES (10,1,10,5,'2022-03-29');

INSERT INTO requerir(id_reservacion_operaciones,num_sala,num_piso,id_edificio,id_programa_curso,id_cliente) VALUES (1,1,1,1,1,200);
INSERT INTO requerir(id_reservacion_operaciones,num_sala,num_piso,id_edificio,id_programa_curso,id_cliente) VALUES (2,1,2,2,2,201);
INSERT INTO requerir(id_reservacion_operaciones,num_sala,num_piso,id_edificio,id_programa_curso,id_cliente) VALUES (3,1,3,3,3,202);
INSERT INTO requerir(id_reservacion_operaciones,num_sala,num_piso,id_edificio,id_programa_curso,id_cliente) VALUES (4,1,4,4,4,203);
INSERT INTO requerir(id_reservacion_operaciones,num_sala,num_piso,id_edificio,id_programa_curso,id_cliente) VALUES (5,1,5,5,5,204);
INSERT INTO requerir(id_reservacion_operaciones,num_sala,num_piso,id_edificio,id_programa_curso,id_cliente) VALUES (6,1,6,1,6,205);
INSERT INTO requerir(id_reservacion_operaciones,num_sala,num_piso,id_edificio,id_programa_curso,id_cliente) VALUES (7,1,7,2,7,206);
INSERT INTO requerir(id_reservacion_operaciones,num_sala,num_piso,id_edificio,id_programa_curso,id_cliente) VALUES (8,1,8,3,8,207);
INSERT INTO requerir(id_reservacion_operaciones,num_sala,num_piso,id_edificio,id_programa_curso,id_cliente) VALUES (9,1,9,4,9,208);
INSERT INTO requerir(id_reservacion_operaciones,num_sala,num_piso,id_edificio,id_programa_curso,id_cliente) VALUES (10,1,10,5,10,209);
INSERT INTO requerir(id_reservacion_operaciones,num_sala,num_piso,id_edificio,id_programa_curso,id_cliente) VALUES (11,2,1,1,11,210);
INSERT INTO requerir(id_reservacion_operaciones,num_sala,num_piso,id_edificio,id_programa_curso,id_cliente) VALUES (12,2,2,2,12,211);
INSERT INTO requerir(id_reservacion_operaciones,num_sala,num_piso,id_edificio,id_programa_curso,id_cliente) VALUES (13,2,3,3,13,212);
INSERT INTO requerir(id_reservacion_operaciones,num_sala,num_piso,id_edificio,id_programa_curso,id_cliente) VALUES (14,2,4,4,14,213);
INSERT INTO requerir(id_reservacion_operaciones,num_sala,num_piso,id_edificio,id_programa_curso,id_cliente) VALUES (15,2,5,5,15,214);
INSERT INTO requerir(id_reservacion_operaciones,num_sala,num_piso,id_edificio,id_programa_curso,id_cliente) VALUES (16,2,6,1,16,215);
INSERT INTO requerir(id_reservacion_operaciones,num_sala,num_piso,id_edificio,id_programa_curso,id_cliente) VALUES (17,2,7,2,17,216);
INSERT INTO requerir(id_reservacion_operaciones,num_sala,num_piso,id_edificio,id_programa_curso,id_cliente) VALUES (18,2,8,3,18,217);
INSERT INTO requerir(id_reservacion_operaciones,num_sala,num_piso,id_edificio,id_programa_curso,id_cliente) VALUES (19,2,9,4,19,218);
INSERT INTO requerir(id_reservacion_operaciones,num_sala,num_piso,id_edificio,id_programa_curso,id_cliente) VALUES (20,2,10,5,20,219);
INSERT INTO requerir(id_reservacion_operaciones,num_sala,num_piso,id_edificio,id_programa_curso,id_cliente) VALUES (21,3,1,1,21,220);
INSERT INTO requerir(id_reservacion_operaciones,num_sala,num_piso,id_edificio,id_programa_curso,id_cliente) VALUES (22,3,2,2,22,221);
INSERT INTO requerir(id_reservacion_operaciones,num_sala,num_piso,id_edificio,id_programa_curso,id_cliente) VALUES (23,3,3,3,23,222);
INSERT INTO requerir(id_reservacion_operaciones,num_sala,num_piso,id_edificio,id_programa_curso,id_cliente) VALUES (24,3,4,4,24,223);
INSERT INTO requerir(id_reservacion_operaciones,num_sala,num_piso,id_edificio,id_programa_curso,id_cliente) VALUES (25,3,5,5,25,224);
INSERT INTO requerir(id_reservacion_operaciones,num_sala,num_piso,id_edificio,id_programa_curso,id_cliente) VALUES (26,3,6,1,26,225);
INSERT INTO requerir(id_reservacion_operaciones,num_sala,num_piso,id_edificio,id_programa_curso,id_cliente) VALUES (27,3,7,2,27,226);
INSERT INTO requerir(id_reservacion_operaciones,num_sala,num_piso,id_edificio,id_programa_curso,id_cliente) VALUES (28,3,8,3,28,227);
INSERT INTO requerir(id_reservacion_operaciones,num_sala,num_piso,id_edificio,id_programa_curso,id_cliente) VALUES (29,3,9,4,29,228);
INSERT INTO requerir(id_reservacion_operaciones,num_sala,num_piso,id_edificio,id_programa_curso,id_cliente) VALUES (30,3,10,5,30,229);
